{
  "k1": 4.639387003043728e-10,
  "Ki": 1.3661583008262102e-06,
  "V2f": 2.0353744726447956e-05,
  "K2s": 1.051375363164776e-05,
  "V2r": 2.3167718615514393e-07,
  "K2p": 1.6533836277409998e-06,
  "V3f": 0.0007243490520550513,
  "K3s": 2.909981180477998e-06,
  "V3r": 1.615815732260099e-05,
  "K3p": 1.6356144486234602e-05,
  "V4f": 0.03401326369735537,
  "K4s": 4.5516088308617034e-05,
  "V4r": 8.59035926077599e-06,
  "K4p": 0.0005523174229161426,
  "V5f": 0.0006379061284169577,
  "K5s": 1.7438374421010267e-05,
  "V5r": 3.5006338739847686e-07,
  "K5p": 9.871317944732e-06,
  "k_drain": 2.68771000298786e-07
}