{
  "k1": 1.2031501903002954e-05,
  "Ki": 4.982212316792713,
  "V2f": 0.5619433265335971,
  "K2s": 0.11704781583309036,
  "V2r": 0.2670025944715407,
  "K2p": 0.11636037039999843,
  "V3f": 0.33667806336381956,
  "K3s": 0.11184708095238824,
  "V3r": 0.21826737898019127,
  "K3p": 0.091222686061783,
  "V4f": 0.26741812570422197,
  "K4s": 0.07018184445734668,
  "V4r": 0.06639863008909463,
  "K4p": 0.07731630917857926,
  "V5f": 0.2347235543371807,
  "K5s": 0.0828481690477741,
  "V5r": 0.07661161806149773,
  "K5p": 0.07905986524059057,
  "k_drain": 0.1008770839590998
}