{
  "k1": 9.508722005880309e-06,
  "Ki": 5.632458093919393,
  "V2f": 0.5415468541850005,
  "K2s": 0.0989589341194534,
  "V2r": 0.2901746700914501,
  "K2p": 0.09877230998722088,
  "V3f": 0.35571292857196685,
  "K3s": 0.10020584506450914,
  "V3r": 0.18349770787566413,
  "K3p": 0.10799344213879342,
  "V4f": 0.30158404964644675,
  "K4s": 0.09868575269981648,
  "V4r": 0.10441908654640399,
  "K4p": 0.09434888446962618,
  "V5f": 0.1892871125707736,
  "K5s": 0.10381821920725531,
  "V5r": 0.0966372592468561,
  "K5p": 0.10454988472530252,
  "k_drain": 0.1075096211936105
}