{
  "k1": 2.736731650267708e-05,
  "Ki": 0.8087787705460942,
  "V2f": 0.0035067247990730297,
  "K2s": 0.03299274236952396,
  "V2r": 0.005180531012789216,
  "K2p": 0.07186906261302607,
  "V3f": 0.04662761274156083,
  "K3s": 0.3560680630960223,
  "V3r": 0.010606535461872598,
  "K3p": 0.1463593385919873,
  "V4f": 0.20607856917726808,
  "K4s": 0.0011847995443708538,
  "V4r": 0.0019530669974173647,
  "K4p": 0.15531926145676617,
  "V5f": 0.15253282624189296,
  "K5s": 0.039632739284994514,
  "V5r": 0.049298885398778164,
  "K5p": 0.27176501233945444,
  "k_drain": 0.3475300079743052
}