{
  "k1": 3.8846137287477034e-10,
  "Ki": 3.6091845598232585e-07,
  "V2f": 8.851587225444242e-06,
  "K2s": 1.94480677404381e-06,
  "V2r": 2.499561596874553e-08,
  "K2p": 3.7443694043483466e-06,
  "V3f": 0.0006692267166755801,
  "K3s": 1.1302943143506055e-06,
  "V3r": 3.6205174862151413e-06,
  "K3p": 0.00012917284410011632,
  "V4f": 0.0011787855189830528,
  "K4s": 1.6525310624173466e-05,
  "V4r": 3.419211813994906e-06,
  "K4p": 8.948980405363002e-05,
  "V5f": 0.00025603422387761993,
  "K5s": 1.6723158283786048e-06,
  "V5r": 2.2164212866046002e-08,
  "K5p": 5.905800037262018e-06,
  "k_drain": 5.044704141188654e-07
}