{
  "k1": 1.1148716851266195e-05,
  "Ki": 5.209225895290196,
  "V2f": 0.7346450919964287,
  "K2s": 0.11885492459228636,
  "V2r": 0.23872507199418927,
  "K2p": 0.0972644012003522,
  "V3f": 0.3372900879358462,
  "K3s": 0.09878219449671623,
  "V3r": 0.21395057694412306,
  "K3p": 0.11010361043578142,
  "V4f": 0.2941369085034028,
  "K4s": 0.0662336515578048,
  "V4r": 0.06806100202330596,
  "K4p": 0.09375112399626832,
  "V5f": 0.20080214080086264,
  "K5s": 0.08082403134522781,
  "V5r": 0.0800351385812141,
  "K5p": 0.07494427967395856,
  "k_drain": 0.09933081190538876
}