{
  "k1": 3.877523811733345e-15,
  "Ki": 1.0865871899202894e-08,
  "V2f": 1.1455529724143e-07,
  "K2s": 3.3520738260826004e-08,
  "V2r": 3.0868494115706282e-09,
  "K2p": 4.090396879428813e-06,
  "V3f": 3.9606432214464766e-05,
  "K3s": 6.943303192698835e-07,
  "V3r": 3.555055388269361e-08,
  "K3p": 1.2269329888964706e-08,
  "V4f": 0.00012381419213753522,
  "K4s": 7.19846856083314e-06,
  "V4r": 6.586530924896267e-06,
  "K4p": 3.1923510115521918e-06,
  "V5f": 3.8123564870613284e-05,
  "K5s": 2.86880830483794e-09,
  "V5r": 6.229159672570008e-11,
  "K5p": 4.706299165687162e-09,
  "k_drain": 5.4591921526448566e-09
}