{
  "k1": 1.1322958472483106e-05,
  "Ki": 4.475379984213587,
  "V2f": 0.6726659473811932,
  "K2s": 0.13488763287168748,
  "V2r": 0.24653026627925662,
  "K2p": 0.10376820102408926,
  "V3f": 0.2929623659860761,
  "K3s": 0.08600773417284814,
  "V3r": 0.2029491585153707,
  "K3p": 0.10516153321580325,
  "V4f": 0.39485575436644954,
  "K4s": 0.08335914525229812,
  "V4r": 0.07672711293744214,
  "K4p": 0.10115198773298394,
  "V5f": 0.2541377539956912,
  "K5s": 0.0963343472677842,
  "V5r": 0.05901050391172023,
  "K5p": 0.07956621619942071,
  "k_drain": 0.06841727864991319
}