{
  "k1": 1.4544950908421657e-05,
  "Ki": 5.825653356206165,
  "V2f": 0.8476199129992829,
  "K2s": 0.16361940393992158,
  "V2r": 0.2707826583892951,
  "K2p": 0.1353219822562273,
  "V3f": 0.36549944302118353,
  "K3s": 0.039809710497193354,
  "V3r": 0.27373784907156684,
  "K3p": 0.10918629319969027,
  "V4f": 0.40268766964020974,
  "K4s": 0.10950544739138209,
  "V4r": 0.0642961688769409,
  "K4p": 0.09716517900430123,
  "V5f": 0.21103017731896337,
  "K5s": 0.08004707350363842,
  "V5r": 0.04659813289020543,
  "K5p": 0.0688915106290055,
  "k_drain": 0.051647571386339124
}