{
  "k1": 1.142330133591172e-05,
  "Ki": 4.088735304742922,
  "V2f": 1.0018699077379545,
  "K2s": 0.13181747528746418,
  "V2r": 0.29058708107947356,
  "K2p": 0.1124220288132286,
  "V3f": 0.30158208411761783,
  "K3s": 0.05798370255668503,
  "V3r": 0.23660153254859276,
  "K3p": 0.08320287868000995,
  "V4f": 0.4562220575643424,
  "K4s": 0.07980182433253405,
  "V4r": 0.08614915852196206,
  "K4p": 0.10776141366693583,
  "V5f": 0.2210013348242828,
  "K5s": 0.09820650732266883,
  "V5r": 0.04637526226562868,
  "K5p": 0.06488346633419677,
  "k_drain": 0.05330533045822516
}