{
  "k1": 1.4199171153081614e-05,
  "Ki": 5.884461490707076,
  "V2f": 0.8523832592002794,
  "K2s": 0.16017574962094525,
  "V2r": 0.28328801569301776,
  "K2p": 0.15363673385600488,
  "V3f": 0.32197819820656054,
  "K3s": 0.040446399034103964,
  "V3r": 0.2639107145123332,
  "K3p": 0.10641551542372064,
  "V4f": 0.4146532785813652,
  "K4s": 0.10075064958574438,
  "V4r": 0.06941526422190776,
  "K4p": 0.09806956012854601,
  "V5f": 0.24000760434002863,
  "K5s": 0.08228113403084107,
  "V5r": 0.045948992841120535,
  "K5p": 0.0712673733379393,
  "k_drain": 0.053410666878977664
}