{
  "k1": 1.2290406477221515e-05,
  "Ki": 4.9058150094040025,
  "V2f": 0.48836012866135364,
  "K2s": 0.10823758471275066,
  "V2r": 0.27120870320671964,
  "K2p": 0.11259637359633592,
  "V3f": 0.32249257841252665,
  "K3s": 0.11385867538112336,
  "V3r": 0.21246306921405808,
  "K3p": 0.09431199725997941,
  "V4f": 0.3451332553689039,
  "K4s": 0.08763826939920275,
  "V4r": 0.07474805268142584,
  "K4p": 0.08531536612318662,
  "V5f": 0.24719107573077037,
  "K5s": 0.0922712010730381,
  "V5r": 0.07180240827447933,
  "K5p": 0.060430513691886074,
  "k_drain": 0.08918808084440401
}