{
  "k1": 6.879522773669408e-09,
  "Ki": 1.1224088381539289e-06,
  "V2f": 5.3311052274829456e-05,
  "K2s": 5.173711349766375e-06,
  "V2r": 8.851489246659917e-07,
  "K2p": 5.930474072691032e-05,
  "V3f": 0.01295843633988191,
  "K3s": 7.783873555515216e-05,
  "V3r": 6.879073558663523e-05,
  "K3p": 0.00011731916201656539,
  "V4f": 0.01366149056584828,
  "K4s": 0.0001044592756500182,
  "V4r": 2.7859491249915895e-06,
  "K4p": 0.0005124952420814165,
  "V5f": 0.00045243852465470845,
  "K5s": 0.010112580205457505,
  "V5r": 3.6633399228916677e-06,
  "K5p": 0.0015409533866482643,
  "k_drain": 6.79511430141744e-06
}