{
  "k1": 1.2016209021236947e-05,
  "Ki": 5.335316446364778,
  "V2f": 0.7488534677379683,
  "K2s": 0.12612270193791783,
  "V2r": 0.2673530490494976,
  "K2p": 0.09461163403462378,
  "V3f": 0.3601594669380007,
  "K3s": 0.09699160266861254,
  "V3r": 0.19999296937961433,
  "K3p": 0.11130517355268657,
  "V4f": 0.3153744454203395,
  "K4s": 0.06763676730298383,
  "V4r": 0.060968865292830875,
  "K4p": 0.09023316359063645,
  "V5f": 0.19133824167895036,
  "K5s": 0.07484798494812095,
  "V5r": 0.07345411684499535,
  "K5p": 0.0744159839718641,
  "k_drain": 0.0863638288186515
}