{
  "k1": 1.991403596075807e-11,
  "Ki": 5.050670462214525e-07,
  "V2f": 1.7674645878549862e-05,
  "K2s": 8.375603816055235e-07,
  "V2r": 4.0735913427267856e-09,
  "K2p": 2.0904552445089395e-05,
  "V3f": 0.0005169258658535698,
  "K3s": 1.4298309587149317e-06,
  "V3r": 1.832188768729718e-06,
  "K3p": 4.3344501821500956e-05,
  "V4f": 0.0041070947866611975,
  "K4s": 9.770374655876518e-06,
  "V4r": 3.651717904953708e-06,
  "K4p": 0.00015537663261820108,
  "V5f": 0.0005371251980030639,
  "K5s": 6.260571981762945e-07,
  "V5r": 2.2062902980651834e-08,
  "K5p": 1.1538406875063393e-06,
  "k_drain": 1.7559838827440655e-07
}