{
  "k1": 1.2437098675519964e-05,
  "Ki": 4.370677315941619,
  "V2f": 0.4677197182421821,
  "K2s": 0.11375701505466927,
  "V2r": 0.3181031036413969,
  "K2p": 0.10511507042903975,
  "V3f": 0.3142664411637694,
  "K3s": 0.1129296073642839,
  "V3r": 0.2295094899506862,
  "K3p": 0.11566593052280481,
  "V4f": 0.2978046029734119,
  "K4s": 0.09675689850105862,
  "V4r": 0.07606207801216336,
  "K4p": 0.09396943132069344,
  "V5f": 0.24511430950575036,
  "K5s": 0.10110292764104681,
  "V5r": 0.07404923181013806,
  "K5p": 0.067269402352792,
  "k_drain": 0.09739775696235609
}