{
  "k1": 1.7768027488446316e-08,
  "Ki": 1.1942687174598386e-05,
  "V2f": 0.00010830967113022944,
  "K2s": 4.472918663198997e-06,
  "V2r": 2.663071459767702e-06,
  "K2p": 6.659495224620751e-05,
  "V3f": 0.005583202181127111,
  "K3s": 0.00037298063917670974,
  "V3r": 3.606090707558583e-05,
  "K3p": 0.00030269302543544665,
  "V4f": 0.036146239445631764,
  "K4s": 0.0002927606468476758,
  "V4r": 1.327352418181892e-05,
  "K4p": 0.00024299173089372832,
  "V5f": 0.00157551487427258,
  "K5s": 0.0034396785559085738,
  "V5r": 7.78951258164606e-06,
  "K5p": 0.008508199275047888,
  "k_drain": 4.882907677003169e-05
}