{
  "k1": 1.1207546626077826e-05,
  "Ki": 5.398347781227811,
  "V2f": 0.730512950521078,
  "K2s": 0.11578502011400901,
  "V2r": 0.23736854980950725,
  "K2p": 0.10118555351004621,
  "V3f": 0.3391494057302102,
  "K3s": 0.09853343918049066,
  "V3r": 0.21341492084587071,
  "K3p": 0.10807395839791063,
  "V4f": 0.28778829277153595,
  "K4s": 0.06688162646605716,
  "V4r": 0.0674219953352249,
  "K4p": 0.09227428841467869,
  "V5f": 0.20084428624885411,
  "K5s": 0.0796443277089489,
  "V5r": 0.08026387065404238,
  "K5p": 0.0751033795718089,
  "k_drain": 0.09568850241647431
}