{
  "k1": 2.51861830083542e-10,
  "Ki": 2.0805236019926103e-07,
  "V2f": 7.177565359572598e-06,
  "K2s": 2.0787365735381727e-06,
  "V2r": 2.4431730163737567e-08,
  "K2p": 3.6283987260604507e-06,
  "V3f": 0.00089081535389211,
  "K3s": 1.2385560539752297e-06,
  "V3r": 5.247099551294291e-06,
  "K3p": 9.35220062857623e-05,
  "V4f": 0.0015253190863671474,
  "K4s": 1.4123668858821881e-05,
  "V4r": 3.949950762754045e-06,
  "K4p": 6.739057309805502e-05,
  "V5f": 0.00030733786429685487,
  "K5s": 1.9862994870385894e-06,
  "V5r": 1.5545696481858486e-08,
  "K5p": 4.9455794282705475e-06,
  "k_drain": 5.885803031881654e-07
}