{
  "k1": 1.0038715401171514e-05,
  "Ki": 5.442729639896953,
  "V2f": 1.077320210000812,
  "K2s": 0.1461097361091276,
  "V2r": 0.29294200754420996,
  "K2p": 0.14372341293620874,
  "V3f": 0.3210111037901084,
  "K3s": 0.058750639860471514,
  "V3r": 0.2477012410725669,
  "K3p": 0.07669468589327615,
  "V4f": 0.43253985243337145,
  "K4s": 0.08326378164174719,
  "V4r": 0.07181103905704833,
  "K4p": 0.09195079921432153,
  "V5f": 0.22545406594877546,
  "K5s": 0.0892150850273657,
  "V5r": 0.05009910266232734,
  "K5p": 0.06901382833253457,
  "k_drain": 0.05000737407557833
}