{
  "k1": 4.623632311901861e-15,
  "Ki": 1.2037485800904277e-08,
  "V2f": 1.6364503205152162e-07,
  "K2s": 1.1205979857610743e-07,
  "V2r": 1.0593424315198425e-08,
  "K2p": 3.824950597922971e-05,
  "V3f": 4.606533224939849e-05,
  "K3s": 2.851276352295026e-07,
  "V3r": 1.0253905848353481e-07,
  "K3p": 1.426144876335498e-07,
  "V4f": 0.0003664859696855975,
  "K4s": 1.0640435745778967e-05,
  "V4r": 1.5868378833328962e-05,
  "K4p": 8.549705886986135e-06,
  "V5f": 0.00015380727328485116,
  "K5s": 5.59037620843667e-09,
  "V5r": 1.1602252478356197e-10,
  "K5p": 1.0556332006013076e-08,
  "k_drain": 2.0708687609739946e-08
}