{
  "k1": 1.104643566172219e-05,
  "Ki": 4.211359853520865,
  "V2f": 0.7171966832158021,
  "K2s": 0.1255725848939147,
  "V2r": 0.2306300600355129,
  "K2p": 0.11319792769446378,
  "V3f": 0.2910536284895036,
  "K3s": 0.09442060670981219,
  "V3r": 0.18546870059139786,
  "K3p": 0.12215849391203805,
  "V4f": 0.39114559673197047,
  "K4s": 0.0772609773402662,
  "V4r": 0.06689601410098887,
  "K4p": 0.1031242976755187,
  "V5f": 0.24024644346738427,
  "K5s": 0.09715605682074795,
  "V5r": 0.06558656447289565,
  "K5p": 0.08023130661224148,
  "k_drain": 0.07088539291662084
}