{
  "k1": 1.1719298323853035e-05,
  "Ki": 4.982378804709787,
  "V2f": 0.7322030146642355,
  "K2s": 0.12205344124519697,
  "V2r": 0.25819613338826,
  "K2p": 0.09582633125541508,
  "V3f": 0.3771945727247411,
  "K3s": 0.10479573081781407,
  "V3r": 0.202181933649839,
  "K3p": 0.1170941314324677,
  "V4f": 0.3138458457115428,
  "K4s": 0.06853645956539008,
  "V4r": 0.06382864685664422,
  "K4p": 0.08815528083959674,
  "V5f": 0.18951599303140051,
  "K5s": 0.07597377310181627,
  "V5r": 0.06558131064194123,
  "K5p": 0.07701547810708126,
  "k_drain": 0.08455315906430395
}