{
  "k1": 7.727935937695037e-12,
  "Ki": 6.480296063205205e-07,
  "V2f": 4.0627168356875976e-05,
  "K2s": 3.915750333990083e-07,
  "V2r": 2.3116840682422534e-09,
  "K2p": 2.3973025078547802e-05,
  "V3f": 0.00042446896767078134,
  "K3s": 1.5650415114994887e-06,
  "V3r": 1.8816931953244936e-06,
  "K3p": 1.2356532573196672e-05,
  "V4f": 0.0010818205200323772,
  "K4s": 4.816554996810484e-06,
  "V4r": 1.1245313187313254e-06,
  "K4p": 9.521452202883794e-05,
  "V5f": 0.0015332368621294521,
  "K5s": 1.2420031683981384e-07,
  "V5r": 4.4045200700241905e-08,
  "K5p": 1.46495985233538e-06,
  "k_drain": 2.60612454710479e-07
}