{
  "k1": 8.997906859912483e-15,
  "Ki": 1.3744262702194897e-08,
  "V2f": 1.2707096341078296e-07,
  "K2s": 4.794430962534611e-08,
  "V2r": 1.457698494004387e-09,
  "K2p": 2.4421724820141633e-05,
  "V3f": 3.9027247921771767e-05,
  "K3s": 4.0168043088677426e-07,
  "V3r": 1.357092115219172e-07,
  "K3p": 2.8586672913077755e-08,
  "V4f": 0.00029221735620166603,
  "K4s": 6.985410412918377e-06,
  "V4r": 6.557899638675456e-06,
  "K4p": 1.400730316394716e-05,
  "V5f": 3.550179803934729e-05,
  "K5s": 3.45573790693755e-09,
  "V5r": 6.977155333913395e-11,
  "K5p": 5.2288762450385875e-09,
  "k_drain": 1.1333478206848825e-08
}