{
  "k1": 1.1125050560505116e-05,
  "Ki": 4.5821984894724395,
  "V2f": 0.7070244493151567,
  "K2s": 0.12724427266191574,
  "V2r": 0.2426209587421723,
  "K2p": 0.10583161107016217,
  "V3f": 0.2726779557955456,
  "K3s": 0.0908001509002956,
  "V3r": 0.1951814625339947,
  "K3p": 0.11646491566520181,
  "V4f": 0.3886499468818717,
  "K4s": 0.08234800820211662,
  "V4r": 0.07191136261068296,
  "K4p": 0.09746472504610214,
  "V5f": 0.2382370014042221,
  "K5s": 0.09895446889756064,
  "V5r": 0.06235031542792739,
  "K5p": 0.08132754288057677,
  "k_drain": 0.06944866311262364
}