{
  "k1": 1.169683799153984e-05,
  "Ki": 4.995305128814398,
  "V2f": 0.49093914380181314,
  "K2s": 0.10380787724630018,
  "V2r": 0.30203265944890945,
  "K2p": 0.11059146769394838,
  "V3f": 0.3222758192823036,
  "K3s": 0.11275646631550536,
  "V3r": 0.18031455030334104,
  "K3p": 0.0963636167461716,
  "V4f": 0.2850762153186625,
  "K4s": 0.10121087451733297,
  "V4r": 0.10926484598380683,
  "K4p": 0.09065883442313945,
  "V5f": 0.18815564359822545,
  "K5s": 0.11551125139786905,
  "V5r": 0.08338646960601132,
  "K5p": 0.1066803916329748,
  "k_drain": 0.11107619979843461
}