{
  "k1": 3.7531570270186965e-05,
  "Ki": 0.03621974562643301,
  "V2f": 0.00114794643462427,
  "K2s": 0.011923044488099166,
  "V2r": 0.00013585052426561266,
  "K2p": 0.03728646867972361,
  "V3f": 0.031687358685099476,
  "K3s": 0.012831313837138843,
  "V3r": 0.00264635563735729,
  "K3p": 0.0909649106833436,
  "V4f": 0.12814535185709236,
  "K4s": 0.002385829625361284,
  "V4r": 0.00034672049046955507,
  "K4p": 0.04201035541811343,
  "V5f": 0.010593932267110221,
  "K5s": 0.06769223517715078,
  "V5r": 0.04803734948367074,
  "K5p": 0.35096082691410946,
  "k_drain": 0.02604804376601916
}