{
  "k1": 1.4015019089975015e-05,
  "Ki": 5.572381861527603,
  "V2f": 0.8241820522375385,
  "K2s": 0.1648213904084051,
  "V2r": 0.2800492265506766,
  "K2p": 0.14956398950824548,
  "V3f": 0.3378495858638605,
  "K3s": 0.04085819175846715,
  "V3r": 0.2541691692512419,
  "K3p": 0.0904465458521673,
  "V4f": 0.4212515965242823,
  "K4s": 0.09078520808814267,
  "V4r": 0.0753518216914805,
  "K4p": 0.09001322696593891,
  "V5f": 0.25112148734342987,
  "K5s": 0.07963254937512312,
  "V5r": 0.046944034054131514,
  "K5p": 0.06852661061971281,
  "k_drain": 0.050874192715699665
}