{
  "k1": 1.3599617513589194e-05,
  "Ki": 4.660702033874318,
  "V2f": 0.7527968268595682,
  "K2s": 0.14740952119245926,
  "V2r": 0.233602057380325,
  "K2p": 0.10683309066587476,
  "V3f": 0.293118059162516,
  "K3s": 0.07858834049479194,
  "V3r": 0.2159904987599053,
  "K3p": 0.09788134187613758,
  "V4f": 0.4540377788335267,
  "K4s": 0.08477824912090348,
  "V4r": 0.07901133524239788,
  "K4p": 0.10393984931684078,
  "V5f": 0.23819794731172242,
  "K5s": 0.09829352237661397,
  "V5r": 0.056811282938567284,
  "K5p": 0.07385264171917612,
  "k_drain": 0.06830515766146981
}