{
  "k1": 1.4538626049066858e-05,
  "Ki": 5.485904774812117,
  "V2f": 0.9111935228617288,
  "K2s": 0.15254640621056995,
  "V2r": 0.20951263976243087,
  "K2p": 0.1334279847919111,
  "V3f": 0.37172785481060466,
  "K3s": 0.040205584634531,
  "V3r": 0.2961791073389926,
  "K3p": 0.1118975150061945,
  "V4f": 0.4159122531612623,
  "K4s": 0.10300845054581499,
  "V4r": 0.06393990526319766,
  "K4p": 0.1086567557403771,
  "V5f": 0.18736579248898502,
  "K5s": 0.06877706015339038,
  "V5r": 0.05690768406380954,
  "K5p": 0.06068052725443587,
  "k_drain": 0.05047093631266583
}