{
  "k1": 1.408229024161585e-05,
  "Ki": 5.693465146420653,
  "V2f": 0.8745788557475094,
  "K2s": 0.1821395600872875,
  "V2r": 0.22845290444173053,
  "K2p": 0.13025738395575817,
  "V3f": 0.35617562476812475,
  "K3s": 0.03704145258822518,
  "V3r": 0.2860012281667277,
  "K3p": 0.10975207112070512,
  "V4f": 0.3690067174997738,
  "K4s": 0.10475737170526836,
  "V4r": 0.06661048080812898,
  "K4p": 0.09461976789312233,
  "V5f": 0.18967350144363135,
  "K5s": 0.08429694345309911,
  "V5r": 0.05115170036712628,
  "K5p": 0.060103227017628935,
  "k_drain": 0.05164401464506962
}