{
  "k1": 1.3805142213376592e-05,
  "Ki": 5.950908996853058,
  "V2f": 0.8891713231798491,
  "K2s": 0.1736733348554358,
  "V2r": 0.2471671354751842,
  "K2p": 0.12990976930284712,
  "V3f": 0.3465473575534159,
  "K3s": 0.03808860711307413,
  "V3r": 0.2953846252986329,
  "K3p": 0.11533948647484817,
  "V4f": 0.4010822960346473,
  "K4s": 0.10455344858295658,
  "V4r": 0.06591597678993522,
  "K4p": 0.09366068895923846,
  "V5f": 0.18646519262060482,
  "K5s": 0.08424074488899211,
  "V5r": 0.049945168252153206,
  "K5p": 0.0590416099237608,
  "k_drain": 0.05031765805963496
}