{
  "k1": 1.2669199353807945e-05,
  "Ki": 4.793854225912176,
  "V2f": 0.7269798235178854,
  "K2s": 0.12419963562619434,
  "V2r": 0.23644200139317761,
  "K2p": 0.10211619536859652,
  "V3f": 0.33330869844802447,
  "K3s": 0.09240584056909046,
  "V3r": 0.1913797617031671,
  "K3p": 0.10940066190359157,
  "V4f": 0.34788843914819767,
  "K4s": 0.06773713745891156,
  "V4r": 0.05179842362637894,
  "K4p": 0.08924478088642514,
  "V5f": 0.1962131036417511,
  "K5s": 0.08535339742861858,
  "V5r": 0.06369374874924857,
  "K5p": 0.08721348521738112,
  "k_drain": 0.07457927080737756
}