{
  "k1": 2.0435324855403558e-14,
  "Ki": 2.8910957262801406e-07,
  "V2f": 1.7144050910405996e-06,
  "K2s": 5.215716261966883e-08,
  "V2r": 6.7028714139403815e-09,
  "K2p": 4.334269601283405e-05,
  "V3f": 0.0001320679433579173,
  "K3s": 2.6605737129656453e-07,
  "V3r": 1.6536512158134056e-06,
  "K3p": 1.4039472042073396e-06,
  "V4f": 0.0006841087433315674,
  "K4s": 5.546391778034186e-07,
  "V4r": 1.6995807179997958e-06,
  "K4p": 6.525682570468167e-06,
  "V5f": 0.0009370417036143452,
  "K5s": 1.1320427368718478e-07,
  "V5r": 1.1621648701715273e-09,
  "K5p": 8.331274123524368e-08,
  "k_drain": 2.5915141561028123e-08
}