{
  "k1": 1.3980266643716613e-05,
  "Ki": 5.804462536919591,
  "V2f": 0.9146964034746486,
  "K2s": 0.15107026704377105,
  "V2r": 0.22568486313911784,
  "K2p": 0.1333142393715511,
  "V3f": 0.3531505768411827,
  "K3s": 0.03457833579988812,
  "V3r": 0.3067635094742065,
  "K3p": 0.11355970661311555,
  "V4f": 0.3938866401329358,
  "K4s": 0.1021506860124892,
  "V4r": 0.06979753102475102,
  "K4p": 0.11041063620759756,
  "V5f": 0.20466349350544127,
  "K5s": 0.07263430080913975,
  "V5r": 0.05400241671057637,
  "K5p": 0.0604778572808057,
  "k_drain": 0.04654676812867892
}