{
  "k1": 1.4335341531921495e-05,
  "Ki": 5.867096311783449,
  "V2f": 0.8582095631757869,
  "K2s": 0.16799994946141542,
  "V2r": 0.2565776280419345,
  "K2p": 0.13110791551732898,
  "V3f": 0.3384151601241371,
  "K3s": 0.03768859813219678,
  "V3r": 0.299184177318066,
  "K3p": 0.12047992580678142,
  "V4f": 0.42325802560676135,
  "K4s": 0.10482579224364535,
  "V4r": 0.06469927209462217,
  "K4p": 0.09305855393345445,
  "V5f": 0.19041795759828745,
  "K5s": 0.08077751257123693,
  "V5r": 0.05250657955419737,
  "K5p": 0.062275142657915145,
  "k_drain": 0.050264394458558195
}