{
  "k1": 1.2521795912986418e-05,
  "Ki": 4.99119948569058,
  "V2f": 0.5616393742305658,
  "K2s": 0.12651265068193973,
  "V2r": 0.27173832850676255,
  "K2p": 0.11164208091458418,
  "V3f": 0.3271188159481925,
  "K3s": 0.1077851526876067,
  "V3r": 0.2083365529654976,
  "K3p": 0.09412768874759408,
  "V4f": 0.27427975259537235,
  "K4s": 0.0749291164045871,
  "V4r": 0.06666509719252404,
  "K4p": 0.07477820103662348,
  "V5f": 0.2364327790714521,
  "K5s": 0.08565207368099419,
  "V5r": 0.07372718581424312,
  "K5p": 0.07245259173770179,
  "k_drain": 0.09209578944409354
}