{
  "k1": 3.9077414954663483e-10,
  "Ki": 1.1449231319584097e-06,
  "V2f": 5.1487956643092207e-05,
  "K2s": 6.4423351099403196e-06,
  "V2r": 9.286521513014365e-08,
  "K2p": 2.714266386207045e-06,
  "V3f": 0.0007691043383488167,
  "K3s": 1.971180351766529e-06,
  "V3r": 1.2218704878238617e-05,
  "K3p": 1.5252442179340917e-05,
  "V4f": 0.012276066030123193,
  "K4s": 7.437203336423725e-05,
  "V4r": 2.165625722827602e-05,
  "K4p": 0.0009024594149446812,
  "V5f": 0.002380350318762274,
  "K5s": 4.157793390201295e-05,
  "V5r": 5.859040923170231e-07,
  "K5p": 1.0950237940325058e-05,
  "k_drain": 3.286267092774822e-07
}