{
  "k1": 1.28622300795305e-05,
  "Ki": 4.440460514202513,
  "V2f": 1.0476914875566194,
  "K2s": 0.13511795368034374,
  "V2r": 0.26522570801562084,
  "K2p": 0.11293159543921259,
  "V3f": 0.32121881712241174,
  "K3s": 0.06530045811693308,
  "V3r": 0.233996457453361,
  "K3p": 0.07911111741127089,
  "V4f": 0.45241640888110907,
  "K4s": 0.07740870790484786,
  "V4r": 0.08552763459145973,
  "K4p": 0.11110983634797059,
  "V5f": 0.23582750596557805,
  "K5s": 0.0977078341199461,
  "V5r": 0.04591692884302487,
  "K5p": 0.06559474267030885,
  "k_drain": 0.05323485844350831
}