{
  "k1": 1.1674360705209718e-05,
  "Ki": 5.69455488401287,
  "V2f": 0.7812169576211544,
  "K2s": 0.1239724896724488,
  "V2r": 0.2673452321953658,
  "K2p": 0.09816541808098422,
  "V3f": 0.34951267344513387,
  "K3s": 0.0968493248162311,
  "V3r": 0.19468829852980202,
  "K3p": 0.11138212641186453,
  "V4f": 0.32553443479607774,
  "K4s": 0.067973843654753,
  "V4r": 0.06086578777388239,
  "K4p": 0.09345878124261639,
  "V5f": 0.20057400677186213,
  "K5s": 0.07663178481672275,
  "V5r": 0.07554081097701969,
  "K5p": 0.07435295181575272,
  "k_drain": 0.0879562577433454
}