{
  "k1": 3.048406007290038e-11,
  "Ki": 2.978488581575564e-07,
  "V2f": 2.050795619149236e-05,
  "K2s": 8.345669818561571e-07,
  "V2r": 2.7585474196409737e-09,
  "K2p": 3.935196422273886e-05,
  "V3f": 0.00044924593311470386,
  "K3s": 1.4530469250842647e-06,
  "V3r": 1.72402094766109e-06,
  "K3p": 2.6262348620800143e-05,
  "V4f": 0.004209496772012734,
  "K4s": 2.195559178276192e-05,
  "V4r": 3.3557577230370045e-06,
  "K4p": 0.00020147715356219398,
  "V5f": 0.00044479920329541827,
  "K5s": 1.0913045056447593e-06,
  "V5r": 1.9423931701944413e-08,
  "K5p": 1.2876455679995363e-06,
  "k_drain": 2.4890244217717613e-07
}