{
  "k1": 1.0971362296287474e-05,
  "Ki": 4.335872789716666,
  "V2f": 0.6821337296104658,
  "K2s": 0.12729405444833444,
  "V2r": 0.22578688278772321,
  "K2p": 0.11193250162940246,
  "V3f": 0.28178050753241723,
  "K3s": 0.09252593701034106,
  "V3r": 0.1884455352134061,
  "K3p": 0.1264657602290451,
  "V4f": 0.37783567300812776,
  "K4s": 0.07971030318742521,
  "V4r": 0.0695572580210411,
  "K4p": 0.10329849866385984,
  "V5f": 0.2423767442074425,
  "K5s": 0.10008393300963307,
  "V5r": 0.06613181740479014,
  "K5p": 0.07788072572294666,
  "k_drain": 0.07098341090948333
}