{
  "k1": 8.079955294485953e-15,
  "Ki": 1.1352312908419466e-08,
  "V2f": 1.6364480656630827e-07,
  "K2s": 8.619826851072331e-08,
  "V2r": 3.406375848633495e-09,
  "K2p": 7.23089393777926e-05,
  "V3f": 5.7923159570194915e-05,
  "K3s": 3.973333200063592e-07,
  "V3r": 9.721928447466316e-08,
  "K3p": 1.0475343396632154e-07,
  "V4f": 0.0003068636609505618,
  "K4s": 6.636958433693505e-06,
  "V4r": 8.86359750795387e-06,
  "K4p": 1.3243163633257472e-05,
  "V5f": 6.994624582416487e-05,
  "K5s": 5.225362232150726e-09,
  "V5r": 1.1223004741964132e-10,
  "K5p": 7.500052759464919e-09,
  "k_drain": 1.6746245741361923e-08
}