{
  "k1": 1.113645489437358e-05,
  "Ki": 4.465223776466648,
  "V2f": 0.6793758553105933,
  "K2s": 0.13672600214431843,
  "V2r": 0.2502090150991959,
  "K2p": 0.10344308472938586,
  "V3f": 0.29647456541499134,
  "K3s": 0.08544200193225288,
  "V3r": 0.20161617135035723,
  "K3p": 0.10113859904629358,
  "V4f": 0.38514731385965917,
  "K4s": 0.08335978717439319,
  "V4r": 0.07486058389150417,
  "K4p": 0.09742276809151167,
  "V5f": 0.2557278085146477,
  "K5s": 0.09751585086769106,
  "V5r": 0.058874175181103286,
  "K5p": 0.07883279058699778,
  "k_drain": 0.06705910801874077
}