{
  "k1": 4.246786943615866e-15,
  "Ki": 1.7233618765607738e-08,
  "V2f": 8.7062299342059e-08,
  "K2s": 2.4577892432866707e-08,
  "V2r": 2.1502885458188716e-09,
  "K2p": 3.6995942032274592e-06,
  "V3f": 2.6888371267692212e-05,
  "K3s": 3.778172695012884e-07,
  "V3r": 4.842659836693586e-08,
  "K3p": 1.885505144230027e-08,
  "V4f": 0.00010166087020183702,
  "K4s": 9.164906501930636e-06,
  "V4r": 6.266878430749567e-06,
  "K4p": 4.799286683894131e-06,
  "V5f": 1.8620402966490872e-05,
  "K5s": 2.7305673919817078e-09,
  "V5r": 4.047207800829357e-11,
  "K5p": 4.390342661022624e-09,
  "k_drain": 3.458803596579887e-09
}