{
  "k1": 1.2011890668480984e-05,
  "Ki": 4.89237440147574,
  "V2f": 0.7084912935407974,
  "K2s": 0.11343003706738593,
  "V2r": 0.22253913974285594,
  "K2p": 0.10224738213685404,
  "V3f": 0.31763256729946543,
  "K3s": 0.09603199849703227,
  "V3r": 0.20314106267386103,
  "K3p": 0.11433619184537143,
  "V4f": 0.34185153778681693,
  "K4s": 0.06238855186465092,
  "V4r": 0.055877799692268644,
  "K4p": 0.08128892331082274,
  "V5f": 0.18529017150644056,
  "K5s": 0.08325689075429173,
  "V5r": 0.06283763867582848,
  "K5p": 0.08018676357525575,
  "k_drain": 0.08392063447421545
}