{
  "k1": 6.305560904769274e-14,
  "Ki": 1.131969232090433e-07,
  "V2f": 5.3045890698078035e-06,
  "K2s": 6.242226145695259e-08,
  "V2r": 1.5546580319347082e-09,
  "K2p": 3.8285087763388364e-05,
  "V3f": 0.00015831597053875631,
  "K3s": 1.0250110561337332e-06,
  "V3r": 2.0240431395417495e-06,
  "K3p": 2.1269200407925477e-06,
  "V4f": 0.00036963666515537166,
  "K4s": 1.071084081137929e-06,
  "V4r": 1.999712661329266e-06,
  "K4p": 1.549981777826322e-05,
  "V5f": 0.003802128056371879,
  "K5s": 8.727536665120202e-08,
  "V5r": 1.2188651444383451e-09,
  "K5p": 1.3673580540398368e-07,
  "k_drain": 3.750246726428542e-08
}