{
  "k1": 1.2184072946966615e-05,
  "Ki": 5.400564323823003,
  "V2f": 0.46692256233180457,
  "K2s": 0.10458561135090652,
  "V2r": 0.27504176927180574,
  "K2p": 0.11891080386173931,
  "V3f": 0.3129082372248028,
  "K3s": 0.1155951341967128,
  "V3r": 0.2004470525127109,
  "K3p": 0.09548921101945948,
  "V4f": 0.34780626288982136,
  "K4s": 0.08761537961988496,
  "V4r": 0.07576472034128438,
  "K4p": 0.084582608107221,
  "V5f": 0.23887283453532235,
  "K5s": 0.08745379261313697,
  "V5r": 0.07247605324159502,
  "K5p": 0.06490222359907778,
  "k_drain": 0.09288494322941404
}