{
  "k1": 6.121258476335795e-09,
  "Ki": 8.533750811522848e-07,
  "V2f": 0.00011288909037019944,
  "K2s": 9.305306453246155e-06,
  "V2r": 1.2702356835746218e-07,
  "K2p": 4.19412247582522e-05,
  "V3f": 0.00310132831653456,
  "K3s": 0.00012325760636970723,
  "V3r": 5.047548527968765e-05,
  "K3p": 7.079731741239217e-05,
  "V4f": 0.009825845196988713,
  "K4s": 6.382667865100728e-05,
  "V4r": 2.5726417362311717e-06,
  "K4p": 0.0008793005921190644,
  "V5f": 0.00029297601251996046,
  "K5s": 0.005128038277760732,
  "V5r": 2.4706205559212367e-06,
  "K5p": 0.0006553900937044216,
  "k_drain": 2.209263573111149e-06
}