{
  "k1": 1.7578070817495565e-06,
  "Ki": 0.0009250604560779778,
  "V2f": 7.488428692025753e-05,
  "K2s": 0.0001616322808360633,
  "V2r": 6.396238577403463e-06,
  "K2p": 0.023779894537435668,
  "V3f": 0.002690811461900609,
  "K3s": 0.007148278174430789,
  "V3r": 2.298864732710501e-05,
  "K3p": 0.00229345871275992,
  "V4f": 0.04631803972261911,
  "K4s": 0.0016322969857299906,
  "V4r": 0.0005298806419414046,
  "K4p": 0.09203674972143888,
  "V5f": 0.002709284834634432,
  "K5s": 0.004586597052563872,
  "V5r": 0.0009921306548638673,
  "K5p": 0.17566203242912165,
  "k_drain": 0.0011158196069818974
}