{
  "k1": 1.2666153561358437e-05,
  "Ki": 4.05274210550057,
  "V2f": 0.49537428386409726,
  "K2s": 0.1050578996442363,
  "V2r": 0.31128649535884395,
  "K2p": 0.11318011651596596,
  "V3f": 0.2909508063886856,
  "K3s": 0.11739336598412896,
  "V3r": 0.20801043542158304,
  "K3p": 0.097757535898178,
  "V4f": 0.29073373312357365,
  "K4s": 0.11331260874142328,
  "V4r": 0.10142739343029578,
  "K4p": 0.08375824224203746,
  "V5f": 0.21838933692816934,
  "K5s": 0.08880561963514952,
  "V5r": 0.07712783570815684,
  "K5p": 0.08575929303448075,
  "k_drain": 0.10075837672080465
}