{
  "k1": 1.2445183717625807e-05,
  "Ki": 4.447328603867538,
  "V2f": 0.7843997294857753,
  "K2s": 0.1431006697828025,
  "V2r": 0.24240817888464872,
  "K2p": 0.11247409827865693,
  "V3f": 0.29178767614708934,
  "K3s": 0.07486407764292424,
  "V3r": 0.21885835519515778,
  "K3p": 0.09802018347977225,
  "V4f": 0.42781936751997135,
  "K4s": 0.0752501064320951,
  "V4r": 0.07753159926650342,
  "K4p": 0.10152165391140404,
  "V5f": 0.2547394829165853,
  "K5s": 0.09692616125361593,
  "V5r": 0.05756003098435967,
  "K5p": 0.07744922128020122,
  "k_drain": 0.06606294194293835
}