{
  "k1": 1.5998473554656902e-05,
  "Ki": 5.243322270690645,
  "V2f": 0.7950625431651748,
  "K2s": 0.20144804453834778,
  "V2r": 0.22307937191976546,
  "K2p": 0.1403707862278614,
  "V3f": 0.4555291250619621,
  "K3s": 0.037529408177663176,
  "V3r": 0.3067885397633311,
  "K3p": 0.10985573639211244,
  "V4f": 0.39835217659740135,
  "K4s": 0.11197217441654947,
  "V4r": 0.054638235780354406,
  "K4p": 0.11924847352331834,
  "V5f": 0.18611456749479444,
  "K5s": 0.06383869091996652,
  "V5r": 0.06587018620543081,
  "K5p": 0.054580838661461406,
  "k_drain": 0.05525812460818756
}