{
  "k1": 1.5594968653890005e-14,
  "Ki": 2.769955421418178e-08,
  "V2f": 5.746284472632096e-07,
  "K2s": 5.655735847984874e-08,
  "V2r": 1.8863505977671554e-08,
  "K2p": 2.3086574377709636e-05,
  "V3f": 3.769895789442961e-05,
  "K3s": 2.059729124557851e-07,
  "V3r": 1.7988881363339407e-07,
  "K3p": 2.1957213718358309e-07,
  "V4f": 0.00041244061356695004,
  "K4s": 4.141308486072089e-06,
  "V4r": 2.3969906014459996e-05,
  "K4p": 1.8611708657715173e-05,
  "V5f": 0.00022992488583956243,
  "K5s": 1.659146131599175e-08,
  "V5r": 2.891118068787296e-10,
  "K5p": 8.5755819167742e-09,
  "k_drain": 4.920796415784392e-08
}