{
  "k1": 1.170518290679221e-05,
  "Ki": 4.410409481965098,
  "V2f": 0.728119557245326,
  "K2s": 0.13154626486592944,
  "V2r": 0.23678840748831856,
  "K2p": 0.11292142560238677,
  "V3f": 0.29280684122193884,
  "K3s": 0.0862605154143262,
  "V3r": 0.18350653701373684,
  "K3p": 0.11808469872217861,
  "V4f": 0.39319767620500806,
  "K4s": 0.07144532791857611,
  "V4r": 0.06594964171406255,
  "K4p": 0.10088881180401862,
  "V5f": 0.22129408749701346,
  "K5s": 0.09512636364261907,
  "V5r": 0.06057554271544977,
  "K5p": 0.08908449237680145,
  "k_drain": 0.06946307497201752
}