{
  "k1": 1.328007069550792e-08,
  "Ki": 7.165250061651021e-07,
  "V2f": 0.0001379260398249755,
  "K2s": 8.098856026964854e-06,
  "V2r": 3.605813458501882e-07,
  "K2p": 6.904734535145178e-06,
  "V3f": 0.0012786495751204304,
  "K3s": 0.00019763279070920904,
  "V3r": 0.00011895711098396138,
  "K3p": 0.00010927198984998975,
  "V4f": 0.020445228255737,
  "K4s": 9.942653246379856e-05,
  "V4r": 4.057069674424122e-06,
  "K4p": 0.0016917228585087939,
  "V5f": 0.0006181252533113871,
  "K5s": 0.0010842039417449994,
  "V5r": 1.255812350649691e-06,
  "K5p": 0.0005534521260187108,
  "k_drain": 1.003976206163166e-06
}