{
  "k1": 1.261104049858514e-05,
  "Ki": 5.484154271612358,
  "V2f": 0.4608974615319603,
  "K2s": 0.10482780507283306,
  "V2r": 0.26586999930000393,
  "K2p": 0.11041608304948973,
  "V3f": 0.32758705882121397,
  "K3s": 0.11610357722704438,
  "V3r": 0.19788657862441633,
  "K3p": 0.09469380451844975,
  "V4f": 0.33139403639663495,
  "K4s": 0.08323713701513814,
  "V4r": 0.07362715043162242,
  "K4p": 0.07946791190647959,
  "V5f": 0.22752896295697728,
  "K5s": 0.08464756875085509,
  "V5r": 0.07183749766661006,
  "K5p": 0.06245246847121521,
  "k_drain": 0.08966856428162244
}