{
  "k1": 1.4596430288752836e-05,
  "Ki": 5.990878899896265,
  "V2f": 0.8975663117520092,
  "K2s": 0.17035513673686303,
  "V2r": 0.25152060084122635,
  "K2p": 0.14114625247928342,
  "V3f": 0.34946052693192825,
  "K3s": 0.03754776615509151,
  "V3r": 0.27928918276437986,
  "K3p": 0.11476307447192237,
  "V4f": 0.398532739503935,
  "K4s": 0.10757951742729358,
  "V4r": 0.06715562901583745,
  "K4p": 0.09680571784860034,
  "V5f": 0.200752803319619,
  "K5s": 0.08042151578472172,
  "V5r": 0.04687542157018314,
  "K5p": 0.06212467204944599,
  "k_drain": 0.049677035432791145
}