{
  "k1": 1.800018838819523e-07,
  "Ki": 6.202901854451624e-05,
  "V2f": 0.00013660492535632224,
  "K2s": 9.384919969824675e-05,
  "V2r": 7.5715260645898915e-06,
  "K2p": 0.019736896374481845,
  "V3f": 0.007314003217555092,
  "K3s": 0.0003786641978612774,
  "V3r": 6.250931734616799e-05,
  "K3p": 0.00315689926617874,
  "V4f": 0.21047019164612374,
  "K4s": 0.00038860172121537114,
  "V4r": 6.040890596637708e-05,
  "K4p": 0.006225217493852575,
  "V5f": 0.0017121454530067684,
  "K5s": 0.0017759969832526004,
  "V5r": 0.000542645500195379,
  "K5p": 0.01304117474450516,
  "k_drain": 0.0001616683517890791
}