{
  "k1": 1.2853806278214884e-05,
  "Ki": 4.387760180490991,
  "V2f": 0.48177033211608383,
  "K2s": 0.10312912683673042,
  "V2r": 0.31890512221102574,
  "K2p": 0.10113675988875603,
  "V3f": 0.29297935011420373,
  "K3s": 0.11639611002102798,
  "V3r": 0.21932670553820377,
  "K3p": 0.111698453029802,
  "V4f": 0.2761315165492997,
  "K4s": 0.09765132648631084,
  "V4r": 0.08116142895216578,
  "K4p": 0.09696945721190749,
  "V5f": 0.22176021051770148,
  "K5s": 0.09700060935477793,
  "V5r": 0.07043021598198203,
  "K5p": 0.0658526636919107,
  "k_drain": 0.09705912328993094
}