{
  "k1": 9.817500206506504e-15,
  "Ki": 2.2541112763025393e-08,
  "V2f": 3.5338056803652226e-07,
  "K2s": 8.151704556098924e-08,
  "V2r": 2.0407891617516157e-08,
  "K2p": 2.851536698498924e-05,
  "V3f": 2.0981734697990188e-05,
  "K3s": 1.261054671268232e-07,
  "V3r": 1.9411388726807484e-07,
  "K3p": 1.224402699006294e-07,
  "V4f": 0.0002697947603684542,
  "K4s": 5.680221947313858e-06,
  "V4r": 1.6557712509402066e-05,
  "K4p": 1.0251281157308461e-05,
  "V5f": 0.00013844194109583678,
  "K5s": 2.059428966969529e-08,
  "V5r": 1.548163224498256e-10,
  "K5p": 6.831003998688844e-09,
  "k_drain": 5.986442589616693e-08
}