{
  "k1": 1.158040694260692e-05,
  "Ki": 4.379813585602569,
  "V2f": 0.716189770882364,
  "K2s": 0.1336653980450505,
  "V2r": 0.23309889381174123,
  "K2p": 0.11384308436991426,
  "V3f": 0.2840429647298342,
  "K3s": 0.08920954064825892,
  "V3r": 0.18194796736788305,
  "K3p": 0.11710188815501704,
  "V4f": 0.38161812642503606,
  "K4s": 0.07293801497758204,
  "V4r": 0.06812795696763807,
  "K4p": 0.10034908506097537,
  "V5f": 0.22149688161656966,
  "K5s": 0.09525510940647734,
  "V5r": 0.06213053665372721,
  "K5p": 0.08689090534632428,
  "k_drain": 0.07129574980118482
}