{
  "k1": 1.3149796513084468e-05,
  "Ki": 4.637177140865043,
  "V2f": 1.0614126829990185,
  "K2s": 0.14022825760798424,
  "V2r": 0.2628680931888737,
  "K2p": 0.10209756650597589,
  "V3f": 0.3110402868177061,
  "K3s": 0.0627025884397254,
  "V3r": 0.24487489937261972,
  "K3p": 0.0791844150322165,
  "V4f": 0.4642073049119917,
  "K4s": 0.08057580240491773,
  "V4r": 0.08477656430714582,
  "K4p": 0.11775924845873857,
  "V5f": 0.23008952423670626,
  "K5s": 0.08872695936774924,
  "V5r": 0.05064234818260475,
  "K5p": 0.06651649787695736,
  "k_drain": 0.05438036363406577
}