{
  "k1": 1.285246367418962e-05,
  "Ki": 4.380225580745174,
  "V2f": 0.5478347975187198,
  "K2s": 0.10476728575484247,
  "V2r": 0.33224460782872123,
  "K2p": 0.09595915087504575,
  "V3f": 0.2823638712771962,
  "K3s": 0.11613816643078635,
  "V3r": 0.18723729627039232,
  "K3p": 0.09195853063267705,
  "V4f": 0.29860057436598014,
  "K4s": 0.11097838484130397,
  "V4r": 0.10837516034387491,
  "K4p": 0.08089229594541852,
  "V5f": 0.21402009479084036,
  "K5s": 0.10231755441895429,
  "V5r": 0.08997820375703784,
  "K5p": 0.08969306047625256,
  "k_drain": 0.10312249187686014
}