{
  "k1": 4.357233375062571e-06,
  "Ki": 0.0006224220903481881,
  "V2f": 0.00034027797787482267,
  "K2s": 0.0010146283714648789,
  "V2r": 6.174160257677157e-05,
  "K2p": 0.02446021100986706,
  "V3f": 0.013240747669512318,
  "K3s": 0.006148816032944279,
  "V3r": 0.00036608375872937193,
  "K3p": 0.005260773599727219,
  "V4f": 0.11782418495541808,
  "K4s": 0.0017080885496610692,
  "V4r": 0.0006665148158191041,
  "K4p": 0.07025450712165002,
  "V5f": 0.004864634540875558,
  "K5s": 0.006231545305337312,
  "V5r": 0.0030440442619888543,
  "K5p": 0.12015827711996702,
  "k_drain": 0.005341792790359783
}