{
  "k1": 1.3642601291581136e-05,
  "Ki": 4.51198196219761,
  "V2f": 1.0607911351034471,
  "K2s": 0.1425473430982792,
  "V2r": 0.2702025285804438,
  "K2p": 0.10202756639495254,
  "V3f": 0.31397669106230763,
  "K3s": 0.06554448475237076,
  "V3r": 0.2521069973944404,
  "K3p": 0.07794795713586532,
  "V4f": 0.4472924022022084,
  "K4s": 0.07969510747989625,
  "V4r": 0.08383445806689158,
  "K4p": 0.1171683160086879,
  "V5f": 0.2383296193780508,
  "K5s": 0.0885083108216207,
  "V5r": 0.05080887325554019,
  "K5p": 0.06514702683180904,
  "k_drain": 0.054206613728100865
}