{
  "k1": 1.367813250596872e-05,
  "Ki": 4.59695888231079,
  "V2f": 0.749943240594987,
  "K2s": 0.14753356986723756,
  "V2r": 0.2340844472102552,
  "K2p": 0.11193171868858393,
  "V3f": 0.28422072624795625,
  "K3s": 0.08154194135071945,
  "V3r": 0.21543163449276442,
  "K3p": 0.099545508332735,
  "V4f": 0.48777815277837816,
  "K4s": 0.08610477632452701,
  "V4r": 0.07802710104477437,
  "K4p": 0.10609892448565247,
  "V5f": 0.2342574556283105,
  "K5s": 0.09782913735332194,
  "V5r": 0.059373530850327275,
  "K5p": 0.07255107027824753,
  "k_drain": 0.06924307697338743
}