{
  "k1": 1.2153723932673228e-05,
  "Ki": 5.048811660000247,
  "V2f": 0.5633565210700407,
  "K2s": 0.1184671582766704,
  "V2r": 0.26932820605305374,
  "K2p": 0.1120642708933077,
  "V3f": 0.3266317185486758,
  "K3s": 0.11336591448058936,
  "V3r": 0.21759867339195682,
  "K3p": 0.09235468322199313,
  "V4f": 0.26317063073032393,
  "K4s": 0.06933007753292551,
  "V4r": 0.06847797753416598,
  "K4p": 0.07686020810797758,
  "V5f": 0.234140874904387,
  "K5s": 0.08310455324131703,
  "V5r": 0.0752687660947589,
  "K5p": 0.07822177614454734,
  "k_drain": 0.09911114054905087
}