{
  "k1": 6.46309561627055e-10,
  "Ki": 1.8787144612025935e-06,
  "V2f": 1.6272501236270232e-05,
  "K2s": 9.059891890307633e-06,
  "V2r": 1.867190098799372e-07,
  "K2p": 1.1324783976057402e-06,
  "V3f": 0.001029989605267636,
  "K3s": 1.914427608134056e-06,
  "V3r": 1.8443586509546438e-05,
  "K3p": 1.3424035949535043e-05,
  "V4f": 0.020102940857473904,
  "K4s": 6.542343637987723e-05,
  "V4r": 9.032669024032689e-06,
  "K4p": 0.0007869993058953029,
  "V5f": 0.0008667608395884055,
  "K5s": 1.0456633703024474e-05,
  "V5r": 3.232740302202282e-07,
  "K5p": 1.4574948925174692e-05,
  "k_drain": 3.299904592104246e-07
}