{
  "k1": 1.0829304385821011e-05,
  "Ki": 4.5320399966259535,
  "V2f": 1.0466020117827217,
  "K2s": 0.1438729537517983,
  "V2r": 0.26948926824081376,
  "K2p": 0.13107654162278576,
  "V3f": 0.3031819637527962,
  "K3s": 0.059861739462934965,
  "V3r": 0.23063924911926276,
  "K3p": 0.08650845908689714,
  "V4f": 0.4319316784301139,
  "K4s": 0.08537330065329662,
  "V4r": 0.07913346803514608,
  "K4p": 0.10343742835391731,
  "V5f": 0.2245936579214996,
  "K5s": 0.10057991448324774,
  "V5r": 0.0509530880488245,
  "K5p": 0.06871206664748332,
  "k_drain": 0.05143953285129832
}