{
  "k1": 1.0378777839032289e-05,
  "Ki": 4.541725790094121,
  "V2f": 0.9904605234407828,
  "K2s": 0.14016517611333576,
  "V2r": 0.28232946050100083,
  "K2p": 0.12294375721209068,
  "V3f": 0.30295050417714114,
  "K3s": 0.05667100687635235,
  "V3r": 0.2200132045391301,
  "K3p": 0.08417490700857697,
  "V4f": 0.44219224285013825,
  "K4s": 0.0859529829821701,
  "V4r": 0.08606250587699664,
  "K4p": 0.10733706842830039,
  "V5f": 0.22533325335702514,
  "K5s": 0.09884671897178716,
  "V5r": 0.05125930139916478,
  "K5p": 0.06415401666221361,
  "k_drain": 0.051810886013548364
}