{
  "k1": 1.2071586302336259e-05,
  "Ki": 4.70665781820597,
  "V2f": 0.723086819051063,
  "K2s": 0.12456956140195927,
  "V2r": 0.23357968695856504,
  "K2p": 0.10378335942516788,
  "V3f": 0.3365697732749419,
  "K3s": 0.09559914720537352,
  "V3r": 0.19360348418683695,
  "K3p": 0.1099775954629604,
  "V4f": 0.3453103047762228,
  "K4s": 0.06534593968733636,
  "V4r": 0.053203893763937096,
  "K4p": 0.08971121202205852,
  "V5f": 0.1923087332285479,
  "K5s": 0.08725657134758787,
  "V5r": 0.06223051152592125,
  "K5p": 0.08332601385675009,
  "k_drain": 0.07501532513644367
}