{
  "k1": 1.9915618302651004e-14,
  "Ki": 3.014341979045052e-07,
  "V2f": 3.0995994542674806e-06,
  "K2s": 3.8509439801129785e-08,
  "V2r": 6.9820422571129645e-09,
  "K2p": 6.323417489922252e-05,
  "V3f": 0.00012568122589663665,
  "K3s": 1.918589736553501e-07,
  "V3r": 1.951257934960731e-06,
  "K3p": 1.385977280545792e-06,
  "V4f": 0.0007298648331810758,
  "K4s": 3.952694160086604e-07,
  "V4r": 9.8113532443637e-07,
  "K4p": 6.918893017646474e-06,
  "V5f": 0.0013188281829870179,
  "K5s": 1.8124260425007324e-07,
  "V5r": 8.600944223935227e-10,
  "K5p": 8.322937583987895e-08,
  "k_drain": 4.2353007164714465e-08
}