{
  "k1": 1.2947538047308244e-05,
  "Ki": 4.353208241020945,
  "V2f": 0.4809384859017939,
  "K2s": 0.10864817479708068,
  "V2r": 0.3235626738701277,
  "K2p": 0.0989641762495583,
  "V3f": 0.29310678455212485,
  "K3s": 0.11675266580721232,
  "V3r": 0.2222696721928038,
  "K3p": 0.1071750041646551,
  "V4f": 0.29388116537583375,
  "K4s": 0.0964949239911818,
  "V4r": 0.0868733165802179,
  "K4p": 0.09434801647641913,
  "V5f": 0.22488991067712527,
  "K5s": 0.09075491790633912,
  "V5r": 0.06732258989526008,
  "K5p": 0.06959899441791473,
  "k_drain": 0.09460160308922556
}