{
  "k1": 2.652258142753872e-07,
  "Ki": 9.513138112190925e-05,
  "V2f": 0.0002896186148516242,
  "K2s": 0.0001363896973505867,
  "V2r": 1.6378363637115893e-05,
  "K2p": 0.034722365878283215,
  "V3f": 0.007148130386169905,
  "K3s": 0.00023449425672341696,
  "V3r": 6.343559833500426e-05,
  "K3p": 0.0034828741252751014,
  "V4f": 0.10301126255210709,
  "K4s": 0.00057220347089191,
  "V4r": 0.0002669523733783554,
  "K4p": 0.00828547104287838,
  "V5f": 0.0026494174060147004,
  "K5s": 0.003075714204391322,
  "V5r": 0.0007513697162096505,
  "K5p": 0.024298411843082374,
  "k_drain": 0.0002563898388168
}