{
  "k1": 2.182446367173218e-05,
  "Ki": 0.8900882164702938,
  "V2f": 0.011840931842604423,
  "K2s": 0.027746916604368767,
  "V2r": 0.005187870305015607,
  "K2p": 0.07098131445532349,
  "V3f": 0.02674833979257287,
  "K3s": 0.6728833851013994,
  "V3r": 0.014965425916889138,
  "K3p": 0.10256777957503224,
  "V4f": 0.455906488732128,
  "K4s": 0.0014269432828626102,
  "V4r": 0.008287890168713192,
  "K4p": 0.09307582712764126,
  "V5f": 0.46903694755215863,
  "K5s": 0.10142386358598243,
  "V5r": 0.04622367985517833,
  "K5p": 0.22498372302159197,
  "k_drain": 0.23642864058132165
}