{
  "k1": 9.986535862364368e-06,
  "Ki": 5.2937514037990185,
  "V2f": 0.5002590050484065,
  "K2s": 0.10031138555955442,
  "V2r": 0.3143777930571513,
  "K2p": 0.09813389675571102,
  "V3f": 0.3763937412788972,
  "K3s": 0.10149609651403482,
  "V3r": 0.1906710728972409,
  "K3p": 0.10184486481382639,
  "V4f": 0.28777867609415464,
  "K4s": 0.09771921369952795,
  "V4r": 0.10428695155334841,
  "K4p": 0.09684909022402645,
  "V5f": 0.2003937157297005,
  "K5s": 0.09768739652236427,
  "V5r": 0.09463128291455189,
  "K5p": 0.1010323393220447,
  "k_drain": 0.10246374710533562
}