{
  "k1": 1.1836016352009566e-09,
  "Ki": 1.8084449612109223e-06,
  "V2f": 1.9624022288768237e-05,
  "K2s": 5.136828445828686e-06,
  "V2r": 1.1847979490118666e-07,
  "K2p": 1.1516988711262284e-06,
  "V3f": 0.00034875956209726253,
  "K3s": 1.3300271851575498e-06,
  "V3r": 7.538796578318409e-06,
  "K3p": 2.742844678079325e-05,
  "V4f": 0.009405331224631342,
  "K4s": 2.226987316472942e-05,
  "V4r": 6.275874919030321e-06,
  "K4p": 0.0004398737934785934,
  "V5f": 0.00030767317886060656,
  "K5s": 7.838587307426032e-06,
  "V5r": 3.1779526509688556e-07,
  "K5p": 1.7444486997934476e-05,
  "k_drain": 4.2357804926190767e-07
}