{
  "k1": 1.2604902771196975e-05,
  "Ki": 4.9549947520260815,
  "V2f": 0.5929922847955419,
  "K2s": 0.11264435072846625,
  "V2r": 0.27463452741600314,
  "K2p": 0.11802833811244039,
  "V3f": 0.31853786150027613,
  "K3s": 0.11003712497900744,
  "V3r": 0.20610677669057634,
  "K3p": 0.09051470712927356,
  "V4f": 0.27790529237613876,
  "K4s": 0.06857116629993708,
  "V4r": 0.06850107958683997,
  "K4p": 0.08151038149740061,
  "V5f": 0.23337991229087515,
  "K5s": 0.08227641980604056,
  "V5r": 0.0807110005293559,
  "K5p": 0.07798706670302395,
  "k_drain": 0.10348373582416824
}