{
  "k1": 7.043725563839426e-08,
  "Ki": 4.720922362883213e-05,
  "V2f": 8.993227735407052e-05,
  "K2s": 8.458318196148864e-06,
  "V2r": 4.334504388261279e-06,
  "K2p": 0.0005985747520439696,
  "V3f": 0.0055622098469372905,
  "K3s": 0.00033944000226950673,
  "V3r": 3.423816535010018e-05,
  "K3p": 0.0008866529184200326,
  "V4f": 0.02437289222113991,
  "K4s": 0.0004801903435132417,
  "V4r": 2.9409537708162476e-05,
  "K4p": 0.0018805378610174525,
  "V5f": 0.0011930401949446878,
  "K5s": 0.004584924017627691,
  "V5r": 0.00010142437592061142,
  "K5p": 0.010464548278248172,
  "k_drain": 0.0002751985003393151
}