{
  "k1": 1.3162802350365368e-05,
  "Ki": 4.2841920159951785,
  "V2f": 0.4558806353965682,
  "K2s": 0.1124385890490097,
  "V2r": 0.302763345470317,
  "K2p": 0.10622602185189942,
  "V3f": 0.3190744286836311,
  "K3s": 0.12295263797043532,
  "V3r": 0.23786535708286663,
  "K3p": 0.11891549198002838,
  "V4f": 0.27163304676892497,
  "K4s": 0.10485331695482077,
  "V4r": 0.07660804203176855,
  "K4p": 0.09482987244821271,
  "V5f": 0.22467302855935908,
  "K5s": 0.0924815295037712,
  "V5r": 0.06906646203034698,
  "K5p": 0.0632613583586309,
  "k_drain": 0.0989818561036304
}