{
  "k1": 1.3055257299809364e-05,
  "Ki": 4.189028191696756,
  "V2f": 1.0491704224589824,
  "K2s": 0.13909116534781485,
  "V2r": 0.2592938140075919,
  "K2p": 0.1038573793583331,
  "V3f": 0.3247072119526778,
  "K3s": 0.0733316575963699,
  "V3r": 0.23901734731729,
  "K3p": 0.07262347933976965,
  "V4f": 0.48244540285686494,
  "K4s": 0.07216808014826208,
  "V4r": 0.08237565207703176,
  "K4p": 0.11276078341215172,
  "V5f": 0.22917819439867318,
  "K5s": 0.09383283988344733,
  "V5r": 0.055486707490143,
  "K5p": 0.06283729747799924,
  "k_drain": 0.05769865776521175
}