{
  "k1": 1.1724988117170946e-05,
  "Ki": 4.974354440685329,
  "V2f": 0.5047583486248695,
  "K2s": 0.10661937269240598,
  "V2r": 0.3074311760479502,
  "K2p": 0.11090977998374585,
  "V3f": 0.3185745265676823,
  "K3s": 0.11543522822382879,
  "V3r": 0.18260015362384882,
  "K3p": 0.10099276525643881,
  "V4f": 0.2810002503488717,
  "K4s": 0.1018258864047846,
  "V4r": 0.10933256498597439,
  "K4p": 0.08647025856775302,
  "V5f": 0.19843647909785903,
  "K5s": 0.11049941911853298,
  "V5r": 0.08020630065942105,
  "K5p": 0.11634312150376348,
  "k_drain": 0.1081519675160894
}