{
  "k1": 4.7446810165504067e-05,
  "Ki": 0.0738419380287153,
  "V2f": 0.003664923212126699,
  "K2s": 0.005260933019090021,
  "V2r": 0.00044922030049361584,
  "K2p": 0.1205161127668262,
  "V3f": 0.02047593518894723,
  "K3s": 0.017530874436020694,
  "V3r": 0.005321477254052193,
  "K3p": 0.05852323126080925,
  "V4f": 0.08351044212712015,
  "K4s": 0.0012388738539576979,
  "V4r": 0.0007451368194373582,
  "K4p": 0.09047745733910256,
  "V5f": 0.01129622350729153,
  "K5s": 0.024343384236428248,
  "V5r": 0.04086956515102786,
  "K5p": 0.27653135341707114,
  "k_drain": 0.02577118850876882
}