{
  "k1": 1.1433411956103211e-05,
  "Ki": 5.129576164410287,
  "V2f": 0.6971882938632044,
  "K2s": 0.12089255274599241,
  "V2r": 0.24410942676077016,
  "K2p": 0.10437391534916723,
  "V3f": 0.36952190859807227,
  "K3s": 0.09852931680058184,
  "V3r": 0.20480589744135577,
  "K3p": 0.10660158040776915,
  "V4f": 0.32750523917397484,
  "K4s": 0.06864778119326112,
  "V4r": 0.059901611761962584,
  "K4p": 0.08677918891935024,
  "V5f": 0.19268303890903055,
  "K5s": 0.07654442552674812,
  "V5r": 0.06456850721253733,
  "K5p": 0.08041789767350722,
  "k_drain": 0.09017314476754365
}