{
  "k1": 5.995180941633285e-13,
  "Ki": 2.568034650607717e-07,
  "V2f": 3.633291570567516e-05,
  "K2s": 7.157961200114935e-07,
  "V2r": 3.251675249649021e-09,
  "K2p": 1.5345883712823384e-05,
  "V3f": 0.000467027538034166,
  "K3s": 1.7014119827972418e-06,
  "V3r": 2.2634109801356432e-06,
  "K3p": 2.4287117779700516e-05,
  "V4f": 0.00031525608006577127,
  "K4s": 1.6411036287955277e-06,
  "V4r": 1.905386266234312e-06,
  "K4p": 4.022705570315902e-05,
  "V5f": 0.0014065393794675304,
  "K5s": 1.3528864909386204e-07,
  "V5r": 2.0413079371406366e-08,
  "K5p": 4.4114885590616784e-07,
  "k_drain": 8.869570137565413e-08
}