{
  "k1": 8.06045862637385e-15,
  "Ki": 9.3854563950791e-08,
  "V2f": 4.635065248812634e-08,
  "K2s": 1.3664507921273652e-08,
  "V2r": 1.1116416575823236e-09,
  "K2p": 6.433935763928903e-06,
  "V3f": 1.0721535801739014e-05,
  "K3s": 1.4577832318503197e-07,
  "V3r": 4.1737037021024735e-08,
  "K3p": 1.6280782999106677e-08,
  "V4f": 0.0001488522760810041,
  "K4s": 9.394908144780347e-06,
  "V4r": 4.1217847800128685e-06,
  "K4p": 2.8308730509018298e-06,
  "V5f": 3.3568354885496886e-05,
  "K5s": 6.496758461792473e-09,
  "V5r": 3.540928939176963e-11,
  "K5p": 3.317916084622064e-09,
  "k_drain": 5.810227555268582e-09
}