{
  "k1": 1.169093514286454e-05,
  "Ki": 4.238145272936198,
  "V2f": 0.7500647317322787,
  "K2s": 0.13971239757322507,
  "V2r": 0.2591636764415404,
  "K2p": 0.10346391557506028,
  "V3f": 0.30078768669726225,
  "K3s": 0.07981074732632572,
  "V3r": 0.21047890826840984,
  "K3p": 0.09682340702575848,
  "V4f": 0.4089621983827712,
  "K4s": 0.08150633842665828,
  "V4r": 0.07804901893706648,
  "K4p": 0.1002409096531341,
  "V5f": 0.2523535726175399,
  "K5s": 0.10273304769366537,
  "V5r": 0.057716462384628964,
  "K5p": 0.07795267722042398,
  "k_drain": 0.06977769887032739
}