{
  "k1": 1.1911833725375169e-05,
  "Ki": 4.315146295848735,
  "V2f": 0.7395517789981954,
  "K2s": 0.13637429948021665,
  "V2r": 0.26198380755805023,
  "K2p": 0.10468375350549315,
  "V3f": 0.3016728523803426,
  "K3s": 0.08321619159705197,
  "V3r": 0.21052401451931377,
  "K3p": 0.09834623131191891,
  "V4f": 0.4072029698259793,
  "K4s": 0.08305567465766042,
  "V4r": 0.07575064163340642,
  "K4p": 0.09931919104386727,
  "V5f": 0.25477590221771873,
  "K5s": 0.10118611324655581,
  "V5r": 0.05849450124722457,
  "K5p": 0.0772105973505953,
  "k_drain": 0.06736550435572419
}