{
  "k1": 6.939362560897901e-15,
  "Ki": 8.054375053923384e-08,
  "V2f": 4.2256211788123244e-08,
  "K2s": 1.4873870870595243e-08,
  "V2r": 1.115807187422513e-09,
  "K2p": 5.238781754210681e-06,
  "V3f": 1.7489102899915593e-05,
  "K3s": 1.0464324256593574e-07,
  "V3r": 5.248625230866627e-08,
  "K3p": 1.3554677084878466e-08,
  "V4f": 0.00017236020015302548,
  "K4s": 7.9495579826299e-06,
  "V4r": 3.984142089262111e-06,
  "K4p": 3.744677470468307e-06,
  "V5f": 2.8118158951736045e-05,
  "K5s": 6.553106947175352e-09,
  "V5r": 3.260662444337325e-11,
  "K5p": 3.5654641746349816e-09,
  "k_drain": 4.073509758086817e-09
}