{
  "k1": 1.2350351927659334e-05,
  "Ki": 4.977956693313276,
  "V2f": 0.5858058400249563,
  "K2s": 0.11444035122410552,
  "V2r": 0.2729292313607925,
  "K2p": 0.11408617309811954,
  "V3f": 0.3191502641306751,
  "K3s": 0.11407777986686846,
  "V3r": 0.20734058482466847,
  "K3p": 0.09029841658938122,
  "V4f": 0.27266196549543736,
  "K4s": 0.06951577023321363,
  "V4r": 0.06696344525398765,
  "K4p": 0.08107225933521044,
  "V5f": 0.22822388182110645,
  "K5s": 0.08185554994840107,
  "V5r": 0.08012738170512708,
  "K5p": 0.07541315477018116,
  "k_drain": 0.10037693638313162
}