{
  "k1": 8.86963844504955e-10,
  "Ki": 1.2567407350420334e-06,
  "V2f": 1.8204159051171777e-05,
  "K2s": 6.784850494600045e-06,
  "V2r": 1.0528675824349572e-07,
  "K2p": 2.0286286511748896e-06,
  "V3f": 0.00046503452810702065,
  "K3s": 1.249344129743889e-06,
  "V3r": 7.5878641824677965e-06,
  "K3p": 1.9426572252817737e-05,
  "V4f": 0.016519669808030688,
  "K4s": 3.329699613839632e-05,
  "V4r": 7.026538306211313e-06,
  "K4p": 0.0003968942897393752,
  "V5f": 0.0005667205510199827,
  "K5s": 9.469186027658266e-06,
  "V5r": 4.7106041135208337e-07,
  "K5p": 1.5896921962634927e-05,
  "k_drain": 3.7306296106529653e-07
}