{
  "k1": 1.5033704491338602e-05,
  "Ki": 5.55944047488521,
  "V2f": 0.9036003394015034,
  "K2s": 0.1603588319256701,
  "V2r": 0.21255587423972616,
  "K2p": 0.14216812461283182,
  "V3f": 0.417788905834271,
  "K3s": 0.04005954041695455,
  "V3r": 0.32288551006760524,
  "K3p": 0.11417102983575958,
  "V4f": 0.3882898456464304,
  "K4s": 0.10316129727447595,
  "V4r": 0.06039282738783309,
  "K4p": 0.1077493540999639,
  "V5f": 0.18677769067478253,
  "K5s": 0.0688195257295736,
  "V5r": 0.060452291019397975,
  "K5p": 0.05629574592435017,
  "k_drain": 0.05366659573111759
}