{
  "k1": 4.156745710752372e-05,
  "Ki": 0.08670308142232237,
  "V2f": 0.00402597492137958,
  "K2s": 0.0035802944764250976,
  "V2r": 0.000446507943351864,
  "K2p": 0.0909914073198314,
  "V3f": 0.02182447885271701,
  "K3s": 0.020237007846700864,
  "V3r": 0.009477044132984336,
  "K3p": 0.06758278871935222,
  "V4f": 0.13268638098956448,
  "K4s": 0.0013822609437984313,
  "V4r": 0.0005101613447093285,
  "K4p": 0.21624867284723423,
  "V5f": 0.014838638469568724,
  "K5s": 0.05314612254573895,
  "V5r": 0.050877111407571916,
  "K5p": 0.4377589443274448,
  "k_drain": 0.026093519365085138
}