{
  "k1": 1.1348541092449381e-05,
  "Ki": 5.196527635274542,
  "V2f": 0.5122659246664975,
  "K2s": 0.1067999083218061,
  "V2r": 0.31062998444269113,
  "K2p": 0.11307108379230392,
  "V3f": 0.32867569628510823,
  "K3s": 0.11287702981317731,
  "V3r": 0.17843132954102717,
  "K3p": 0.10215171459192858,
  "V4f": 0.27568752475791364,
  "K4s": 0.10630451641796235,
  "V4r": 0.10839046027584828,
  "K4p": 0.08729210224057374,
  "V5f": 0.20295574071331812,
  "K5s": 0.11120314612703329,
  "V5r": 0.0805371709683676,
  "K5p": 0.11721885077924618,
  "k_drain": 0.10770020348706001
}