{
  "k1": 1.2319022031661382e-05,
  "Ki": 4.9088493320338165,
  "V2f": 0.4848239163696642,
  "K2s": 0.11054644907247795,
  "V2r": 0.27574217672342377,
  "K2p": 0.11206964761411817,
  "V3f": 0.32663813841232553,
  "K3s": 0.11312739543925772,
  "V3r": 0.21010995300715893,
  "K3p": 0.0969893874350357,
  "V4f": 0.3529482591711646,
  "K4s": 0.0893920761661305,
  "V4r": 0.07647053283136726,
  "K4p": 0.0841922761180242,
  "V5f": 0.25012453786021754,
  "K5s": 0.0921362161957309,
  "V5r": 0.07428639780017947,
  "K5p": 0.06039026892273558,
  "k_drain": 0.091857132462475
}