{
  "k1": 5.292259410852106e-09,
  "Ki": 2.050892571221609e-06,
  "V2f": 8.175216716653073e-05,
  "K2s": 4.233349936895986e-06,
  "V2r": 1.7126673783722532e-06,
  "K2p": 4.503858075537789e-05,
  "V3f": 0.013088421661983249,
  "K3s": 6.88287970580712e-05,
  "V3r": 6.156204552024029e-05,
  "K3p": 0.00016094975368446764,
  "V4f": 0.020735162467256936,
  "K4s": 0.0001581717203368062,
  "V4r": 4.435865518653969e-06,
  "K4p": 0.0003855196884921518,
  "V5f": 0.0003549794790366241,
  "K5s": 0.006844537557618659,
  "V5r": 5.659490015600728e-06,
  "K5p": 0.0013811486973890799,
  "k_drain": 1.018879524253717e-05
}