{
  "k1": 1.3814654227612369e-05,
  "Ki": 4.559289699685326,
  "V2f": 1.0799611199168069,
  "K2s": 0.14342874393880803,
  "V2r": 0.27139205361796004,
  "K2p": 0.10257473413628647,
  "V3f": 0.31718068482497813,
  "K3s": 0.06551654098001056,
  "V3r": 0.25145069610715975,
  "K3p": 0.0799650280699102,
  "V4f": 0.4345588712723715,
  "K4s": 0.07858029560962856,
  "V4r": 0.08238808405913865,
  "K4p": 0.11369991381234278,
  "V5f": 0.22950494960377843,
  "K5s": 0.09023766931403726,
  "V5r": 0.05160789162494199,
  "K5p": 0.06602497561112079,
  "k_drain": 0.05404371083521621
}