{
  "k1": 1.2620309503751084e-14,
  "Ki": 1.4502566441402181e-08,
  "V2f": 1.0353498270450547e-07,
  "K2s": 2.6628060556173183e-08,
  "V2r": 1.4213326802846918e-09,
  "K2p": 1.6740384275775726e-05,
  "V3f": 4.1220182611713425e-05,
  "K3s": 5.523291244191566e-07,
  "V3r": 1.1890520884420073e-07,
  "K3p": 3.5315458462991236e-08,
  "V4f": 0.0001632419751786384,
  "K4s": 9.940575674556955e-06,
  "V4r": 7.580076239671357e-06,
  "K4p": 9.106179761930004e-06,
  "V5f": 5.0611079844093916e-05,
  "K5s": 2.8373006573997207e-09,
  "V5r": 4.804293515777745e-11,
  "K5p": 2.827856124617937e-09,
  "k_drain": 1.2190084968715092e-08
}