{
  "k1": 1.1040234970097105e-05,
  "Ki": 4.554146587000793,
  "V2f": 0.7094420551355114,
  "K2s": 0.12622300748759469,
  "V2r": 0.24987152025940723,
  "K2p": 0.10393146831474588,
  "V3f": 0.26849670691903177,
  "K3s": 0.09183818886915535,
  "V3r": 0.19199304896980182,
  "K3p": 0.11525755999858157,
  "V4f": 0.39145572063219164,
  "K4s": 0.08163005085275044,
  "V4r": 0.07272728906266421,
  "K4p": 0.09809089732844103,
  "V5f": 0.2412156539367322,
  "K5s": 0.09821293178962665,
  "V5r": 0.06245964112878401,
  "K5p": 0.07958743358232753,
  "k_drain": 0.06954582401863278
}