{
  "k1": 1.4305293828594835e-05,
  "Ki": 5.638846388380043,
  "V2f": 0.8424935913340714,
  "K2s": 0.16308919535914573,
  "V2r": 0.2845088798229001,
  "K2p": 0.15177546235827477,
  "V3f": 0.3300504314999179,
  "K3s": 0.04136233744545404,
  "V3r": 0.2508122350144827,
  "K3p": 0.09370515252833574,
  "V4f": 0.4348077362235287,
  "K4s": 0.08934887412654934,
  "V4r": 0.07477733783283931,
  "K4p": 0.08807191176845361,
  "V5f": 0.2512281987745634,
  "K5s": 0.07909235434271276,
  "V5r": 0.04740313145359065,
  "K5p": 0.07172890344717736,
  "k_drain": 0.05043922139758024
}