{
  "k1": 1.2738897349665297e-05,
  "Ki": 4.582771289435727,
  "V2f": 0.5231884638716197,
  "K2s": 0.10586092798541026,
  "V2r": 0.3079695805085967,
  "K2p": 0.10424828349749884,
  "V3f": 0.2978834155470571,
  "K3s": 0.10942142952434013,
  "V3r": 0.198419614854419,
  "K3p": 0.09685952097088146,
  "V4f": 0.28389444015148657,
  "K4s": 0.11564193668615645,
  "V4r": 0.10766236115946766,
  "K4p": 0.08252728168949844,
  "V5f": 0.22322193424879933,
  "K5s": 0.09445668513534182,
  "V5r": 0.08556052085143379,
  "K5p": 0.08756509091555992,
  "k_drain": 0.10063670388696473
}