{
  "k1": 5.318409258110979e-06,
  "Ki": 0.001147285288028578,
  "V2f": 0.0007421338435389153,
  "K2s": 0.0004014938397069209,
  "V2r": 2.142291198054898e-05,
  "K2p": 0.01386149776999111,
  "V3f": 0.010960101327709686,
  "K3s": 0.0042423504579345,
  "V3r": 0.00010506249176204592,
  "K3p": 0.020408766245982663,
  "V4f": 0.1915585834692347,
  "K4s": 0.0017976950387413031,
  "V4r": 0.0007207995061094205,
  "K4p": 0.16955684204085072,
  "V5f": 0.002984508751840379,
  "K5s": 0.002514610085496022,
  "V5r": 0.005244264485836007,
  "K5p": 0.34568261680103773,
  "k_drain": 0.007434716162040565
}