{
  "k1": 2.395981830004049e-09,
  "Ki": 1.1233586417894137e-06,
  "V2f": 8.305930833149626e-05,
  "K2s": 4.9811089113860085e-06,
  "V2r": 2.7512494379061545e-07,
  "K2p": 4.700710385038017e-06,
  "V3f": 0.0009066862437880871,
  "K3s": 1.3229093060204259e-05,
  "V3r": 4.007451073297057e-05,
  "K3p": 5.857042099413701e-05,
  "V4f": 0.031012365274805,
  "K4s": 6.991757539847827e-05,
  "V4r": 1.8515497989151324e-05,
  "K4p": 0.0011832698642886398,
  "V5f": 0.0007975147184511998,
  "K5s": 0.00013023869235721138,
  "V5r": 1.3271270386650199e-07,
  "K5p": 4.293542261465686e-05,
  "k_drain": 1.0571512219034445e-06
}