{
  "k1": 1.3026967568691675e-05,
  "Ki": 5.0819779331987,
  "V2f": 0.5688385106866809,
  "K2s": 0.12142846542398406,
  "V2r": 0.2861299942180494,
  "K2p": 0.1102136282912603,
  "V3f": 0.31852302099808866,
  "K3s": 0.10425248211204165,
  "V3r": 0.23322918088256014,
  "K3p": 0.09734987807640404,
  "V4f": 0.3096855474729359,
  "K4s": 0.07661976779917955,
  "V4r": 0.07109330174332544,
  "K4p": 0.07439048390217183,
  "V5f": 0.21570986267339326,
  "K5s": 0.08440950296342267,
  "V5r": 0.07395538308050148,
  "K5p": 0.06754763937412187,
  "k_drain": 0.08808663219966725
}