{
  "k1": 4.119440455979305e-09,
  "Ki": 1.3647800545392831e-06,
  "V2f": 9.189730411304753e-05,
  "K2s": 4.926432771036482e-06,
  "V2r": 3.4004063318285635e-07,
  "K2p": 3.743994678733486e-05,
  "V3f": 0.0052558211046274915,
  "K3s": 6.137610758648527e-05,
  "V3r": 2.9977155176613842e-05,
  "K3p": 5.299324656954532e-05,
  "V4f": 0.01527244714525921,
  "K4s": 5.179218734812849e-05,
  "V4r": 3.153328128863685e-06,
  "K4p": 0.0009154513310186594,
  "V5f": 0.0004114795333814839,
  "K5s": 0.005659773209830509,
  "V5r": 6.7941582353258336e-06,
  "K5p": 0.0011161745318453667,
  "k_drain": 3.660104249084141e-06
}