{
  "k1": 1.2669464280091838e-05,
  "Ki": 5.040928082745496,
  "V2f": 0.46997601855955684,
  "K2s": 0.11125279638938143,
  "V2r": 0.2767451563873535,
  "K2p": 0.11710906926603407,
  "V3f": 0.3250705025239393,
  "K3s": 0.11398904324876658,
  "V3r": 0.20167339356620076,
  "K3p": 0.09097442669923302,
  "V4f": 0.3479676490013991,
  "K4s": 0.08639481406449966,
  "V4r": 0.07549885125524035,
  "K4p": 0.08352860968191685,
  "V5f": 0.23627749736580125,
  "K5s": 0.08532775044569878,
  "V5r": 0.07237951929882598,
  "K5p": 0.0637424479975416,
  "k_drain": 0.09009878954802839
}