{
  "k1": 1.007784568304694e-05,
  "Ki": 5.304168598867942,
  "V2f": 1.0677334195020425,
  "K2s": 0.1465645509450247,
  "V2r": 0.28466140434598863,
  "K2p": 0.14319275812647853,
  "V3f": 0.31879372724295474,
  "K3s": 0.06174633627741271,
  "V3r": 0.22084862020537707,
  "K3p": 0.08894548170343768,
  "V4f": 0.48173920285471106,
  "K4s": 0.08694688984521959,
  "V4r": 0.07774228793386387,
  "K4p": 0.10159271240326435,
  "V5f": 0.2280118493559772,
  "K5s": 0.09195056750566365,
  "V5r": 0.05319479484407992,
  "K5p": 0.06858377834628424,
  "k_drain": 0.04843351728296724
}