{
  "k1": 1.33362983645564e-05,
  "Ki": 4.571437836088784,
  "V2f": 0.7349242356797442,
  "K2s": 0.14582662311958458,
  "V2r": 0.24876378049455014,
  "K2p": 0.1097043641109445,
  "V3f": 0.28875274435572873,
  "K3s": 0.07257356164856674,
  "V3r": 0.20550386123520598,
  "K3p": 0.106039705034892,
  "V4f": 0.4513623628613792,
  "K4s": 0.07818499351387047,
  "V4r": 0.0779061672435424,
  "K4p": 0.0996925880357206,
  "V5f": 0.23913189491834416,
  "K5s": 0.10096867365914178,
  "V5r": 0.059885994845490315,
  "K5p": 0.07151494091575936,
  "k_drain": 0.06563124063996979
}