{
  "k1": 2.1535505182449095e-05,
  "Ki": 0.007575414577625964,
  "V2f": 0.0022436100355174397,
  "K2s": 0.002873684969798862,
  "V2r": 0.00012270763064345996,
  "K2p": 0.02243116740447769,
  "V3f": 0.015405956888146896,
  "K3s": 0.00526830380926815,
  "V3r": 0.003186694101726852,
  "K3p": 0.07571263179420275,
  "V4f": 0.09149440368195134,
  "K4s": 0.002158853380831476,
  "V4r": 0.00031818310824432554,
  "K4p": 0.05575761801696693,
  "V5f": 0.005627395741709213,
  "K5s": 0.008346759354512963,
  "V5r": 0.015299873706117744,
  "K5p": 0.16839556189757898,
  "k_drain": 0.04820728651973765
}