{
  "k1": 1.2304195329114133e-05,
  "Ki": 4.959311941702699,
  "V2f": 0.5738740818149052,
  "K2s": 0.10509751483748267,
  "V2r": 0.30491540689254276,
  "K2p": 0.10977144597426099,
  "V3f": 0.3350912774050793,
  "K3s": 0.11060079499173034,
  "V3r": 0.17542540547779403,
  "K3p": 0.09876536777097043,
  "V4f": 0.28894666318234846,
  "K4s": 0.10590468184953654,
  "V4r": 0.11458994178849519,
  "K4p": 0.08812988065791534,
  "V5f": 0.20867475229103352,
  "K5s": 0.11053944712791047,
  "V5r": 0.08529221014629805,
  "K5p": 0.09963076076082937,
  "k_drain": 0.11220141187350408
}