{
  "k1": 1.325324650984701e-05,
  "Ki": 4.674591666866261,
  "V2f": 0.7912778865433086,
  "K2s": 0.1411230409158828,
  "V2r": 0.23976896174346352,
  "K2p": 0.10606414755091464,
  "V3f": 0.2825965138526493,
  "K3s": 0.08255902896486858,
  "V3r": 0.2237098001482136,
  "K3p": 0.09969116760453654,
  "V4f": 0.5105057110859943,
  "K4s": 0.08327406325654403,
  "V4r": 0.08046465501223007,
  "K4p": 0.10539181370615808,
  "V5f": 0.23171802491679144,
  "K5s": 0.10244600581441062,
  "V5r": 0.05995381208664774,
  "K5p": 0.07268385920997875,
  "k_drain": 0.06776490296007198
}