{
  "k1": 9.797392325712863e-06,
  "Ki": 5.703848006861025,
  "V2f": 0.5483055431925009,
  "K2s": 0.09928749435464596,
  "V2r": 0.2869130405696087,
  "K2p": 0.0980453065274289,
  "V3f": 0.35903955927207,
  "K3s": 0.09696434879450194,
  "V3r": 0.18226892587619106,
  "K3p": 0.11072670529733737,
  "V4f": 0.30382935268988526,
  "K4s": 0.09693424001316028,
  "V4r": 0.10436237970002443,
  "K4p": 0.09690042779334171,
  "V5f": 0.18964010724783645,
  "K5s": 0.1062556966872558,
  "V5r": 0.09686980681275036,
  "K5p": 0.10443504607261193,
  "k_drain": 0.10716911606444715
}