{
  "k1": 2.96142633568583e-05,
  "Ki": 1.115674094723217,
  "V2f": 0.002905044926578438,
  "K2s": 0.03440940577311968,
  "V2r": 0.003433478669991349,
  "K2p": 0.0759045490715983,
  "V3f": 0.026747660249653697,
  "K3s": 0.22340710833410907,
  "V3r": 0.008922686594985069,
  "K3p": 0.1030547028972898,
  "V4f": 0.17829355328290822,
  "K4s": 0.0015768274201266206,
  "V4r": 0.0011580586792769947,
  "K4p": 0.20170915657458346,
  "V5f": 0.11166475127716623,
  "K5s": 0.031023553899609063,
  "V5r": 0.05409376711245407,
  "K5p": 0.3976333473504641,
  "k_drain": 0.203777474960863
}