{
  "k1": 9.884830561506571e-06,
  "Ki": 5.4174322179592815,
  "V2f": 1.0620017536316133,
  "K2s": 0.14042190544305408,
  "V2r": 0.28905686004279085,
  "K2p": 0.14469747387919424,
  "V3f": 0.30279883291097637,
  "K3s": 0.06085616346702615,
  "V3r": 0.23967806646090056,
  "K3p": 0.08023216511744082,
  "V4f": 0.45168643441760375,
  "K4s": 0.08221614345021194,
  "V4r": 0.07382348976837581,
  "K4p": 0.09120846606531051,
  "V5f": 0.22281825057829724,
  "K5s": 0.08822128892507711,
  "V5r": 0.05247269420360297,
  "K5p": 0.0680369581957869,
  "k_drain": 0.04896727122184498
}