{
  "k1": 1.2211727356069562e-05,
  "Ki": 4.365069363096157,
  "V2f": 0.7490383620372587,
  "K2s": 0.13631866026605607,
  "V2r": 0.2671639623211067,
  "K2p": 0.11300888830275678,
  "V3f": 0.30154577927513476,
  "K3s": 0.07621466053663696,
  "V3r": 0.22365013932268157,
  "K3p": 0.09243321786578103,
  "V4f": 0.42747384244781267,
  "K4s": 0.07936176696675797,
  "V4r": 0.08079172662819643,
  "K4p": 0.09605886756879953,
  "V5f": 0.2569728903542149,
  "K5s": 0.10524109417476159,
  "V5r": 0.058712964712206155,
  "K5p": 0.07688003749456304,
  "k_drain": 0.06717430257721801
}