{
  "k1": 7.752885535082025e-15,
  "Ki": 1.2309003544379187e-07,
  "V2f": 2.6251267607991756e-08,
  "K2s": 6.27109219106829e-09,
  "V2r": 7.677351516953893e-10,
  "K2p": 9.127172608427845e-06,
  "V3f": 1.039653909724857e-05,
  "K3s": 1.0143776794728332e-07,
  "V3r": 7.115160164889674e-08,
  "K3p": 2.4531126962612324e-08,
  "V4f": 7.919726895149711e-05,
  "K4s": 9.17864482923177e-06,
  "V4r": 3.560109793267631e-06,
  "K4p": 4.737869118332571e-06,
  "V5f": 7.123926506777323e-05,
  "K5s": 8.945075217905937e-09,
  "V5r": 2.8696895813825613e-11,
  "K5p": 9.561984326644436e-10,
  "k_drain": 5.862076428374524e-09
}