{
  "k1": 7.173345847092797e-09,
  "Ki": 3.6675940701696075e-06,
  "V2f": 0.00011289727663791266,
  "K2s": 2.9441472242828477e-06,
  "V2r": 4.137642664465297e-06,
  "K2p": 2.3304526848130927e-05,
  "V3f": 0.02408977985228246,
  "K3s": 7.6251988699252e-05,
  "V3r": 0.00011361327496361332,
  "K3p": 0.0001234330410442856,
  "V4f": 0.02376389859656858,
  "K4s": 0.00017453579940933262,
  "V4r": 5.707221984403554e-06,
  "K4p": 0.00022974369477619374,
  "V5f": 0.000613489342673502,
  "K5s": 0.007572712046013217,
  "V5r": 6.40320337134201e-06,
  "K5p": 0.002622603736234526,
  "k_drain": 6.4697603169463144e-06
}