{
  "k1": 1.2300850892344464e-05,
  "Ki": 4.838158908041246,
  "V2f": 0.4641416535194096,
  "K2s": 0.10598988860771616,
  "V2r": 0.2865824725505982,
  "K2p": 0.11612150023141642,
  "V3f": 0.3248080215110432,
  "K3s": 0.11152402220661779,
  "V3r": 0.22567088765680335,
  "K3p": 0.09696889486129394,
  "V4f": 0.3496028970788427,
  "K4s": 0.08967331818833289,
  "V4r": 0.07351067764123197,
  "K4p": 0.08723326145396913,
  "V5f": 0.24634428271893152,
  "K5s": 0.09409465636312292,
  "V5r": 0.0750208600606906,
  "K5p": 0.06132655827060218,
  "k_drain": 0.0953723456767033
}