{
  "k1": 1.110286804151768e-05,
  "Ki": 5.466892974494571,
  "V2f": 0.49492680808312167,
  "K2s": 0.10086343110018667,
  "V2r": 0.3084451689479741,
  "K2p": 0.111483976952566,
  "V3f": 0.333496093737653,
  "K3s": 0.1133422516404835,
  "V3r": 0.17711901094166183,
  "K3p": 0.10131239167913603,
  "V4f": 0.295256882299542,
  "K4s": 0.10439451109208528,
  "V4r": 0.10841778608051426,
  "K4p": 0.09281874755728779,
  "V5f": 0.19170747237664365,
  "K5s": 0.11132329720867158,
  "V5r": 0.07875648608812039,
  "K5p": 0.1156322920409043,
  "k_drain": 0.10280535486435237
}