{
  "k1": 5.951996478488431e-05,
  "Ki": 0.16026524098189404,
  "V2f": 0.0051603492021034675,
  "K2s": 0.0043061890234800315,
  "V2r": 0.0005088507552414672,
  "K2p": 0.0939796337566139,
  "V3f": 0.02113115668433269,
  "K3s": 0.07254511398329348,
  "V3r": 0.005011989907065307,
  "K3p": 0.07033044376276734,
  "V4f": 0.309077240083457,
  "K4s": 0.0010128281872661248,
  "V4r": 0.0006136401481107028,
  "K4p": 0.18450687281135944,
  "V5f": 0.010497586123070286,
  "K5s": 0.03126690919029879,
  "V5r": 0.10831394203572876,
  "K5p": 0.32277705037158066,
  "k_drain": 0.05202700270216198
}