{
  "k1": 1.1018936589166681e-05,
  "Ki": 5.394170407044798,
  "V2f": 0.5040262047525783,
  "K2s": 0.10115587245768888,
  "V2r": 0.311218993313532,
  "K2p": 0.11047989145625682,
  "V3f": 0.32627450658428514,
  "K3s": 0.11293989727044002,
  "V3r": 0.17699929514241808,
  "K3p": 0.10216597731933397,
  "V4f": 0.28301465690220795,
  "K4s": 0.10420119886661597,
  "V4r": 0.10860330046140287,
  "K4p": 0.09009862008027704,
  "V5f": 0.1934005473786793,
  "K5s": 0.10860050323847247,
  "V5r": 0.08000940292088832,
  "K5p": 0.11471481228407852,
  "k_drain": 0.10396509992859539
}