{
  "k1": 3.83802784851162e-05,
  "Ki": 0.08283735514782097,
  "V2f": 0.0028933315647325566,
  "K2s": 0.0029251101656280008,
  "V2r": 0.0005726556464784717,
  "K2p": 0.08225761131143038,
  "V3f": 0.03063085572735689,
  "K3s": 0.03663263398429547,
  "V3r": 0.006544614128572607,
  "K3p": 0.07780376684485736,
  "V4f": 0.24924375410134786,
  "K4s": 0.001418245929040414,
  "V4r": 0.0006224966032391197,
  "K4p": 0.166891073304665,
  "V5f": 0.013004835766290055,
  "K5s": 0.04533532330264899,
  "V5r": 0.07409171102980874,
  "K5p": 0.44698436634443167,
  "k_drain": 0.04198953330528492
}