{
  "k1": 1.3816933189444062e-05,
  "Ki": 4.61477428879174,
  "V2f": 0.767912123749294,
  "K2s": 0.14673613181449535,
  "V2r": 0.2403488116530503,
  "K2p": 0.11420285238432161,
  "V3f": 0.28808890412366633,
  "K3s": 0.08253798996381978,
  "V3r": 0.21395651788352998,
  "K3p": 0.09568612257222053,
  "V4f": 0.4856696657270692,
  "K4s": 0.08509581488848929,
  "V4r": 0.0791702850042035,
  "K4p": 0.10786257838221444,
  "V5f": 0.23813439049599358,
  "K5s": 0.09757652291612519,
  "V5r": 0.05790587821632172,
  "K5p": 0.07231454144479652,
  "k_drain": 0.06752601239461793
}