{
  "k1": 3.2235213551126707e-13,
  "Ki": 3.1814280602624445e-07,
  "V2f": 1.8654823328496876e-05,
  "K2s": 4.4155073175019425e-07,
  "V2r": 1.9712223294408966e-09,
  "K2p": 2.1446052406398758e-05,
  "V3f": 0.0002381590400252287,
  "K3s": 1.2003110089167553e-06,
  "V3r": 1.2775171653425413e-06,
  "K3p": 9.349610333454268e-06,
  "V4f": 0.00023420571571141586,
  "K4s": 1.5496246049560015e-06,
  "V4r": 2.519141191957847e-06,
  "K4p": 2.0688426777805796e-05,
  "V5f": 0.0022102080071177217,
  "K5s": 1.0553221830695163e-07,
  "V5r": 4.59040764483941e-09,
  "K5p": 6.198449409911117e-07,
  "k_drain": 5.685332407897089e-08
}