{
  "k1": 1.1468437523027717e-05,
  "Ki": 4.954593366492624,
  "V2f": 0.6855535085153284,
  "K2s": 0.11481122746793423,
  "V2r": 0.2535668374811611,
  "K2p": 0.0964339699275062,
  "V3f": 0.3437737255834983,
  "K3s": 0.09627194714178346,
  "V3r": 0.20275731473932715,
  "K3p": 0.11272896604732953,
  "V4f": 0.3377105039293415,
  "K4s": 0.06716904812384969,
  "V4r": 0.062166368883465474,
  "K4p": 0.08709766918251077,
  "V5f": 0.19506604830697924,
  "K5s": 0.08036379357369083,
  "V5r": 0.06520773910001029,
  "K5p": 0.07991747283925295,
  "k_drain": 0.08868008668554524
}