{
  "k1": 1.4369505712084346e-05,
  "Ki": 5.489006656282364,
  "V2f": 0.8420824607365411,
  "K2s": 0.1579648950074669,
  "V2r": 0.2777845582821185,
  "K2p": 0.15119132449430273,
  "V3f": 0.3334984138397689,
  "K3s": 0.040749757202366586,
  "V3r": 0.2583192008421933,
  "K3p": 0.10078170312752417,
  "V4f": 0.42404662512671654,
  "K4s": 0.09686498349573527,
  "V4r": 0.0688962815568918,
  "K4p": 0.09343544593449583,
  "V5f": 0.2442186955664013,
  "K5s": 0.08077705988817667,
  "V5r": 0.046007865568167,
  "K5p": 0.0725093678858264,
  "k_drain": 0.049531054608303066
}