{
  "k1": 1.2972049606753401e-05,
  "Ki": 4.914362952276958,
  "V2f": 0.7177689802586112,
  "K2s": 0.12567390507145748,
  "V2r": 0.24451594267989166,
  "K2p": 0.10378811144508326,
  "V3f": 0.32605675781483784,
  "K3s": 0.0916884572992031,
  "V3r": 0.1934840853449832,
  "K3p": 0.11091794650826477,
  "V4f": 0.34764278337995624,
  "K4s": 0.06819032426446646,
  "V4r": 0.05300354617146317,
  "K4p": 0.091026799653365,
  "V5f": 0.19943177316186722,
  "K5s": 0.08659887511447315,
  "V5r": 0.06237586922222318,
  "K5p": 0.08701071753931129,
  "k_drain": 0.07281527058006078
}