{
  "k1": 2.830240943104725e-14,
  "Ki": 3.616760611263112e-07,
  "V2f": 1.0737896828270265e-06,
  "K2s": 6.226408484292578e-08,
  "V2r": 9.49664067320233e-09,
  "K2p": 4.2238097820719174e-05,
  "V3f": 0.00017842374250243533,
  "K3s": 2.9700157290082103e-07,
  "V3r": 2.434171079341176e-06,
  "K3p": 1.5115265624511383e-06,
  "V4f": 0.0005936775933216253,
  "K4s": 7.596715478133639e-07,
  "V4r": 1.793176844317657e-06,
  "K4p": 6.8671310590643e-06,
  "V5f": 0.00132486259779442,
  "K5s": 1.2001726895573523e-07,
  "V5r": 6.160328180836423e-10,
  "K5p": 1.1700188011036772e-07,
  "k_drain": 2.8356609915988703e-08
}