{
  "k1": 1.4360023770946067e-05,
  "Ki": 5.762416899953907,
  "V2f": 0.914826721062177,
  "K2s": 0.14724900060792748,
  "V2r": 0.21835094032061475,
  "K2p": 0.1330099251290313,
  "V3f": 0.3561495134817186,
  "K3s": 0.03662729819696286,
  "V3r": 0.31041325101714384,
  "K3p": 0.11077090362390479,
  "V4f": 0.39508995415723613,
  "K4s": 0.10261744565825438,
  "V4r": 0.06796842830335288,
  "K4p": 0.10831522519202014,
  "V5f": 0.20489161734262545,
  "K5s": 0.06867590660570266,
  "V5r": 0.05607020979463941,
  "K5p": 0.06015884239423879,
  "k_drain": 0.04870791908590548
}