{
  "k1": 1.3656752399591362e-05,
  "Ki": 4.4873871880356395,
  "V2f": 0.7552922634574974,
  "K2s": 0.1481425557694609,
  "V2r": 0.24417233585787407,
  "K2p": 0.11417193975420652,
  "V3f": 0.2986451074318719,
  "K3s": 0.0750667574594338,
  "V3r": 0.21310027616923305,
  "K3p": 0.10354541316002253,
  "V4f": 0.43192614894270465,
  "K4s": 0.07436583546503805,
  "V4r": 0.07893474929845089,
  "K4p": 0.10045959683089058,
  "V5f": 0.26342739033515067,
  "K5s": 0.10044407132715626,
  "V5r": 0.06013963559471796,
  "K5p": 0.07646557395420324,
  "k_drain": 0.06361184821684214
}