{
  "k1": 1.3016045091288881e-05,
  "Ki": 4.192404621200129,
  "V2f": 1.0628150524468463,
  "K2s": 0.13383476515173393,
  "V2r": 0.2566853249540694,
  "K2p": 0.1004524657989983,
  "V3f": 0.33725333126794416,
  "K3s": 0.07208831908043883,
  "V3r": 0.24089847163159744,
  "K3p": 0.07665215390326434,
  "V4f": 0.4853786585262872,
  "K4s": 0.06937904838529059,
  "V4r": 0.08165275693703694,
  "K4p": 0.10770693741021646,
  "V5f": 0.23606994158071873,
  "K5s": 0.09564311962570708,
  "V5r": 0.05575171437839948,
  "K5p": 0.06196993734149241,
  "k_drain": 0.05870422540182417
}