{
  "k1": 3.7634315397952853e-10,
  "Ki": 9.80678669184767e-07,
  "V2f": 2.6286717808253333e-05,
  "K2s": 5.0093347342471715e-06,
  "V2r": 8.160463361501476e-08,
  "K2p": 2.8248491834688995e-06,
  "V3f": 0.001374432418820283,
  "K3s": 3.745339074344932e-06,
  "V3r": 2.4097402765607927e-05,
  "K3p": 1.85319326668934e-05,
  "V4f": 0.009341896484660266,
  "K4s": 8.562479064680354e-05,
  "V4r": 6.924099784957807e-05,
  "K4p": 0.0006238816073420494,
  "V5f": 0.001304930802931898,
  "K5s": 3.1466877157993795e-05,
  "V5r": 2.8480895545042564e-07,
  "K5p": 1.1365709029334494e-05,
  "k_drain": 3.663938588597614e-07
}