{
  "k1": 1.177967832531207e-05,
  "Ki": 5.020104039575077,
  "V2f": 0.5845853440345518,
  "K2s": 0.12499624965816894,
  "V2r": 0.27106590485449916,
  "K2p": 0.1171933861099437,
  "V3f": 0.3353026283964691,
  "K3s": 0.10629093180307496,
  "V3r": 0.20382471187246937,
  "K3p": 0.09226376743597865,
  "V4f": 0.2800091130708307,
  "K4s": 0.07377472322176092,
  "V4r": 0.06574698939370519,
  "K4p": 0.07503003972972914,
  "V5f": 0.23977648469233223,
  "K5s": 0.08561959250753544,
  "V5r": 0.07622674955063953,
  "K5p": 0.07323317522167869,
  "k_drain": 0.09229198270421239
}