{
  "k1": 1.0438145694274491e-05,
  "Ki": 4.3335598869408445,
  "V2f": 1.035572538797556,
  "K2s": 0.14071073507689286,
  "V2r": 0.274417215147212,
  "K2p": 0.1280467422223024,
  "V3f": 0.3042759081699502,
  "K3s": 0.06161485490501687,
  "V3r": 0.23073965397070975,
  "K3p": 0.08254223731103197,
  "V4f": 0.43085231654682365,
  "K4s": 0.08693783385857076,
  "V4r": 0.07837491420838906,
  "K4p": 0.11044382081206543,
  "V5f": 0.2273398461089429,
  "K5s": 0.10198220536596776,
  "V5r": 0.05205159192153369,
  "K5p": 0.06420367835813307,
  "k_drain": 0.05114008821070911
}