{
  "k1": 1.4028106849145236e-05,
  "Ki": 5.673457323013356,
  "V2f": 0.9398521548034716,
  "K2s": 0.14520511158123986,
  "V2r": 0.22402634222177198,
  "K2p": 0.13135385316690412,
  "V3f": 0.3591936516963278,
  "K3s": 0.035848276534477044,
  "V3r": 0.30904673085062245,
  "K3p": 0.11205061715295228,
  "V4f": 0.40195902683075185,
  "K4s": 0.1025122535435598,
  "V4r": 0.0695723487859094,
  "K4p": 0.11016059232144959,
  "V5f": 0.20332605511300333,
  "K5s": 0.0733653404363781,
  "V5r": 0.054465467344885825,
  "K5p": 0.060553486857345136,
  "k_drain": 0.04759196287074415
}