{
  "k1": 1.198405786804816e-05,
  "Ki": 4.922052586716443,
  "V2f": 0.6492471682237421,
  "K2s": 0.11997301415180202,
  "V2r": 0.2514141141731846,
  "K2p": 0.10836685502442817,
  "V3f": 0.3341480490149179,
  "K3s": 0.10281263768005966,
  "V3r": 0.19496598019508926,
  "K3p": 0.09312662768407441,
  "V4f": 0.29778877860273595,
  "K4s": 0.06670797978212642,
  "V4r": 0.06514160999391956,
  "K4p": 0.08004715653621326,
  "V5f": 0.23816080646150772,
  "K5s": 0.07816231482497449,
  "V5r": 0.08053984524060329,
  "K5p": 0.07394095084249433,
  "k_drain": 0.10221098723559226
}