{
  "k1": 2.4292579234238294e-09,
  "Ki": 5.990052960371111e-07,
  "V2f": 3.519572020042656e-05,
  "K2s": 6.805692161077144e-06,
  "V2r": 3.763404967673033e-08,
  "K2p": 2.4407857505526714e-06,
  "V3f": 0.0005733549170293206,
  "K3s": 3.2821122317556075e-07,
  "V3r": 7.0099204609660865e-06,
  "K3p": 1.8158278940432673e-05,
  "V4f": 0.009133303148297373,
  "K4s": 1.3687572848759959e-05,
  "V4r": 6.396789679438957e-06,
  "K4p": 0.0003905246186433837,
  "V5f": 9.35348342039548e-05,
  "K5s": 7.732476316639407e-06,
  "V5r": 1.579678185955141e-07,
  "K5p": 6.691424519248102e-06,
  "k_drain": 3.008973015854983e-07
}