{
  "k1": 1.1450948678564845e-05,
  "Ki": 4.1653140049147,
  "V2f": 1.0245021981413294,
  "K2s": 0.13171286769035087,
  "V2r": 0.29092174945852106,
  "K2p": 0.10589185868527505,
  "V3f": 0.3007756394462708,
  "K3s": 0.05741763263588817,
  "V3r": 0.23938713314621213,
  "K3p": 0.08469983724395658,
  "V4f": 0.4595927219111167,
  "K4s": 0.07774927563996717,
  "V4r": 0.08738051419821488,
  "K4p": 0.10720642231479671,
  "V5f": 0.21760836298835204,
  "K5s": 0.09820209896566298,
  "V5r": 0.046532755216716556,
  "K5p": 0.06422111218968522,
  "k_drain": 0.054516031814395224
}