{
  "k1": 1.0896244112187508e-05,
  "Ki": 5.312159730234004,
  "V2f": 1.0749710490339628,
  "K2s": 0.14952794864673222,
  "V2r": 0.31269654450565504,
  "K2p": 0.13502589869139,
  "V3f": 0.31593490741991914,
  "K3s": 0.0562209719337474,
  "V3r": 0.2498469241061465,
  "K3p": 0.07697012420770244,
  "V4f": 0.43418767196853897,
  "K4s": 0.08522958628097471,
  "V4r": 0.07037912285391916,
  "K4p": 0.09258334469623354,
  "V5f": 0.2326010971445292,
  "K5s": 0.09063833200073727,
  "V5r": 0.050141421307174125,
  "K5p": 0.06700340446011249,
  "k_drain": 0.05238890246849296
}