{
  "k1": 1.2471592112295971e-05,
  "Ki": 5.102712635704367,
  "V2f": 0.572807028664983,
  "K2s": 0.12457371552134694,
  "V2r": 0.2924002962311685,
  "K2p": 0.11288242489877479,
  "V3f": 0.3219602804603258,
  "K3s": 0.10192376893905232,
  "V3r": 0.22779603687705516,
  "K3p": 0.09376986011394794,
  "V4f": 0.28894793078648234,
  "K4s": 0.07669814814109314,
  "V4r": 0.06920420747415233,
  "K4p": 0.07363547471008353,
  "V5f": 0.228377744376569,
  "K5s": 0.08445897087125318,
  "V5r": 0.07863959241158275,
  "K5p": 0.07280848400907267,
  "k_drain": 0.09483737103313894
}