{
  "k1": 2.705493263306363e-09,
  "Ki": 2.421730511427337e-06,
  "V2f": 4.653509101485372e-05,
  "K2s": 6.508263607044097e-06,
  "V2r": 1.4846446002091663e-07,
  "K2p": 3.966383963559298e-06,
  "V3f": 0.0012613118638990827,
  "K3s": 1.5145597643227821e-05,
  "V3r": 5.499168795169327e-05,
  "K3p": 5.509266533177127e-05,
  "V4f": 0.015536679343445292,
  "K4s": 0.00015507935428307458,
  "V4r": 3.4374175343535915e-05,
  "K4p": 0.0005204058174964956,
  "V5f": 0.0008152345993225028,
  "K5s": 6.1612818097895e-05,
  "V5r": 8.424151952738792e-08,
  "K5p": 2.8766086677386604e-05,
  "k_drain": 8.535756616686676e-07
}