{
  "k1": 1.3147928139918113e-05,
  "Ki": 4.675125752762503,
  "V2f": 0.835335985019293,
  "K2s": 0.14535035179631334,
  "V2r": 0.24632175835206147,
  "K2p": 0.10662975927540413,
  "V3f": 0.28482265555140795,
  "K3s": 0.08100174442086484,
  "V3r": 0.22205290942396233,
  "K3p": 0.0990749624483332,
  "V4f": 0.4993204600099145,
  "K4s": 0.07752306310006865,
  "V4r": 0.08114979871257534,
  "K4p": 0.10524799471757919,
  "V5f": 0.22797137750131052,
  "K5s": 0.09839612182973517,
  "V5r": 0.06101687506608967,
  "K5p": 0.07329251235945429,
  "k_drain": 0.06733892402417882
}