{
  "k1": 1.2510472674906139e-05,
  "Ki": 4.796031905982158,
  "V2f": 0.4542445425813621,
  "K2s": 0.1058330119827612,
  "V2r": 0.2945520824767404,
  "K2p": 0.11235043509633921,
  "V3f": 0.32429912099528624,
  "K3s": 0.10958087176149382,
  "V3r": 0.2205436166103252,
  "K3p": 0.10162786366849286,
  "V4f": 0.3574858970042045,
  "K4s": 0.0899169188602788,
  "V4r": 0.07468080682123537,
  "K4p": 0.0875038836304449,
  "V5f": 0.24343264188996513,
  "K5s": 0.09500345297663802,
  "V5r": 0.07543613523560777,
  "K5p": 0.06421740424374868,
  "k_drain": 0.09704673954189025
}