{
  "k1": 1.3417120865142707e-08,
  "Ki": 2.537186307044737e-06,
  "V2f": 9.910988549861084e-05,
  "K2s": 4.119560226735589e-06,
  "V2r": 3.4989916475039695e-06,
  "K2p": 2.223664449613592e-05,
  "V3f": 0.01747175153703286,
  "K3s": 5.5985716871243424e-05,
  "V3r": 8.35867700336549e-05,
  "K3p": 0.000231501019487217,
  "V4f": 0.022669996986772814,
  "K4s": 0.000147047545939945,
  "V4r": 7.878009344976912e-06,
  "K4p": 0.00016393657749055678,
  "V5f": 0.0006654681585919952,
  "K5s": 0.005134932437839884,
  "V5r": 6.078087729708449e-06,
  "K5p": 0.005104465073138588,
  "k_drain": 1.2827474661824829e-05
}