{
  "k1": 1.241709287296991e-05,
  "Ki": 4.312255764411197,
  "V2f": 0.9989798100300118,
  "K2s": 0.13722873846236588,
  "V2r": 0.2596880324727946,
  "K2p": 0.1053326143647227,
  "V3f": 0.30702452093928495,
  "K3s": 0.06606506285372349,
  "V3r": 0.22800650885474782,
  "K3p": 0.07441018249930677,
  "V4f": 0.46052833299756557,
  "K4s": 0.07708952626563269,
  "V4r": 0.08773484255042725,
  "K4p": 0.12100735065814303,
  "V5f": 0.24190602882893789,
  "K5s": 0.0919707652529548,
  "V5r": 0.04917177476052396,
  "K5p": 0.06711677980813882,
  "k_drain": 0.05370238333162581
}