{
  "k1": 1.0301619331161154e-05,
  "Ki": 5.467879512689065,
  "V2f": 1.079468047069405,
  "K2s": 0.14672387132027262,
  "V2r": 0.30974362933548233,
  "K2p": 0.1383546684388181,
  "V3f": 0.33089109293204344,
  "K3s": 0.057704848369603545,
  "V3r": 0.241420524997998,
  "K3p": 0.07699055782988057,
  "V4f": 0.44729332096138796,
  "K4s": 0.08350671594348205,
  "V4r": 0.07200338130744029,
  "K4p": 0.09014541872957539,
  "V5f": 0.2329368836919896,
  "K5s": 0.08913282433436141,
  "V5r": 0.04989566290531851,
  "K5p": 0.06979122730135547,
  "k_drain": 0.05047278319047754
}