{
  "k1": 1.400289084561419e-05,
  "Ki": 5.856585859906657,
  "V2f": 0.8539686507105607,
  "K2s": 0.16824329022908913,
  "V2r": 0.2521134103053315,
  "K2p": 0.13925393236117656,
  "V3f": 0.34431437949225585,
  "K3s": 0.03656612000241966,
  "V3r": 0.2975675982331734,
  "K3p": 0.12062559766066248,
  "V4f": 0.4300845174715928,
  "K4s": 0.10762157005336564,
  "V4r": 0.0637359339341946,
  "K4p": 0.09629439405174708,
  "V5f": 0.1908916453658478,
  "K5s": 0.08012759314932143,
  "V5r": 0.050132930757847936,
  "K5p": 0.061292839386257944,
  "k_drain": 0.050544284965182186
}