{
  "k1": 1.5419267791528508e-05,
  "Ki": 5.2527164765780725,
  "V2f": 0.8761669890667267,
  "K2s": 0.1669025736805888,
  "V2r": 0.21442758516459604,
  "K2p": 0.13937540227511178,
  "V3f": 0.4534024430762479,
  "K3s": 0.03899349624110996,
  "V3r": 0.32180125530773446,
  "K3p": 0.11276198533784192,
  "V4f": 0.40022370953371966,
  "K4s": 0.10158552006095042,
  "V4r": 0.06126748354443838,
  "K4p": 0.10632508668098782,
  "V5f": 0.1792712867203232,
  "K5s": 0.06943345579289749,
  "V5r": 0.06131321297423967,
  "K5p": 0.05668024266576534,
  "k_drain": 0.051750486545674754
}