{
  "k1": 1.1811131258980967e-05,
  "Ki": 5.640681921494278,
  "V2f": 0.8058641993862341,
  "K2s": 0.12670956841887,
  "V2r": 0.24663719076666987,
  "K2p": 0.09562491701275339,
  "V3f": 0.35665474455349266,
  "K3s": 0.09814665607930097,
  "V3r": 0.20926487604293156,
  "K3p": 0.10944110310179579,
  "V4f": 0.3058516034906083,
  "K4s": 0.06712522139210961,
  "V4r": 0.06262083956317734,
  "K4p": 0.0963582251514755,
  "V5f": 0.20339636245177875,
  "K5s": 0.0785643038597715,
  "V5r": 0.07386918835482796,
  "K5p": 0.07287901627357254,
  "k_drain": 0.0893286864003637
}