{
  "k1": 6.69162084109009e-11,
  "Ki": 2.2197922812808407e-07,
  "V2f": 2.333735085742794e-05,
  "K2s": 6.579975274564124e-07,
  "V2r": 5.210766058981058e-09,
  "K2p": 1.96349314295371e-05,
  "V3f": 0.0007205367757888504,
  "K3s": 1.8837677733338046e-06,
  "V3r": 2.123753664897138e-06,
  "K3p": 3.9331765630252834e-05,
  "V4f": 0.0027215859733053715,
  "K4s": 8.472230382680748e-06,
  "V4r": 2.866092076664624e-06,
  "K4p": 0.0002921053689292059,
  "V5f": 0.0004475626084645655,
  "K5s": 1.027413755402388e-06,
  "V5r": 2.3678446270274547e-08,
  "K5p": 1.9025126882363225e-06,
  "k_drain": 6.182385215611321e-07
}