{
  "k1": 1.3327034980351106e-05,
  "Ki": 4.537949434204402,
  "V2f": 0.9090008815380866,
  "K2s": 0.1429262750677651,
  "V2r": 0.24566004368026434,
  "K2p": 0.11014409354164383,
  "V3f": 0.2961989406501092,
  "K3s": 0.07594208069953574,
  "V3r": 0.23030726443949012,
  "K3p": 0.09278956018271989,
  "V4f": 0.4741399258630029,
  "K4s": 0.07629165511430801,
  "V4r": 0.09104013686192376,
  "K4p": 0.10113063661291517,
  "V5f": 0.23931720236582282,
  "K5s": 0.09839526638238605,
  "V5r": 0.05464161383598003,
  "K5p": 0.06608174050943874,
  "k_drain": 0.06667871500967297
}