{
  "k1": 1.414433988141136e-05,
  "Ki": 4.446520290774564,
  "V2f": 1.104126557959484,
  "K2s": 0.14740896707518075,
  "V2r": 0.2687321048072609,
  "K2p": 0.10370878466667321,
  "V3f": 0.32827925901052557,
  "K3s": 0.06816609548000604,
  "V3r": 0.2554121966407515,
  "K3p": 0.0774806883604707,
  "V4f": 0.4498489996211889,
  "K4s": 0.07497385393936844,
  "V4r": 0.08039121169376796,
  "K4p": 0.11351299336296368,
  "V5f": 0.22498963637749664,
  "K5s": 0.09093696411933547,
  "V5r": 0.05274224377987079,
  "K5p": 0.06299005778994086,
  "k_drain": 0.0528899435911436
}