{
  "k1": 1.2351768634126012e-05,
  "Ki": 4.29198975875517,
  "V2f": 0.4585912277669226,
  "K2s": 0.1049456201449779,
  "V2r": 0.3135413247668442,
  "K2p": 0.11758293971100382,
  "V3f": 0.3147898569585771,
  "K3s": 0.10925324264144158,
  "V3r": 0.22150890454575486,
  "K3p": 0.10734705815793921,
  "V4f": 0.3375139422402473,
  "K4s": 0.09073421852943622,
  "V4r": 0.07260468343192802,
  "K4p": 0.0937441779570122,
  "V5f": 0.24083955691228454,
  "K5s": 0.0915015799704498,
  "V5r": 0.07147807153476979,
  "K5p": 0.06466263851321884,
  "k_drain": 0.09635785821361162
}