{
  "k1": 1.283977110528099e-08,
  "Ki": 6.614387166458464e-06,
  "V2f": 5.0045417791216126e-05,
  "K2s": 2.4086269499208027e-06,
  "V2r": 3.876330401994854e-06,
  "K2p": 7.013544245936315e-05,
  "V3f": 0.007985594369356997,
  "K3s": 0.00016509435911416886,
  "V3r": 5.3802606975456026e-05,
  "K3p": 0.0001402887173024022,
  "V4f": 0.021889125639468404,
  "K4s": 8.917973550075276e-05,
  "V4r": 8.634824167257187e-06,
  "K4p": 0.00015618175633770931,
  "V5f": 0.0005374529526984487,
  "K5s": 0.006137732613459206,
  "V5r": 3.6158195731239873e-06,
  "K5p": 0.0075671218605026895,
  "k_drain": 1.0791105349335448e-05
}