{
  "k1": 1.5464167419308417e-05,
  "Ki": 0.004979480042464911,
  "V2f": 0.0018244580333717174,
  "K2s": 0.002569113009320918,
  "V2r": 7.724781016129131e-05,
  "K2p": 0.021262010280222676,
  "V3f": 0.019931079788610702,
  "K3s": 0.0035793518992621484,
  "V3r": 0.0025501241472420944,
  "K3p": 0.02661453716635636,
  "V4f": 0.10671748536002164,
  "K4s": 0.003932790832148155,
  "V4r": 0.0005408641808119523,
  "K4p": 0.06262524011662202,
  "V5f": 0.0029978034948015455,
  "K5s": 0.007359605229719116,
  "V5r": 0.010472007124236285,
  "K5p": 0.18366087861232958,
  "k_drain": 0.029460092848041422
}