{
  "k1": 1.2377466361727258e-05,
  "Ki": 4.7895138526501775,
  "V2f": 0.5746317272472306,
  "K2s": 0.10672602926218226,
  "V2r": 0.3048804962377789,
  "K2p": 0.1071606686073881,
  "V3f": 0.31574678977909754,
  "K3s": 0.11546558799169222,
  "V3r": 0.17813141219831044,
  "K3p": 0.09469502868757856,
  "V4f": 0.2881686124805595,
  "K4s": 0.10560237963870708,
  "V4r": 0.11612819976628684,
  "K4p": 0.08924547214306626,
  "V5f": 0.20089343545002214,
  "K5s": 0.10386685265147963,
  "V5r": 0.08678346859679788,
  "K5p": 0.09791312054667296,
  "k_drain": 0.106744941046218
}