{
  "k1": 1.2049537579844412e-05,
  "Ki": 4.93698245308373,
  "V2f": 0.686089852403924,
  "K2s": 0.1141726961529842,
  "V2r": 0.25847007265300037,
  "K2p": 0.10529738890802139,
  "V3f": 0.35443915475411464,
  "K3s": 0.10106810232235229,
  "V3r": 0.2018089293781443,
  "K3p": 0.10375134046590902,
  "V4f": 0.3105522775751959,
  "K4s": 0.06734530305104985,
  "V4r": 0.06961855958330344,
  "K4p": 0.08441188847178574,
  "V5f": 0.21796999388112998,
  "K5s": 0.08044415564107585,
  "V5r": 0.08004275394558168,
  "K5p": 0.07264396508000516,
  "k_drain": 0.10353449569780505
}