{
  "k1": 3.826198692176797e-09,
  "Ki": 5.733532216524664e-07,
  "V2f": 3.3521217425703696e-05,
  "K2s": 6.223767585005331e-06,
  "V2r": 5.5476172943152144e-08,
  "K2p": 1.6172215620374848e-06,
  "V3f": 0.0007762940865673634,
  "K3s": 5.997638818512362e-07,
  "V3r": 4.346671451295157e-06,
  "K3p": 2.1173692988072036e-05,
  "V4f": 0.003791896401345135,
  "K4s": 1.0458351376798946e-05,
  "V4r": 8.25326504073263e-06,
  "K4p": 0.00010672023248980586,
  "V5f": 0.00020976281198496129,
  "K5s": 3.429160466296012e-06,
  "V5r": 1.4572257138704238e-07,
  "K5p": 1.5801593248759474e-05,
  "k_drain": 4.890964259676684e-07
}