{
  "k1": 1.1163682886834465e-05,
  "Ki": 5.39013193591103,
  "V2f": 0.5108064214179068,
  "K2s": 0.10004456893928043,
  "V2r": 0.31437710110361167,
  "K2p": 0.11210696935062352,
  "V3f": 0.3358822771206887,
  "K3s": 0.10989210546074815,
  "V3r": 0.18252635428237857,
  "K3p": 0.10215067104930822,
  "V4f": 0.3013067362645777,
  "K4s": 0.10150304918131162,
  "V4r": 0.10486548231165332,
  "K4p": 0.09505723701207315,
  "V5f": 0.18975172500837512,
  "K5s": 0.10618630045017316,
  "V5r": 0.08096697397078258,
  "K5p": 0.1154429155747016,
  "k_drain": 0.1035913728229256
}