{
  "k1": 3.567369100563047e-05,
  "Ki": 0.2949107286427478,
  "V2f": 0.0033324776007530154,
  "K2s": 0.0020974110112317633,
  "V2r": 0.0003469900641627422,
  "K2p": 0.07493269326639415,
  "V3f": 0.03008325243329347,
  "K3s": 0.1453780129422007,
  "V3r": 0.003232996049342601,
  "K3p": 0.13187451449483029,
  "V4f": 0.38919600475451704,
  "K4s": 0.0010514372338646294,
  "V4r": 0.0010472881851253057,
  "K4p": 0.1820845588546031,
  "V5f": 0.008533305789012123,
  "K5s": 0.0413947228624171,
  "V5r": 0.10072084383308746,
  "K5p": 0.16259247348774714,
  "k_drain": 0.10888511802685058
}