{
  "k1": 1.269344454502836e-05,
  "Ki": 4.567267445760629,
  "V2f": 1.0305617517648111,
  "K2s": 0.1369281923235337,
  "V2r": 0.26788767675829595,
  "K2p": 0.11061352997407316,
  "V3f": 0.3214229096964026,
  "K3s": 0.06377491568921936,
  "V3r": 0.2267022598316724,
  "K3p": 0.07851958253666391,
  "V4f": 0.45412219506280865,
  "K4s": 0.07930743049284404,
  "V4r": 0.08622089068898338,
  "K4p": 0.11465549660518991,
  "V5f": 0.23693657776343274,
  "K5s": 0.09627128511391346,
  "V5r": 0.04750236225078073,
  "K5p": 0.06495910040956199,
  "k_drain": 0.052872291470823965
}