{
  "k1": 1.3078399573875256e-05,
  "Ki": 5.116815615231329,
  "V2f": 0.5005115797827063,
  "K2s": 0.11253503620391457,
  "V2r": 0.2877565632233595,
  "K2p": 0.10625344728632628,
  "V3f": 0.32207447792113186,
  "K3s": 0.10660802531732735,
  "V3r": 0.20603800587751273,
  "K3p": 0.09896075028078104,
  "V4f": 0.3042494100792934,
  "K4s": 0.08490177837838257,
  "V4r": 0.073847942386086,
  "K4p": 0.07822024860162612,
  "V5f": 0.20746285600697306,
  "K5s": 0.08186853481509913,
  "V5r": 0.07057763135467142,
  "K5p": 0.06330797129580902,
  "k_drain": 0.09513021338932867
}