{
  "k1": 2.21095915917925e-09,
  "Ki": 5.187540592383217e-07,
  "V2f": 0.0001137874642979488,
  "K2s": 8.895021233418648e-06,
  "V2r": 5.775044055838818e-07,
  "K2p": 5.37199109684639e-06,
  "V3f": 0.0028558432550007257,
  "K3s": 8.141852739610811e-05,
  "V3r": 8.899158902186339e-05,
  "K3p": 0.00020679121903380228,
  "V4f": 0.022346323620663418,
  "K4s": 4.0064447975308204e-05,
  "V4r": 6.062818729540465e-06,
  "K4p": 0.0028843725473119094,
  "V5f": 0.0005032890779401027,
  "K5s": 0.00044616652574075866,
  "V5r": 2.246815341094902e-07,
  "K5p": 0.00018320264411775752,
  "k_drain": 6.82868776973111e-07
}