{
  "k1": 7.539537469488886e-10,
  "Ki": 2.50703799462349e-07,
  "V2f": 1.4170981489021624e-05,
  "K2s": 2.541349314033929e-06,
  "V2r": 1.7658743805734685e-08,
  "K2p": 2.863673174418872e-06,
  "V3f": 0.00045091741608234437,
  "K3s": 1.1737273951724547e-06,
  "V3r": 4.694617958446392e-06,
  "K3p": 8.678483761880461e-05,
  "V4f": 0.0010832677909605934,
  "K4s": 2.011648706423742e-05,
  "V4r": 3.707971281736442e-06,
  "K4p": 8.571069702446162e-05,
  "V5f": 0.0003171784138567398,
  "K5s": 1.298621690635119e-06,
  "V5r": 4.0898452502623625e-08,
  "K5p": 6.799647697759437e-06,
  "k_drain": 5.773524536656165e-07
}