{
  "k1": 1.0954189764834133e-05,
  "Ki": 5.018875811070301,
  "V2f": 0.7192619990359749,
  "K2s": 0.11611033975040871,
  "V2r": 0.23650833954359157,
  "K2p": 0.09605382487836203,
  "V3f": 0.3388255213005298,
  "K3s": 0.09896287916488102,
  "V3r": 0.21147409385632543,
  "K3p": 0.10819265799073284,
  "V4f": 0.29696003733904036,
  "K4s": 0.06629761231128152,
  "V4r": 0.06835815451495546,
  "K4p": 0.09230580709574407,
  "V5f": 0.20164663882261658,
  "K5s": 0.0805396735386501,
  "V5r": 0.07872855056522098,
  "K5p": 0.07385790732575795,
  "k_drain": 0.0988652979256137
}