{
  "k1": 4.311828845262733e-05,
  "Ki": 0.06778142640777496,
  "V2f": 0.0054538167118135675,
  "K2s": 0.004923496140296445,
  "V2r": 0.0004089450848087024,
  "K2p": 0.08038461054785465,
  "V3f": 0.01487943962902456,
  "K3s": 0.012604088735178742,
  "V3r": 0.008772983387949566,
  "K3p": 0.08173965604799631,
  "V4f": 0.07840126214344306,
  "K4s": 0.001582333854288502,
  "V4r": 0.0007505536807048382,
  "K4p": 0.13553977087592228,
  "V5f": 0.017302381569467916,
  "K5s": 0.04786563872265664,
  "V5r": 0.042829771750055604,
  "K5p": 0.31684984283389495,
  "k_drain": 0.030786485147321057
}