{
  "k1": 1.1605801160130448e-05,
  "Ki": 5.005466948771987,
  "V2f": 0.49577585490345466,
  "K2s": 0.10541534607065706,
  "V2r": 0.3133119253707273,
  "K2p": 0.11077390911928858,
  "V3f": 0.32318339470195057,
  "K3s": 0.11919536811293654,
  "V3r": 0.1780626892971877,
  "K3p": 0.09964343095641756,
  "V4f": 0.27762256486779274,
  "K4s": 0.10287935425106964,
  "V4r": 0.10997360468303687,
  "K4p": 0.08529034897041565,
  "V5f": 0.20498148185324955,
  "K5s": 0.11096937904174954,
  "V5r": 0.08180916584836177,
  "K5p": 0.11516844312497218,
  "k_drain": 0.10800887131176953
}