{
  "k1": 1.311187103751619e-08,
  "Ki": 7.686524868859864e-06,
  "V2f": 6.692971651062798e-05,
  "K2s": 1.951567898198339e-06,
  "V2r": 5.995720684899519e-06,
  "K2p": 0.00010554579388320815,
  "V3f": 0.009742484015123702,
  "K3s": 0.00015974419689883827,
  "V3r": 5.1007915530157655e-05,
  "K3p": 0.00026040164908352613,
  "V4f": 0.027092479904539286,
  "K4s": 0.00010108772453850587,
  "V4r": 9.711794963513468e-06,
  "K4p": 0.00023876493570359082,
  "V5f": 0.000796654945824436,
  "K5s": 0.004878812182318625,
  "V5r": 2.745412073609947e-06,
  "K5p": 0.008346665448640826,
  "k_drain": 2.0643191435458464e-05
}