{
  "k1": 1.2445748589341984e-05,
  "Ki": 4.339785149862537,
  "V2f": 0.4394067793929877,
  "K2s": 0.11217468494173997,
  "V2r": 0.31302170646803185,
  "K2p": 0.11410998335467464,
  "V3f": 0.3082539746252538,
  "K3s": 0.11183654986536642,
  "V3r": 0.22211345242149316,
  "K3p": 0.1061849155790931,
  "V4f": 0.3267616025845142,
  "K4s": 0.09099390199780208,
  "V4r": 0.07525644630558426,
  "K4p": 0.09357380654119155,
  "V5f": 0.24186210421982585,
  "K5s": 0.09241068114894506,
  "V5r": 0.07240882609129612,
  "K5p": 0.06600655473708686,
  "k_drain": 0.09546495687036073
}