{
  "k1": 2.904928624896551e-07,
  "Ki": 0.0003195708027003147,
  "V2f": 0.000242066548426385,
  "K2s": 0.0001356980257683521,
  "V2r": 1.101480838336417e-05,
  "K2p": 0.026931357523366888,
  "V3f": 0.004943222673706209,
  "K3s": 0.0001946451421579909,
  "V3r": 4.5501176599791645e-05,
  "K3p": 0.003741077378227112,
  "V4f": 0.13819855058398453,
  "K4s": 0.00039587381234999704,
  "V4r": 0.0002057890836889622,
  "K4p": 0.011244548107475005,
  "V5f": 0.002114843926692712,
  "K5s": 0.0033394215193649946,
  "V5r": 0.00033143287928819916,
  "K5p": 0.052830909567631056,
  "k_drain": 0.001132337063870146
}