{
  "k1": 1.2922317484072494e-05,
  "Ki": 4.412838427253016,
  "V2f": 0.44669604904411486,
  "K2s": 0.10811135678015785,
  "V2r": 0.31947668278605845,
  "K2p": 0.11088913072654857,
  "V3f": 0.29963826175105285,
  "K3s": 0.12077696078867316,
  "V3r": 0.22299465628619178,
  "K3p": 0.09909561627314198,
  "V4f": 0.28514791857402433,
  "K4s": 0.09727171834915453,
  "V4r": 0.0904012326773339,
  "K4p": 0.08963924796101914,
  "V5f": 0.22261277027542287,
  "K5s": 0.09169792327932177,
  "V5r": 0.0684014418641452,
  "K5p": 0.07387112831785125,
  "k_drain": 0.09294712220251457
}