{
  "k1": 2.6791117056661045e-09,
  "Ki": 1.0320087443624363e-06,
  "V2f": 8.110321503776076e-05,
  "K2s": 7.934830867960397e-06,
  "V2r": 4.648550814245899e-07,
  "K2p": 6.541410336581503e-06,
  "V3f": 0.002474749366941027,
  "K3s": 5.6922057642440546e-05,
  "V3r": 9.917684183060479e-05,
  "K3p": 0.0002845799176707471,
  "V4f": 0.01931948690131754,
  "K4s": 7.385544000777021e-05,
  "V4r": 6.210469897496116e-06,
  "K4p": 0.002380072042351112,
  "V5f": 0.0006185398947661544,
  "K5s": 0.0007390000155870617,
  "V5r": 4.3696903067112814e-07,
  "K5p": 0.0002984053735554573,
  "k_drain": 6.236047739025985e-07
}