{
  "k1": 1.2681008134625985e-05,
  "Ki": 5.155499625172429,
  "V2f": 0.4943505339628531,
  "K2s": 0.11123290491524841,
  "V2r": 0.28387696548288305,
  "K2p": 0.10653870386134855,
  "V3f": 0.329348656463287,
  "K3s": 0.10771520427435738,
  "V3r": 0.20159297021149955,
  "K3p": 0.09951383553862324,
  "V4f": 0.3146589869450635,
  "K4s": 0.08641740419459934,
  "V4r": 0.07617906583357421,
  "K4p": 0.07852804412154381,
  "V5f": 0.2086765687505707,
  "K5s": 0.08238248856082535,
  "V5r": 0.07182388381136315,
  "K5p": 0.062221525310391726,
  "k_drain": 0.09596478936920337
}