{
  "k1": 1.3169852741419251e-05,
  "Ki": 4.890294795911822,
  "V2f": 0.7191417574942345,
  "K2s": 0.1279174443822351,
  "V2r": 0.24888800166057093,
  "K2p": 0.10358077144175726,
  "V3f": 0.3141617486748312,
  "K3s": 0.09290580530023938,
  "V3r": 0.18955841413713428,
  "K3p": 0.11021170241262783,
  "V4f": 0.3405289435451563,
  "K4s": 0.06829239993133397,
  "V4r": 0.0551781550295271,
  "K4p": 0.09007358067137936,
  "V5f": 0.20203711220092277,
  "K5s": 0.09053567779583437,
  "V5r": 0.06233759093349028,
  "K5p": 0.08845568307710326,
  "k_drain": 0.07088390763550388
}