{
  "k1": 4.086534748430102e-14,
  "Ki": 4.886059868593087e-07,
  "V2f": 1.5383480988877836e-06,
  "K2s": 6.36014563116945e-08,
  "V2r": 1.2969471056311751e-08,
  "K2p": 5.29515262426567e-05,
  "V3f": 0.00019536021274704882,
  "K3s": 4.2734360645591444e-07,
  "V3r": 1.4572869215280057e-06,
  "K3p": 1.3739130683733764e-06,
  "V4f": 0.000749949933117863,
  "K4s": 1.1382687925082427e-06,
  "V4r": 2.152821413728227e-06,
  "K4p": 9.787068995523287e-06,
  "V5f": 0.0007716247405989634,
  "K5s": 1.516276119539988e-07,
  "V5r": 6.517388160778462e-10,
  "K5p": 1.1268319806123813e-07,
  "k_drain": 1.975546245026927e-08
}