{
  "k1": 1.3235378462639892e-05,
  "Ki": 5.475793061527229,
  "V2f": 0.8642919124958722,
  "K2s": 0.1686411682717125,
  "V2r": 0.2983359852523076,
  "K2p": 0.15171414834505445,
  "V3f": 0.3500871828469115,
  "K3s": 0.046604397213681925,
  "V3r": 0.24147158871765564,
  "K3p": 0.08734506261811155,
  "V4f": 0.4263357046856938,
  "K4s": 0.09073960478392573,
  "V4r": 0.07551497107327061,
  "K4p": 0.09161376531736803,
  "V5f": 0.23377704820489625,
  "K5s": 0.08068450767723373,
  "V5r": 0.045180837955446695,
  "K5p": 0.06918710411023679,
  "k_drain": 0.053544008510479676
}