{
  "k1": 1.2941035273855287e-14,
  "Ki": 1.0667171215941596e-08,
  "V2f": 8.862101693500551e-08,
  "K2s": 3.83963916682618e-08,
  "V2r": 1.3517344747190965e-09,
  "K2p": 8.951778514183664e-06,
  "V3f": 5.7906946614370905e-05,
  "K3s": 7.483564873300817e-07,
  "V3r": 6.253604910533701e-08,
  "K3p": 1.9701875480833347e-08,
  "V4f": 0.00019220266831066225,
  "K4s": 1.3612185927756418e-05,
  "V4r": 8.175494004921397e-06,
  "K4p": 1.1366263391484268e-05,
  "V5f": 5.80432366051829e-05,
  "K5s": 3.162987561188226e-09,
  "V5r": 6.71860280201891e-11,
  "K5p": 3.995284073948741e-09,
  "k_drain": 9.607341962217824e-09
}