{
  "k1": 1.1596045743682034e-05,
  "Ki": 4.472366060692779,
  "V2f": 0.6958003842830132,
  "K2s": 0.128424123643901,
  "V2r": 0.2556018464207063,
  "K2p": 0.10528215610570003,
  "V3f": 0.27694067629417907,
  "K3s": 0.09057868434539924,
  "V3r": 0.19600281488719393,
  "K3p": 0.11687097911108182,
  "V4f": 0.39481321263055025,
  "K4s": 0.08034792432850339,
  "V4r": 0.07234235478548126,
  "K4p": 0.10110143572352294,
  "V5f": 0.24732252313256128,
  "K5s": 0.09853202637125186,
  "V5r": 0.06366095625715128,
  "K5p": 0.08028576296081726,
  "k_drain": 0.06923907759721942
}