{
  "k1": 1.2175655879618699e-05,
  "Ki": 4.325414631419079,
  "V2f": 0.7609974312943792,
  "K2s": 0.1352764312552959,
  "V2r": 0.25628748377457655,
  "K2p": 0.1116665602634698,
  "V3f": 0.2996013256232294,
  "K3s": 0.0774860678606922,
  "V3r": 0.21899685549786527,
  "K3p": 0.09796314458765967,
  "V4f": 0.43612381864382355,
  "K4s": 0.07579898832031871,
  "V4r": 0.07946336478294126,
  "K4p": 0.09856251689651578,
  "V5f": 0.26354659799892555,
  "K5s": 0.10338707090504527,
  "V5r": 0.05588207501689823,
  "K5p": 0.076723667550758,
  "k_drain": 0.06779318220109197
}