{
  "k1": 1.3628460768942062e-05,
  "Ki": 4.166266400584921,
  "V2f": 1.0832463969503479,
  "K2s": 0.13965369705459024,
  "V2r": 0.25968537309642925,
  "K2p": 0.10223059492882985,
  "V3f": 0.31760134915424076,
  "K3s": 0.07083984465054634,
  "V3r": 0.23647817999368137,
  "K3p": 0.07589594535455091,
  "V4f": 0.482061379060028,
  "K4s": 0.07216998824530865,
  "V4r": 0.0828628530517921,
  "K4p": 0.11343619547910558,
  "V5f": 0.229500999597633,
  "K5s": 0.0902654518457476,
  "V5r": 0.054987466356043936,
  "K5p": 0.06326584536406517,
  "k_drain": 0.05698604303915086
}