{
  "k1": 1.4997423941428526e-05,
  "Ki": 5.684734644146839,
  "V2f": 0.9255288277026963,
  "K2s": 0.15601395595274667,
  "V2r": 0.21987826053929307,
  "K2p": 0.1383228257232656,
  "V3f": 0.4111391069115943,
  "K3s": 0.04123937902393357,
  "V3r": 0.30446540633351926,
  "K3p": 0.10975722271375427,
  "V4f": 0.40170285442713805,
  "K4s": 0.10301147789293585,
  "V4r": 0.06068028526450221,
  "K4p": 0.10797697973474701,
  "V5f": 0.1889052260943977,
  "K5s": 0.06754210290894425,
  "V5r": 0.059275808041943816,
  "K5p": 0.055759590425268075,
  "k_drain": 0.051915159499291416
}