{
  "k1": 1.1388198228671272e-05,
  "Ki": 5.0192297129907475,
  "V2f": 0.6794251142850579,
  "K2s": 0.11665564885596288,
  "V2r": 0.2438673395056567,
  "K2p": 0.0960618863541793,
  "V3f": 0.3363308746582806,
  "K3s": 0.09273892176814451,
  "V3r": 0.19753641102357927,
  "K3p": 0.11294739701391092,
  "V4f": 0.3444001259035718,
  "K4s": 0.06330404909834941,
  "V4r": 0.06034189069606897,
  "K4p": 0.0859686777961506,
  "V5f": 0.18676765193278147,
  "K5s": 0.08283089526131154,
  "V5r": 0.06738579742787866,
  "K5p": 0.07823873310056083,
  "k_drain": 0.09180757780558262
}