{
  "k1": 1.4110580186008289e-13,
  "Ki": 2.446035672044741e-07,
  "V2f": 1.3763019611326665e-05,
  "K2s": 1.998767259953835e-07,
  "V2r": 1.4969851211715804e-09,
  "K2p": 1.3704843874612915e-05,
  "V3f": 0.000304884095661293,
  "K3s": 1.0605875311253868e-06,
  "V3r": 2.1311464101308177e-06,
  "K3p": 4.693949780652988e-06,
  "V4f": 0.0002931497242768306,
  "K4s": 1.0615477873792196e-06,
  "V4r": 2.319150640505596e-06,
  "K4p": 2.8275020279718873e-05,
  "V5f": 0.003334214536506267,
  "K5s": 1.0167616908777873e-07,
  "V5r": 2.0274870752742868e-09,
  "K5p": 1.1119937549389247e-06,
  "k_drain": 5.9405814784111544e-08
}