{
  "k1": 1.1287694816792628e-05,
  "Ki": 5.538617357236516,
  "V2f": 0.9663348375928831,
  "K2s": 0.15533551056402595,
  "V2r": 0.33270562591210767,
  "K2p": 0.132677080874865,
  "V3f": 0.3190997443219651,
  "K3s": 0.05319410503095461,
  "V3r": 0.23533087615939927,
  "K3p": 0.08298201757561799,
  "V4f": 0.4494522500771117,
  "K4s": 0.08731099212129113,
  "V4r": 0.07512542151825999,
  "K4p": 0.09230762340205022,
  "V5f": 0.22917344947870819,
  "K5s": 0.08769630731944372,
  "V5r": 0.047702225065233,
  "K5p": 0.06844646717002548,
  "k_drain": 0.05102579615865938
}