{
  "k1": 1.484193631307167e-05,
  "Ki": 5.613163681489294,
  "V2f": 0.9095210450509763,
  "K2s": 0.15488427079508482,
  "V2r": 0.2154096035893798,
  "K2p": 0.13488202780074407,
  "V3f": 0.4000559697525929,
  "K3s": 0.040789128291933846,
  "V3r": 0.29693972906029525,
  "K3p": 0.10928280218978823,
  "V4f": 0.392242998870976,
  "K4s": 0.1031160844379674,
  "V4r": 0.06180321334417284,
  "K4p": 0.10609863394442308,
  "V5f": 0.1898559033063037,
  "K5s": 0.06372255968898635,
  "V5r": 0.05886050621999111,
  "K5p": 0.059924985758426724,
  "k_drain": 0.04946825327430275
}