{
  "k1": 1.4155650315677623e-14,
  "Ki": 1.3826479300811113e-08,
  "V2f": 1.699106378833729e-07,
  "K2s": 5.0801215684119896e-08,
  "V2r": 1.9311650178291267e-09,
  "K2p": 2.335254066204055e-05,
  "V3f": 4.833399829792759e-05,
  "K3s": 5.191367738205783e-07,
  "V3r": 1.160312677001617e-07,
  "K3p": 4.5400642970161186e-08,
  "V4f": 0.00021984857472925833,
  "K4s": 1.3408578711108439e-05,
  "V4r": 7.867690627676934e-06,
  "K4p": 2.3520225659677246e-05,
  "V5f": 5.780337477636757e-05,
  "K5s": 2.872304014255029e-09,
  "V5r": 1.0713142099542441e-10,
  "K5p": 6.259798057324414e-09,
  "k_drain": 1.3057723431384202e-08
}