{
  "k1": 1.1065311643138479e-05,
  "Ki": 4.602752822204359,
  "V2f": 0.6846898013593087,
  "K2s": 0.12791160882816174,
  "V2r": 0.23454140602211526,
  "K2p": 0.10640475960141402,
  "V3f": 0.2732210930904598,
  "K3s": 0.09285445483258824,
  "V3r": 0.19644329072245656,
  "K3p": 0.1199821812071546,
  "V4f": 0.3900119579918156,
  "K4s": 0.08293846411948363,
  "V4r": 0.07101004635254592,
  "K4p": 0.0990775002180271,
  "V5f": 0.2388653330838088,
  "K5s": 0.10037156893985194,
  "V5r": 0.061666435007389,
  "K5p": 0.08123936253301135,
  "k_drain": 0.07000805878385859
}