{
  "k1": 1.3194105377936492e-05,
  "Ki": 5.484335985144469,
  "V2f": 0.8268388226096601,
  "K2s": 0.16800900559223367,
  "V2r": 0.29616104125417736,
  "K2p": 0.15062618593420252,
  "V3f": 0.35724926930372386,
  "K3s": 0.04580597353046792,
  "V3r": 0.2519562395305944,
  "K3p": 0.08736872163703728,
  "V4f": 0.4277028108943215,
  "K4s": 0.08963540338930984,
  "V4r": 0.07569694549687622,
  "K4p": 0.09325998455402057,
  "V5f": 0.24183956231917872,
  "K5s": 0.07809469075951339,
  "V5r": 0.04665895132312168,
  "K5p": 0.0715462947613735,
  "k_drain": 0.05194913970462604
}