{
  "k1": 1.0786216921222443e-07,
  "Ki": 2.0039346773828446e-05,
  "V2f": 4.154324419876996e-05,
  "K2s": 4.413220302386737e-06,
  "V2r": 3.589741506513928e-06,
  "K2p": 0.0003809991762971965,
  "V3f": 0.011139141587972804,
  "K3s": 0.00019512741211560032,
  "V3r": 4.4319684227405414e-05,
  "K3p": 0.0004423856045513528,
  "V4f": 0.031262436687991633,
  "K4s": 0.0004909612548478476,
  "V4r": 1.810904289257678e-05,
  "K4p": 0.0015034918122697615,
  "V5f": 0.0024954380338219322,
  "K5s": 0.004183092984539736,
  "V5r": 3.542988533378241e-05,
  "K5p": 0.013677871499811407,
  "k_drain": 0.00032423422110551266
}