{
  "k1": 1.2671557250829796e-05,
  "Ki": 4.220471172435308,
  "V2f": 0.44613786309717207,
  "K2s": 0.11468731172193591,
  "V2r": 0.3025330209186024,
  "K2p": 0.1065248540510824,
  "V3f": 0.3288723702061696,
  "K3s": 0.11694291372639687,
  "V3r": 0.24999980468364416,
  "K3p": 0.1148504199290178,
  "V4f": 0.2770789912212516,
  "K4s": 0.10040929697739792,
  "V4r": 0.07861779854538815,
  "K4p": 0.0903841623264837,
  "V5f": 0.23434474296098906,
  "K5s": 0.09731772625464626,
  "V5r": 0.07312720970642406,
  "K5p": 0.06363016995790945,
  "k_drain": 0.0995609655510416
}