{
  "k1": 1.3262608182888655e-05,
  "Ki": 4.238097597747863,
  "V2f": 0.5206437686533452,
  "K2s": 0.11093788847012775,
  "V2r": 0.29691593822339657,
  "K2p": 0.11304742165293719,
  "V3f": 0.2895593999591564,
  "K3s": 0.11923352093815746,
  "V3r": 0.2148067273950646,
  "K3p": 0.10063331815959779,
  "V4f": 0.2816295947948924,
  "K4s": 0.1117958184291965,
  "V4r": 0.10294564536975863,
  "K4p": 0.08419432776833621,
  "V5f": 0.2169028605673805,
  "K5s": 0.08522019414887134,
  "V5r": 0.07506026223078247,
  "K5p": 0.08602079107799514,
  "k_drain": 0.09983354521956507
}