{
  "k1": 3.0738922965382987e-06,
  "Ki": 0.0008178343943011317,
  "V2f": 8.932270037697847e-05,
  "K2s": 0.00016125031861229534,
  "V2r": 9.705633661740922e-06,
  "K2p": 0.02529220945247423,
  "V3f": 0.002302441115122357,
  "K3s": 0.006097060363552003,
  "V3r": 2.2648596163237944e-05,
  "K3p": 0.002256749370187115,
  "V4f": 0.03998400892067608,
  "K4s": 0.0022231820868597756,
  "V4r": 0.0007731533502390481,
  "K4p": 0.07890941348215964,
  "V5f": 0.004003258116119537,
  "K5s": 0.0035921481492382137,
  "V5r": 0.0010730876327681269,
  "K5p": 0.22906087442203282,
  "k_drain": 0.0009914954814867463
}