{
  "k1": 1.4511946457500447e-05,
  "Ki": 5.90042053822169,
  "V2f": 0.866956281915258,
  "K2s": 0.16331544789675662,
  "V2r": 0.2561435396225738,
  "K2p": 0.13572573577427866,
  "V3f": 0.344499930474086,
  "K3s": 0.036521812061736394,
  "V3r": 0.28636967821573067,
  "K3p": 0.12423376047532501,
  "V4f": 0.42164898186200506,
  "K4s": 0.10556599131902906,
  "V4r": 0.06464767789274144,
  "K4p": 0.09465981265401692,
  "V5f": 0.20085453693469765,
  "K5s": 0.07916159029614946,
  "V5r": 0.0488529862130154,
  "K5p": 0.06332158200463373,
  "k_drain": 0.04967403958395557
}