{
  "k1": 9.733409513438449e-06,
  "Ki": 5.400645579894047,
  "V2f": 1.0776908443870372,
  "K2s": 0.14517674192032792,
  "V2r": 0.28946836412562627,
  "K2p": 0.14473791773611197,
  "V3f": 0.3141712178401019,
  "K3s": 0.05748477946884476,
  "V3r": 0.2433575734215623,
  "K3p": 0.07695062182641974,
  "V4f": 0.43469594529073696,
  "K4s": 0.0822199806860652,
  "V4r": 0.07459376636207897,
  "K4p": 0.09085616048594554,
  "V5f": 0.23019256593593826,
  "K5s": 0.08589997659276521,
  "V5r": 0.05174050493442006,
  "K5p": 0.06905579590425126,
  "k_drain": 0.050019554271983076
}