{
  "k1": 2.204451056517329e-09,
  "Ki": 7.687387281688675e-07,
  "V2f": 0.00011167719456775628,
  "K2s": 1.6742570873763118e-05,
  "V2r": 3.7666161511754617e-07,
  "K2p": 2.7895435981164883e-06,
  "V3f": 0.0035175407614382566,
  "K3s": 1.6306727978265678e-05,
  "V3r": 2.4878204706539732e-05,
  "K3p": 0.0002039610560055975,
  "V4f": 0.03983324429438995,
  "K4s": 3.94205624153772e-05,
  "V4r": 1.1349319522793316e-05,
  "K4p": 0.0010783646961092723,
  "V5f": 0.0016164370391776098,
  "K5s": 0.00010129271838843989,
  "V5r": 1.5647352562629455e-07,
  "K5p": 5.862304538697419e-05,
  "k_drain": 1.0080511448604664e-06
}