{
  "k1": 1.2588626153272864e-05,
  "Ki": 5.3958664188247125,
  "V2f": 0.5331342985087342,
  "K2s": 0.12239299638717017,
  "V2r": 0.28674169404679584,
  "K2p": 0.10912839795997041,
  "V3f": 0.33813708037919915,
  "K3s": 0.10638001295948982,
  "V3r": 0.22894299030519485,
  "K3p": 0.09897215341405628,
  "V4f": 0.313562150684014,
  "K4s": 0.07522743617242467,
  "V4r": 0.07498971115022617,
  "K4p": 0.07559969982589455,
  "V5f": 0.21515971431137526,
  "K5s": 0.07986640404189953,
  "V5r": 0.06984013987315793,
  "K5p": 0.06441149642813972,
  "k_drain": 0.08832619541843377
}