{
  "k1": 1.6050055601465615e-05,
  "Ki": 5.301661816562789,
  "V2f": 0.8344337275047614,
  "K2s": 0.1865611191129846,
  "V2r": 0.21512112777241368,
  "K2p": 0.14240700008226106,
  "V3f": 0.45510255111230835,
  "K3s": 0.036602806904244646,
  "V3r": 0.3128383741802494,
  "K3p": 0.10721604344482533,
  "V4f": 0.3918090386026588,
  "K4s": 0.10821391674476626,
  "V4r": 0.05399793669907482,
  "K4p": 0.12073753217551181,
  "V5f": 0.1846122778993586,
  "K5s": 0.06283278048588341,
  "V5r": 0.06575803106919659,
  "K5p": 0.05715388163543554,
  "k_drain": 0.053370512192175514
}