{
  "k1": 1.282596108665423e-05,
  "Ki": 4.316839087292983,
  "V2f": 0.4715564587246249,
  "K2s": 0.1050271886709307,
  "V2r": 0.33087266722581915,
  "K2p": 0.09848957758190208,
  "V3f": 0.29173172279015813,
  "K3s": 0.11517526622474049,
  "V3r": 0.21594404226580963,
  "K3p": 0.10849795560141486,
  "V4f": 0.2777967768306485,
  "K4s": 0.09803246850594208,
  "V4r": 0.0856887051444623,
  "K4p": 0.09781861127665707,
  "V5f": 0.22111158639737036,
  "K5s": 0.09289937851034286,
  "V5r": 0.07068038933305373,
  "K5p": 0.06719780031365997,
  "k_drain": 0.09599869688588626
}