{
  "k1": 2.6297525807999664e-07,
  "Ki": 9.94602506928569e-05,
  "V2f": 0.0001851441820051867,
  "K2s": 6.899461837768434e-05,
  "V2r": 1.2020260954842196e-05,
  "K2p": 0.02425930259001567,
  "V3f": 0.013691808603972,
  "K3s": 0.00032999680714064646,
  "V3r": 4.576190185655571e-05,
  "K3p": 0.002869307386935534,
  "V4f": 0.15788214088580868,
  "K4s": 0.00033601603773051334,
  "V4r": 0.00011848448189571544,
  "K4p": 0.007780163908470878,
  "V5f": 0.002825802920464985,
  "K5s": 0.0014428677478207136,
  "V5r": 0.00040115799171185155,
  "K5p": 0.01685677560583499,
  "k_drain": 0.00017007208072789692
}