{
  "k1": 1.0121902067834618e-05,
  "Ki": 5.245898109376821,
  "V2f": 0.4995182764591203,
  "K2s": 0.10067466592034682,
  "V2r": 0.31115135622303897,
  "K2p": 0.09886780578061082,
  "V3f": 0.3762464039046969,
  "K3s": 0.09898992651837796,
  "V3r": 0.19483405457712394,
  "K3p": 0.10107200710710723,
  "V4f": 0.288026054595095,
  "K4s": 0.09499428918279332,
  "V4r": 0.10484748462933606,
  "K4p": 0.10075809422803221,
  "V5f": 0.20264287339346462,
  "K5s": 0.09915003781524309,
  "V5r": 0.09187110045462105,
  "K5p": 0.10286376263129217,
  "k_drain": 0.10110959575782671
}