{
  "k1": 1.755820920569574e-05,
  "Ki": 0.6899176323112416,
  "V2f": 0.022412147550212418,
  "K2s": 0.025519602896911093,
  "V2r": 0.004496999164010623,
  "K2p": 0.06719315730004911,
  "V3f": 0.03910128227731786,
  "K3s": 0.7541554580389309,
  "V3r": 0.01113855655217378,
  "K3p": 0.14540450112362457,
  "V4f": 0.6089569806409457,
  "K4s": 0.0012026918780577826,
  "V4r": 0.009373016492890523,
  "K4p": 0.06971855850062564,
  "V5f": 0.659127816312066,
  "K5s": 0.08514446127741415,
  "V5r": 0.04182990430874686,
  "K5p": 0.1527226827548173,
  "k_drain": 0.25870855697230166
}