{
  "k1": 1.5298428863181914e-05,
  "Ki": 5.645911304529613,
  "V2f": 0.9108741158444714,
  "K2s": 0.156571583987062,
  "V2r": 0.21676668997552975,
  "K2p": 0.14308810988287166,
  "V3f": 0.40888566917142266,
  "K3s": 0.04074567229427197,
  "V3r": 0.3119631524265236,
  "K3p": 0.11449772197024331,
  "V4f": 0.392538940564866,
  "K4s": 0.1003508301063705,
  "V4r": 0.06036515663574146,
  "K4p": 0.10518236305359749,
  "V5f": 0.18881737732418735,
  "K5s": 0.06840509128990374,
  "V5r": 0.05861960747561141,
  "K5p": 0.05710806617686463,
  "k_drain": 0.05267109251511654
}