{
  "k1": 2.6456623401162892e-14,
  "Ki": 8.718327918695102e-08,
  "V2f": 8.615138679599278e-07,
  "K2s": 5.419557108090172e-08,
  "V2r": 1.141098131987312e-08,
  "K2p": 1.9573371723595465e-05,
  "V3f": 9.39661511628686e-05,
  "K3s": 1.8288998706657666e-07,
  "V3r": 7.944743850979405e-07,
  "K3p": 9.331960853028466e-07,
  "V4f": 0.0005949793752531133,
  "K4s": 1.9120310444265383e-06,
  "V4r": 3.70584413655304e-06,
  "K4p": 4.118624201027507e-06,
  "V5f": 0.0002730959425324327,
  "K5s": 7.918129013956052e-08,
  "V5r": 3.000655680660096e-10,
  "K5p": 4.3371647833346486e-08,
  "k_drain": 2.9015730485825742e-08
}