{
  "k1": 1.338213507136953e-05,
  "Ki": 4.746045068240327,
  "V2f": 0.7558261426488863,
  "K2s": 0.12853729399663494,
  "V2r": 0.2611174511571654,
  "K2p": 0.10214835338687461,
  "V3f": 0.3023077995842019,
  "K3s": 0.09223789768048052,
  "V3r": 0.1911479700994166,
  "K3p": 0.11061237862637564,
  "V4f": 0.37150016879997777,
  "K4s": 0.06778294961437618,
  "V4r": 0.05614240275021546,
  "K4p": 0.09782697338909646,
  "V5f": 0.21393354617582766,
  "K5s": 0.09800623266639702,
  "V5r": 0.06123929853945424,
  "K5p": 0.08165046619239417,
  "k_drain": 0.06909626237849381
}