{
  "k1": 1.5397503682750315e-05,
  "Ki": 5.625314464229467,
  "V2f": 0.9172284365427531,
  "K2s": 0.15564454735885233,
  "V2r": 0.21781604497795756,
  "K2p": 0.13737056121441302,
  "V3f": 0.40042063635524405,
  "K3s": 0.04181001034594459,
  "V3r": 0.299180228457995,
  "K3p": 0.10787523873761899,
  "V4f": 0.3981194386629519,
  "K4s": 0.1019399001587548,
  "V4r": 0.06073817436994448,
  "K4p": 0.10547451204484477,
  "V5f": 0.18905702889788042,
  "K5s": 0.06711068105499401,
  "V5r": 0.060111369319856424,
  "K5p": 0.059181694166104776,
  "k_drain": 0.05109968849814498
}