{
  "k1": 1.2852254630833135e-05,
  "Ki": 4.445777800726927,
  "V2f": 1.0533967149207908,
  "K2s": 0.1381080525812883,
  "V2r": 0.26521138887854856,
  "K2p": 0.11018637405409996,
  "V3f": 0.31022125702328057,
  "K3s": 0.0650389452023704,
  "V3r": 0.23411709942557202,
  "K3p": 0.08012275839499895,
  "V4f": 0.4575164927213943,
  "K4s": 0.07720513164616574,
  "V4r": 0.08564949725815459,
  "K4p": 0.109050562705738,
  "V5f": 0.23271090680738962,
  "K5s": 0.09738952148091516,
  "V5r": 0.04486158827420566,
  "K5p": 0.06565339536669777,
  "k_drain": 0.05364826403585446
}