{
  "k1": 1.2682231100399303e-05,
  "Ki": 4.330789113094515,
  "V2f": 0.48366699904636606,
  "K2s": 0.10483922774251783,
  "V2r": 0.32600807633922635,
  "K2p": 0.10120860124001531,
  "V3f": 0.2964627128087108,
  "K3s": 0.11863825666438725,
  "V3r": 0.22010854759195495,
  "K3p": 0.10895530197142068,
  "V4f": 0.26325987585751465,
  "K4s": 0.09622651805266058,
  "V4r": 0.08214369490373775,
  "K4p": 0.09904969712579183,
  "V5f": 0.22181893452949886,
  "K5s": 0.09778854104128484,
  "V5r": 0.07174639579874323,
  "K5p": 0.06570894942366737,
  "k_drain": 0.09705947472252016
}