{
  "k1": 2.3547875284667445e-07,
  "Ki": 6.401017580888993e-05,
  "V2f": 0.00010119992868358163,
  "K2s": 5.890680849086115e-05,
  "V2r": 7.255047907448235e-06,
  "K2p": 0.013501033274110282,
  "V3f": 0.007067511051122135,
  "K3s": 0.00022090557879105276,
  "V3r": 3.164480834705936e-05,
  "K3p": 0.0016889564317211965,
  "V4f": 0.18805395778375902,
  "K4s": 0.0003097410135928764,
  "V4r": 5.7222880001965004e-05,
  "K4p": 0.00534965767635522,
  "V5f": 0.00195646152597179,
  "K5s": 0.002387922366398764,
  "V5r": 0.0007616926950242414,
  "K5p": 0.011559553096403974,
  "k_drain": 0.00021041831350703888
}