{
  "k1": 1.3538623649823142e-05,
  "Ki": 4.499361843528482,
  "V2f": 0.9148243449209479,
  "K2s": 0.14115163761019917,
  "V2r": 0.23973420947942517,
  "K2p": 0.10778032611536904,
  "V3f": 0.31402635045200195,
  "K3s": 0.07545784276741942,
  "V3r": 0.23513242040587304,
  "K3p": 0.0816379695834662,
  "V4f": 0.44189129561997537,
  "K4s": 0.07795066964805858,
  "V4r": 0.0857900568088627,
  "K4p": 0.10305867230182313,
  "V5f": 0.23465086622893225,
  "K5s": 0.098433626704912,
  "V5r": 0.054583924428115965,
  "K5p": 0.06304134382468422,
  "k_drain": 0.059258805566368686
}