{
  "k1": 7.051117315215148e-14,
  "Ki": 8.787363773744232e-08,
  "V2f": 1.2412790272072492e-05,
  "K2s": 1.332558966529767e-07,
  "V2r": 1.8937520075745675e-09,
  "K2p": 2.061674026135671e-05,
  "V3f": 0.0002875110959498437,
  "K3s": 9.38194045724908e-07,
  "V3r": 3.015156919786846e-06,
  "K3p": 3.923329118667236e-06,
  "V4f": 0.00025948258277927103,
  "K4s": 9.060575646182899e-07,
  "V4r": 3.393271998557094e-06,
  "K4p": 4.2712905859000455e-05,
  "V5f": 0.005458316607967339,
  "K5s": 1.2965380202581545e-07,
  "V5r": 2.9738259670674767e-09,
  "K5p": 7.749294789982746e-07,
  "k_drain": 2.9549266386029678e-08
}