{
  "k1": 1.1601045108892746e-05,
  "Ki": 5.10124565784583,
  "V2f": 0.6928626644112889,
  "K2s": 0.11731825790944836,
  "V2r": 0.2333362080045121,
  "K2p": 0.0950132716778496,
  "V3f": 0.33494118819491214,
  "K3s": 0.09747630955109764,
  "V3r": 0.2022124865334149,
  "K3p": 0.11021282876619681,
  "V4f": 0.361928140822705,
  "K4s": 0.06316460438706091,
  "V4r": 0.0598344741622963,
  "K4p": 0.08282184062464377,
  "V5f": 0.18805693476125818,
  "K5s": 0.08083838423552529,
  "V5r": 0.06736581488462272,
  "K5p": 0.07942492685760259,
  "k_drain": 0.09133818160265192
}