{
  "k1": 1.3152239074713718e-05,
  "Ki": 4.61481733524182,
  "V2f": 0.7564839250959876,
  "K2s": 0.14215916335705975,
  "V2r": 0.2505995733570169,
  "K2p": 0.11118402472022397,
  "V3f": 0.29672672820594337,
  "K3s": 0.07586253873434314,
  "V3r": 0.2046543896669233,
  "K3p": 0.10554827166292903,
  "V4f": 0.44918998156543277,
  "K4s": 0.07689327750884016,
  "V4r": 0.0786739132309394,
  "K4p": 0.09877133398674247,
  "V5f": 0.2398571134923506,
  "K5s": 0.10311057142357923,
  "V5r": 0.06084825249298247,
  "K5p": 0.07332203174461058,
  "k_drain": 0.06589902294170326
}