{
  "k1": 3.7484237104118424e-09,
  "Ki": 5.920100799415023e-07,
  "V2f": 0.0001371850523837024,
  "K2s": 1.5845855122838145e-05,
  "V2r": 7.987486290362308e-07,
  "K2p": 4.6915740131774565e-06,
  "V3f": 0.002349371596947785,
  "K3s": 3.819351854759085e-05,
  "V3r": 8.522955678879273e-05,
  "K3p": 0.00013777943749167723,
  "V4f": 0.021320053496125032,
  "K4s": 3.660423778230208e-05,
  "V4r": 9.375908168542394e-06,
  "K4p": 0.0032061854424557147,
  "V5f": 0.0006075875583621275,
  "K5s": 0.00024756025410345737,
  "V5r": 1.1805315318885865e-07,
  "K5p": 0.00020338091271883472,
  "k_drain": 6.04037961583668e-07
}