{
  "k1": 1.2627722684460097e-05,
  "Ki": 5.198322580675984,
  "V2f": 0.4958341007339265,
  "K2s": 0.11839688057778146,
  "V2r": 0.2930868853966367,
  "K2p": 0.10777946854215312,
  "V3f": 0.3253634364490783,
  "K3s": 0.1068635816317878,
  "V3r": 0.2230239771945306,
  "K3p": 0.09742382188391742,
  "V4f": 0.31516515885774615,
  "K4s": 0.08068425584851528,
  "V4r": 0.07585916595874728,
  "K4p": 0.07731416761456976,
  "V5f": 0.20690022874533792,
  "K5s": 0.08082282579466298,
  "V5r": 0.07102099648911847,
  "K5p": 0.06701998923175767,
  "k_drain": 0.09352921793736858
}