{
  "k1": 3.920412422854069e-06,
  "Ki": 0.0010522062843728401,
  "V2f": 0.0001014460355983035,
  "K2s": 0.00011552064298076597,
  "V2r": 8.141560280529983e-06,
  "K2p": 0.029217855491440622,
  "V3f": 0.002395048386598619,
  "K3s": 0.004164865719254387,
  "V3r": 2.3290051568866096e-05,
  "K3p": 0.0045068868880208356,
  "V4f": 0.037760788766484095,
  "K4s": 0.0015263499246911405,
  "V4r": 0.0006149801235074016,
  "K4p": 0.11813286848951712,
  "V5f": 0.0036119314113146495,
  "K5s": 0.0027205698671460958,
  "V5r": 0.0009397068156176906,
  "K5p": 0.18757805600462243,
  "k_drain": 0.0007421024371126699
}