{
  "k1": 1.3299177503924964e-05,
  "Ki": 4.324191891743278,
  "V2f": 0.501332505808488,
  "K2s": 0.11050268719543399,
  "V2r": 0.2964835722029622,
  "K2p": 0.10879690323153746,
  "V3f": 0.2868080768347978,
  "K3s": 0.11165199834791292,
  "V3r": 0.21495094320021146,
  "K3p": 0.10065424144757552,
  "V4f": 0.2824056417310963,
  "K4s": 0.11105252337359955,
  "V4r": 0.10623481623384665,
  "K4p": 0.08213703174989911,
  "V5f": 0.21807719311390103,
  "K5s": 0.08262666015411611,
  "V5r": 0.07584663235994295,
  "K5p": 0.08565151135234123,
  "k_drain": 0.09813957289101219
}