{
  "k1": 1.2916452363291106e-05,
  "Ki": 4.473631465747157,
  "V2f": 1.0262343556300826,
  "K2s": 0.1336984646004652,
  "V2r": 0.263523114504441,
  "K2p": 0.10746590370110166,
  "V3f": 0.3258351732094719,
  "K3s": 0.06270746759809334,
  "V3r": 0.2344486784738851,
  "K3p": 0.07914702441384296,
  "V4f": 0.4652896732743411,
  "K4s": 0.07732348194393987,
  "V4r": 0.08530514497096209,
  "K4p": 0.11909146641696712,
  "V5f": 0.23498339765246593,
  "K5s": 0.09230316783633073,
  "V5r": 0.051754323040713236,
  "K5p": 0.0645297056859181,
  "k_drain": 0.055347211483903945
}