{
  "k1": 9.898020689161036e-06,
  "Ki": 5.402298745426082,
  "V2f": 1.0556534021752237,
  "K2s": 0.14344473589739315,
  "V2r": 0.28359077423038903,
  "K2p": 0.13877007935671845,
  "V3f": 0.30711974773271233,
  "K3s": 0.06067693436806578,
  "V3r": 0.24322261685837404,
  "K3p": 0.08062094423799424,
  "V4f": 0.4671868053575682,
  "K4s": 0.08240381190316196,
  "V4r": 0.07640274904207638,
  "K4p": 0.09435081168646814,
  "V5f": 0.21887530100657526,
  "K5s": 0.08744637061893712,
  "V5r": 0.05360949717615407,
  "K5p": 0.06684537720398073,
  "k_drain": 0.049334928644813224
}