{
  "k1": 1.3500305803882823e-05,
  "Ki": 5.647437027172338,
  "V2f": 0.8613774555845786,
  "K2s": 0.16281554974448798,
  "V2r": 0.22195651840881106,
  "K2p": 0.13762438617929215,
  "V3f": 0.34762855670827647,
  "K3s": 0.033160751927889476,
  "V3r": 0.3090537537061177,
  "K3p": 0.11786155420178641,
  "V4f": 0.3927052227143146,
  "K4s": 0.10084854521478895,
  "V4r": 0.07506254293097017,
  "K4p": 0.10462460044745348,
  "V5f": 0.1934432371087095,
  "K5s": 0.08290105225517098,
  "V5r": 0.04661870994624231,
  "K5p": 0.06292550670910986,
  "k_drain": 0.04502244100910661
}