{
  "k1": 1.3661205390140207e-05,
  "Ki": 5.826779564154503,
  "V2f": 0.8767049851219164,
  "K2s": 0.16492820581275788,
  "V2r": 0.29787665165073224,
  "K2p": 0.15208642799489444,
  "V3f": 0.3304877495065635,
  "K3s": 0.04464977074263709,
  "V3r": 0.2519733140424216,
  "K3p": 0.09218016475792565,
  "V4f": 0.44415650766190135,
  "K4s": 0.09188324781186806,
  "V4r": 0.07502607989176781,
  "K4p": 0.0902887910045619,
  "V5f": 0.2454716652299808,
  "K5s": 0.07691990083320004,
  "V5r": 0.045579606396108946,
  "K5p": 0.07614184218288593,
  "k_drain": 0.051392805536973625
}