{
  "k1": 1.3437509010708125e-05,
  "Ki": 4.389507804916577,
  "V2f": 0.9157283706430862,
  "K2s": 0.13744114810903915,
  "V2r": 0.2533200100224229,
  "K2p": 0.10419122297647554,
  "V3f": 0.3224746650432212,
  "K3s": 0.07655867483022807,
  "V3r": 0.23536424625065058,
  "K3p": 0.08471095648094003,
  "V4f": 0.44237077876373854,
  "K4s": 0.07562769773950782,
  "V4r": 0.08567579144992109,
  "K4p": 0.10179156760570957,
  "V5f": 0.2280548502274858,
  "K5s": 0.10138931706688382,
  "V5r": 0.05598709762776717,
  "K5p": 0.06538952709909232,
  "k_drain": 0.060259593689803624
}