{
  "k1": 1.1276319162352539e-05,
  "Ki": 4.545189020746625,
  "V2f": 0.6511945678961117,
  "K2s": 0.1317400764490432,
  "V2r": 0.24477369119612535,
  "K2p": 0.10425280654620686,
  "V3f": 0.2860809915602534,
  "K3s": 0.08706286239154085,
  "V3r": 0.19692512450366326,
  "K3p": 0.10765486622439269,
  "V4f": 0.3803079544425894,
  "K4s": 0.08387033546704303,
  "V4r": 0.07617273757089185,
  "K4p": 0.10106518343859905,
  "V5f": 0.2638753254946607,
  "K5s": 0.09776610509500093,
  "V5r": 0.061082605492194776,
  "K5p": 0.07711574268041832,
  "k_drain": 0.06682899183341431
}