{
  "k1": 6.802274210687494e-15,
  "Ki": 8.88481889850787e-09,
  "V2f": 1.2585803141605178e-07,
  "K2s": 3.3492988410469185e-08,
  "V2r": 2.3654827798595253e-09,
  "K2p": 6.534705531422205e-06,
  "V3f": 3.2070746453163295e-05,
  "K3s": 9.150408229373942e-07,
  "V3r": 4.675572109133958e-08,
  "K3p": 1.3780917113587344e-08,
  "V4f": 8.350692476945171e-05,
  "K4s": 7.622626650544267e-06,
  "V4r": 6.1027874995182765e-06,
  "K4p": 2.4113898976869416e-06,
  "V5f": 4.392593915573838e-05,
  "K5s": 3.0423776984255395e-09,
  "V5r": 1.184211985178232e-10,
  "K5p": 3.730996492682515e-09,
  "k_drain": 6.507305296249548e-09
}