{
  "k1": 1.247475824185014e-05,
  "Ki": 4.430647295670702,
  "V2f": 0.7986244254593481,
  "K2s": 0.13505286123884933,
  "V2r": 0.2510147269090067,
  "K2p": 0.11423207179192515,
  "V3f": 0.29548215607994266,
  "K3s": 0.07559284074942195,
  "V3r": 0.21663436218678944,
  "K3p": 0.0968834314583421,
  "V4f": 0.44067604264793686,
  "K4s": 0.07408018259919646,
  "V4r": 0.07717087538868816,
  "K4p": 0.09989187014387589,
  "V5f": 0.26356642715047407,
  "K5s": 0.1002943602721759,
  "V5r": 0.05680121568138241,
  "K5p": 0.07523589826321024,
  "k_drain": 0.06686516791739117
}