{
  "k1": 2.9774709708876145e-11,
  "Ki": 4.544370356550952e-07,
  "V2f": 2.1893619117996296e-05,
  "K2s": 4.334472498643772e-07,
  "V2r": 3.0371538092249063e-09,
  "K2p": 2.3566424667106704e-05,
  "V3f": 0.0006184727783461718,
  "K3s": 1.0291638503123207e-06,
  "V3r": 2.657853921926987e-06,
  "K3p": 2.2862401129866755e-05,
  "V4f": 0.0022059202600315333,
  "K4s": 8.81095934095783e-06,
  "V4r": 3.125619194699182e-06,
  "K4p": 0.00011314232268619754,
  "V5f": 0.0005221509068876607,
  "K5s": 3.7334999731467606e-07,
  "V5r": 2.922739252141159e-08,
  "K5p": 1.5934099583225203e-06,
  "k_drain": 1.7136758760498064e-07
}