{
  "k1": 1.1890564011424702e-05,
  "Ki": 5.220110351565963,
  "V2f": 0.7392722716390644,
  "K2s": 0.12588423379936678,
  "V2r": 0.2615210772944479,
  "K2p": 0.09535562773719397,
  "V3f": 0.35956694094599245,
  "K3s": 0.09469627943264954,
  "V3r": 0.20289790910662983,
  "K3p": 0.11170642507665571,
  "V4f": 0.31613609986100627,
  "K4s": 0.0680104830629765,
  "V4r": 0.06101480018599276,
  "K4p": 0.08690414790934357,
  "V5f": 0.19125123919763434,
  "K5s": 0.07781952117224072,
  "V5r": 0.07289529893416909,
  "K5p": 0.0760187347749926,
  "k_drain": 0.08705344155298274
}