{
  "k1": 1.4553283297158306e-14,
  "Ki": 4.591356066723703e-09,
  "V2f": 9.88389590688145e-08,
  "K2s": 3.0965773110060455e-08,
  "V2r": 1.7852917108542388e-09,
  "K2p": 8.06952712689087e-06,
  "V3f": 3.496850727999596e-05,
  "K3s": 6.228650505113543e-07,
  "V3r": 3.540616131234115e-08,
  "K3p": 1.1285892370768221e-08,
  "V4f": 0.0001397065239325594,
  "K4s": 5.962731956508245e-06,
  "V4r": 6.786125226430795e-06,
  "K4p": 2.7385996826763946e-06,
  "V5f": 7.473317724797787e-05,
  "K5s": 3.2211931853320052e-09,
  "V5r": 8.263020758960498e-11,
  "K5p": 3.971311291083267e-09,
  "k_drain": 1.0638048156514519e-08
}