{
  "k1": 1.1379719745915073e-05,
  "Ki": 4.622176665961566,
  "V2f": 0.6540056995564493,
  "K2s": 0.13288328892181894,
  "V2r": 0.2511077261949189,
  "K2p": 0.10427696308621065,
  "V3f": 0.28357043713164237,
  "K3s": 0.08689647739700367,
  "V3r": 0.19475533083339197,
  "K3p": 0.11622212395124791,
  "V4f": 0.3872800111030761,
  "K4s": 0.08079484855825372,
  "V4r": 0.07527212641414555,
  "K4p": 0.10077844211243589,
  "V5f": 0.25948696388054365,
  "K5s": 0.09564067034468098,
  "V5r": 0.062071840783171045,
  "K5p": 0.08195451777639964,
  "k_drain": 0.06616649464279438
}