{
  "k1": 1.3675702749513443e-05,
  "Ki": 4.436034828205562,
  "V2f": 0.9920413025913407,
  "K2s": 0.14032426468773246,
  "V2r": 0.2525126941964478,
  "K2p": 0.0997878658376328,
  "V3f": 0.32661391195766126,
  "K3s": 0.07422234479635949,
  "V3r": 0.23505178343220554,
  "K3p": 0.07649133249596159,
  "V4f": 0.4621411475542759,
  "K4s": 0.07294161329383828,
  "V4r": 0.08108252157944813,
  "K4p": 0.10414589855700723,
  "V5f": 0.2372269148603593,
  "K5s": 0.09754256260779935,
  "V5r": 0.05529406679815245,
  "K5p": 0.06501834152851976,
  "k_drain": 0.060191552623101406
}