{
  "k1": 7.530476618389479e-13,
  "Ki": 2.40482273969914e-07,
  "V2f": 2.4760181347151512e-05,
  "K2s": 8.6013950107311e-07,
  "V2r": 2.906549856330558e-09,
  "K2p": 2.4841681940706535e-05,
  "V3f": 0.00046542343084741343,
  "K3s": 2.4377387089615105e-06,
  "V3r": 2.2895493412383555e-06,
  "K3p": 1.7125130917042638e-05,
  "V4f": 0.00029593472878240484,
  "K4s": 2.9231521322349413e-06,
  "V4r": 1.583463802400163e-06,
  "K4p": 6.223132239134124e-05,
  "V5f": 0.001507153837052042,
  "K5s": 1.6111913400323515e-07,
  "V5r": 2.0124331608064407e-08,
  "K5p": 7.558977644113492e-07,
  "k_drain": 1.1661297122870799e-07
}