{
  "k1": 1.1175769739456325e-05,
  "Ki": 4.88490063408345,
  "V2f": 0.6893068199970975,
  "K2s": 0.12038520883746148,
  "V2r": 0.2500757152741691,
  "K2p": 0.10632019964587733,
  "V3f": 0.37240031496311027,
  "K3s": 0.10176302809660118,
  "V3r": 0.19945131639201122,
  "K3p": 0.10893389996967649,
  "V4f": 0.3236381513361321,
  "K4s": 0.06987444147769047,
  "V4r": 0.059954702443935484,
  "K4p": 0.08701945413876812,
  "V5f": 0.19341507035997305,
  "K5s": 0.07851079744414026,
  "V5r": 0.06632879069785547,
  "K5p": 0.07739564627004326,
  "k_drain": 0.0896325401360404
}