{
  "k1": 2.5885533945384902e-08,
  "Ki": 5.911252246846188e-06,
  "V2f": 9.363178240398792e-05,
  "K2s": 2.5624934448817037e-06,
  "V2r": 3.471010679141987e-06,
  "K2p": 3.9850381979843e-05,
  "V3f": 0.010469759993210623,
  "K3s": 0.00012105867093824868,
  "V3r": 6.968722139725795e-05,
  "K3p": 0.00015332962338319615,
  "V4f": 0.031837845676974286,
  "K4s": 8.187783476090011e-05,
  "V4r": 7.684809791149123e-06,
  "K4p": 0.00019005414824615019,
  "V5f": 0.00035708985167996185,
  "K5s": 0.0030472639230496334,
  "V5r": 2.947245415785776e-06,
  "K5p": 0.005555540340352253,
  "k_drain": 1.4814975296642935e-05
}