{
  "k1": 1.2476312896914554e-05,
  "Ki": 4.623992911532404,
  "V2f": 0.449749242085684,
  "K2s": 0.10360019508201437,
  "V2r": 0.3189141345660624,
  "K2p": 0.1157836635525194,
  "V3f": 0.31936607236917497,
  "K3s": 0.1094936276327857,
  "V3r": 0.2177818603007909,
  "K3p": 0.10535049371217449,
  "V4f": 0.3439655291583479,
  "K4s": 0.08574774328386428,
  "V4r": 0.07533410802207904,
  "K4p": 0.0920109977501848,
  "V5f": 0.23989650941245827,
  "K5s": 0.09484977215516996,
  "V5r": 0.07242574348925117,
  "K5p": 0.06663667309019865,
  "k_drain": 0.09230102077983114
}