{
  "k1": 1.3833558406780667e-05,
  "Ki": 5.691000644423204,
  "V2f": 0.8682937811550515,
  "K2s": 0.18002028510649087,
  "V2r": 0.22423871234477788,
  "K2p": 0.13359021443019425,
  "V3f": 0.35304994221674046,
  "K3s": 0.03681601430595359,
  "V3r": 0.3019022428551493,
  "K3p": 0.11399148924772576,
  "V4f": 0.37663286641087,
  "K4s": 0.10787517498787091,
  "V4r": 0.07095852297838068,
  "K4p": 0.10150146747126838,
  "V5f": 0.19341479660350264,
  "K5s": 0.08360362752312224,
  "V5r": 0.04871625613898182,
  "K5p": 0.06118105366803688,
  "k_drain": 0.052113839444425825
}