{
  "k1": 1.3361716610522685e-05,
  "Ki": 4.540170295075154,
  "V2f": 0.7339614026850719,
  "K2s": 0.142384110089804,
  "V2r": 0.24588341515876036,
  "K2p": 0.10818614072678931,
  "V3f": 0.2886822170443735,
  "K3s": 0.07343701905581862,
  "V3r": 0.20632652859066078,
  "K3p": 0.10424628035511177,
  "V4f": 0.4593991791343189,
  "K4s": 0.0817073623007787,
  "V4r": 0.08056329974956634,
  "K4p": 0.09995993260332256,
  "V5f": 0.24145863233056222,
  "K5s": 0.10049749966956018,
  "V5r": 0.06030052211925719,
  "K5p": 0.07187774890894957,
  "k_drain": 0.06583883179738671
}