{
  "k1": 1.4534106251632826e-05,
  "Ki": 5.947053904746796,
  "V2f": 0.9087768529523459,
  "K2s": 0.17050933169983915,
  "V2r": 0.2402437769979768,
  "K2p": 0.14092190916826683,
  "V3f": 0.3627426934440787,
  "K3s": 0.03940583080704653,
  "V3r": 0.28088276929688594,
  "K3p": 0.11506691191012619,
  "V4f": 0.3955806945854071,
  "K4s": 0.10857527940581974,
  "V4r": 0.06629261780790209,
  "K4p": 0.09468222211872158,
  "V5f": 0.20500125351961962,
  "K5s": 0.08075429017008864,
  "V5r": 0.04717910372729385,
  "K5p": 0.06431116309338292,
  "k_drain": 0.04968167510911108
}