{
  "k1": 9.779857466111909e-06,
  "Ki": 5.185101437185174,
  "V2f": 1.0415648890886942,
  "K2s": 0.13907204448115557,
  "V2r": 0.2733057858908896,
  "K2p": 0.14175783207901435,
  "V3f": 0.3097931068827781,
  "K3s": 0.06141083148873262,
  "V3r": 0.2353286944173251,
  "K3p": 0.08497951780824534,
  "V4f": 0.475785394174799,
  "K4s": 0.08817676938459872,
  "V4r": 0.08047566934867302,
  "K4p": 0.0994794466989168,
  "V5f": 0.2240974188409885,
  "K5s": 0.094991095795832,
  "V5r": 0.056082641390251604,
  "K5p": 0.06549034629986933,
  "k_drain": 0.04841785387649892
}