{
  "k1": 2.3604886669428258e-05,
  "Ki": 0.020233232437358882,
  "V2f": 0.0018151370735349872,
  "K2s": 0.007753501737606437,
  "V2r": 0.00016168270475899304,
  "K2p": 0.045100332087145326,
  "V3f": 0.030458473102463027,
  "K3s": 0.019267372828640883,
  "V3r": 0.004244176852691544,
  "K3p": 0.06829742482577308,
  "V4f": 0.1785522511666438,
  "K4s": 0.0020055950291084784,
  "V4r": 0.00029364417599887495,
  "K4p": 0.03849491947768458,
  "V5f": 0.006809001799295332,
  "K5s": 0.013191077820715257,
  "V5r": 0.05541063143503447,
  "K5p": 0.1661568198605871,
  "k_drain": 0.07672998795664751
}