{
  "k1": 1.1280251400358032e-05,
  "Ki": 5.0101957116676274,
  "V2f": 0.48386713696085254,
  "K2s": 0.10635310497445617,
  "V2r": 0.30246115732149875,
  "K2p": 0.1150620113107244,
  "V3f": 0.3119757596301644,
  "K3s": 0.11103905202848575,
  "V3r": 0.17190538468307628,
  "K3p": 0.10700893584060772,
  "V4f": 0.29270228544729127,
  "K4s": 0.10259759051819169,
  "V4r": 0.11087489428996515,
  "K4p": 0.08799480706263144,
  "V5f": 0.20076177440375206,
  "K5s": 0.11169257851886405,
  "V5r": 0.08779757011713353,
  "K5p": 0.09916007554169157,
  "k_drain": 0.10684295032876442
}