{
  "k1": 1.2961144580244661e-05,
  "Ki": 5.236234420030213,
  "V2f": 0.4736966515520435,
  "K2s": 0.10807062396365699,
  "V2r": 0.27745194417253766,
  "K2p": 0.10721071643300967,
  "V3f": 0.3197248179688919,
  "K3s": 0.1089194819716708,
  "V3r": 0.20588739857544144,
  "K3p": 0.09753357940020647,
  "V4f": 0.32529350198302615,
  "K4s": 0.08025851362100336,
  "V4r": 0.07457838181707707,
  "K4p": 0.07986139209103169,
  "V5f": 0.21849967570089432,
  "K5s": 0.08466215586057806,
  "V5r": 0.07440030293279835,
  "K5p": 0.06258274360788765,
  "k_drain": 0.09429964495792237
}