{
  "k1": 1.222265107541403e-08,
  "Ki": 7.555330461788536e-07,
  "V2f": 0.00011201962758070005,
  "K2s": 7.925754616021125e-06,
  "V2r": 5.377679891557166e-07,
  "K2p": 7.01241284950776e-06,
  "V3f": 0.0012345908957400375,
  "K3s": 0.0001872106380155035,
  "V3r": 9.864462237301307e-05,
  "K3p": 0.0002093133857271041,
  "V4f": 0.024118337174710937,
  "K4s": 0.00018038293601128203,
  "V4r": 4.119249745978846e-06,
  "K4p": 0.0019244008531416725,
  "V5f": 0.0005133343703582209,
  "K5s": 0.0008969097989395504,
  "V5r": 5.154171157232723e-07,
  "K5p": 0.0003194712743066616,
  "k_drain": 1.4461569170909437e-06
}