{
  "k1": 1.2979925651650603e-05,
  "Ki": 4.492892694111841,
  "V2f": 1.0678476570965985,
  "K2s": 0.14239696236954083,
  "V2r": 0.2642850196020779,
  "K2p": 0.10281542174575088,
  "V3f": 0.3182527844470758,
  "K3s": 0.061804140657675845,
  "V3r": 0.24233671397278136,
  "K3p": 0.07912748947991462,
  "V4f": 0.4761849546946418,
  "K4s": 0.08155148141854807,
  "V4r": 0.08503155716985036,
  "K4p": 0.11949489810212978,
  "V5f": 0.2311198961341003,
  "K5s": 0.09210469496204501,
  "V5r": 0.05027512771684043,
  "K5p": 0.06752950564144787,
  "k_drain": 0.053977440526749756
}