{
  "k1": 1.1728465041895133e-05,
  "Ki": 4.994930593512809,
  "V2f": 0.7237349742069655,
  "K2s": 0.12618138488865374,
  "V2r": 0.2612363284579479,
  "K2p": 0.09563017727127435,
  "V3f": 0.3692703065226433,
  "K3s": 0.1000303745161351,
  "V3r": 0.2019632590722852,
  "K3p": 0.1158953319558562,
  "V4f": 0.3130519378369213,
  "K4s": 0.06604082489771583,
  "V4r": 0.06294863032642685,
  "K4p": 0.08903562747908005,
  "V5f": 0.189731777665611,
  "K5s": 0.08018449642329473,
  "V5r": 0.06910474100150905,
  "K5p": 0.07716486272925896,
  "k_drain": 0.08682850029989114
}