{
  "k1": 1.0186034612847984e-11,
  "Ki": 6.761884899660011e-07,
  "V2f": 2.660232491944684e-05,
  "K2s": 3.846064040155494e-07,
  "V2r": 2.5199534574094303e-09,
  "K2p": 2.243337860027075e-05,
  "V3f": 0.0005369931984974985,
  "K3s": 1.2038332085839744e-06,
  "V3r": 4.158498939205061e-06,
  "K3p": 1.4085562332248284e-05,
  "V4f": 0.00228426843096028,
  "K4s": 1.3380247225341838e-05,
  "V4r": 2.4044952089225442e-06,
  "K4p": 0.00022678070798653108,
  "V5f": 0.0010409081537484494,
  "K5s": 2.396086242835362e-07,
  "V5r": 3.6123858485818216e-08,
  "K5p": 1.4763722444370754e-06,
  "k_drain": 1.4876019142100173e-07
}