{
  "k1": 1.1898619885185271e-05,
  "Ki": 4.746214470893093,
  "V2f": 0.7157955633561167,
  "K2s": 0.12267191928886491,
  "V2r": 0.2285571485005958,
  "K2p": 0.10101887169699589,
  "V3f": 0.341474016092607,
  "K3s": 0.09674949390380924,
  "V3r": 0.1951430560994682,
  "K3p": 0.11037652736539305,
  "V4f": 0.34585826950320087,
  "K4s": 0.06320921139303809,
  "V4r": 0.05418895657239567,
  "K4p": 0.08831289044221437,
  "V5f": 0.19565145735152012,
  "K5s": 0.08586331737559676,
  "V5r": 0.062447118338441514,
  "K5p": 0.0820651188847054,
  "k_drain": 0.07574183251879757
}