{
  "k1": 3.8205921103913275e-14,
  "Ki": 2.2337714182003095e-07,
  "V2f": 2.7910497136715153e-06,
  "K2s": 7.157622619209288e-08,
  "V2r": 5.159680173855669e-09,
  "K2p": 5.443594459800316e-05,
  "V3f": 0.0002432626053085772,
  "K3s": 3.5109546392226453e-07,
  "V3r": 1.4936081206288627e-06,
  "K3p": 9.802182091699492e-07,
  "V4f": 0.0005067459762739021,
  "K4s": 6.091813473243491e-07,
  "V4r": 1.668042314938062e-06,
  "K4p": 5.755407598504553e-06,
  "V5f": 0.0015574228344265493,
  "K5s": 2.3661323627525136e-07,
  "V5r": 5.771810092108984e-10,
  "K5p": 1.1211319476205084e-07,
  "k_drain": 3.499674529542559e-08
}