{
  "k1": 1.3098418437068554e-05,
  "Ki": 4.620511592549837,
  "V2f": 0.817011670774363,
  "K2s": 0.14279415511603122,
  "V2r": 0.24540502047939616,
  "K2p": 0.1068741453727124,
  "V3f": 0.2780915292534824,
  "K3s": 0.08063244103550032,
  "V3r": 0.22137986702137077,
  "K3p": 0.09817973681419681,
  "V4f": 0.49936353666604183,
  "K4s": 0.08076921397458067,
  "V4r": 0.08122083219060994,
  "K4p": 0.10394726673128624,
  "V5f": 0.23507734479553427,
  "K5s": 0.09886303213429541,
  "V5r": 0.060463197140855435,
  "K5p": 0.07431085682667739,
  "k_drain": 0.06647500851950182
}