{
  "k1": 5.847484726392369e-07,
  "Ki": 0.00022366191076828774,
  "V2f": 0.00015092144941500764,
  "K2s": 0.0001878227525263056,
  "V2r": 1.1766811667227874e-05,
  "K2p": 0.02308517461080844,
  "V3f": 0.0035597196774961822,
  "K3s": 0.0006928208289583451,
  "V3r": 2.5384551518110545e-05,
  "K3p": 0.0027657397900532885,
  "V4f": 0.06475755282848338,
  "K4s": 0.000550599257117937,
  "V4r": 0.00019696437533028404,
  "K4p": 0.009987166455533724,
  "V5f": 0.002053574968767366,
  "K5s": 0.005997004804399926,
  "V5r": 0.00031797378239341615,
  "K5p": 0.06986864667237222,
  "k_drain": 0.0021922999890317263
}