{
  "k1": 1.1829134838621313e-05,
  "Ki": 4.4793698093520335,
  "V2f": 0.47278210957075767,
  "K2s": 0.10385647854124586,
  "V2r": 0.306217495508576,
  "K2p": 0.10619980541760862,
  "V3f": 0.30577212758732986,
  "K3s": 0.11865923457424042,
  "V3r": 0.2209113490624138,
  "K3p": 0.09965694051179205,
  "V4f": 0.2868186658152115,
  "K4s": 0.10061352969786094,
  "V4r": 0.09437916078612446,
  "K4p": 0.08434970051594712,
  "V5f": 0.21651013152790455,
  "K5s": 0.091131637205875,
  "V5r": 0.07097386687663207,
  "K5p": 0.0788087711584487,
  "k_drain": 0.09887381876232536
}