{
  "k1": 1.2857637146721687e-05,
  "Ki": 4.250468157339251,
  "V2f": 1.0488119967174234,
  "K2s": 0.1350084070124212,
  "V2r": 0.2554571696862083,
  "K2p": 0.10263239932497856,
  "V3f": 0.32801634810876235,
  "K3s": 0.07263806527993429,
  "V3r": 0.24856767827177928,
  "K3p": 0.07657918220414597,
  "V4f": 0.4671237994296545,
  "K4s": 0.06933748673748935,
  "V4r": 0.08345166173993132,
  "K4p": 0.10692418950166983,
  "V5f": 0.23991834292526973,
  "K5s": 0.09828629680146662,
  "V5r": 0.0561278872785469,
  "K5p": 0.06310652576915472,
  "k_drain": 0.05847558065254933
}