{
  "k1": 1.4632954918064947e-05,
  "Ki": 5.901290705647814,
  "V2f": 0.9105791671029689,
  "K2s": 0.16826442858827861,
  "V2r": 0.24632712997109985,
  "K2p": 0.13704508452410735,
  "V3f": 0.3673109082962501,
  "K3s": 0.03987729761619879,
  "V3r": 0.2854556203793371,
  "K3p": 0.11735078162526329,
  "V4f": 0.3886750631558412,
  "K4s": 0.1085256285558277,
  "V4r": 0.06395033236144396,
  "K4p": 0.09420208371392909,
  "V5f": 0.2033973406975243,
  "K5s": 0.08004300111750311,
  "V5r": 0.04617685434637307,
  "K5p": 0.06482738782521191,
  "k_drain": 0.04965356483242175
}