{
  "k1": 1.318133181882735e-05,
  "Ki": 4.976646760586167,
  "V2f": 0.5881877952517139,
  "K2s": 0.11915473832494078,
  "V2r": 0.28505234385055633,
  "K2p": 0.11961456827144593,
  "V3f": 0.32966790541724983,
  "K3s": 0.10407187794317052,
  "V3r": 0.215562442040594,
  "K3p": 0.09162568014304809,
  "V4f": 0.2888888833870875,
  "K4s": 0.07450226779976721,
  "V4r": 0.0669336897095213,
  "K4p": 0.07621748555298406,
  "V5f": 0.24425496615110528,
  "K5s": 0.08671808423414916,
  "V5r": 0.07690158484048015,
  "K5p": 0.06908785592238263,
  "k_drain": 0.09143320662441315
}