{
  "k1": 6.703943643173419e-10,
  "Ki": 8.31365903429248e-07,
  "V2f": 2.6318533969968513e-05,
  "K2s": 5.644891028425261e-06,
  "V2r": 1.0678218448376421e-07,
  "K2p": 3.8796265198483885e-06,
  "V3f": 0.0017833215693698105,
  "K3s": 5.0326104383682025e-06,
  "V3r": 6.313123445307377e-05,
  "K3p": 3.4059158973661025e-05,
  "V4f": 0.006747594726217516,
  "K4s": 0.00010231534281476159,
  "V4r": 5.15704899886802e-05,
  "K4p": 0.00037299237493346063,
  "V5f": 0.0020076245866127974,
  "K5s": 2.9136942312272767e-05,
  "V5r": 1.4669280747304436e-07,
  "K5p": 2.4079602286970146e-05,
  "k_drain": 5.161158758049114e-07
}