{
  "k1": 1.2746804080328026e-05,
  "Ki": 4.167800392740013,
  "V2f": 0.4534223859222512,
  "K2s": 0.11582173938966676,
  "V2r": 0.3104480155885211,
  "K2p": 0.10716210576415783,
  "V3f": 0.3290727870559903,
  "K3s": 0.11575930100365445,
  "V3r": 0.2505363912190197,
  "K3p": 0.11607629562451434,
  "V4f": 0.280142440538049,
  "K4s": 0.10299864132005745,
  "V4r": 0.07887559574230205,
  "K4p": 0.09321857296880245,
  "V5f": 0.23602866597003608,
  "K5s": 0.09599724835448575,
  "V5r": 0.07207145526036735,
  "K5p": 0.062232713819585984,
  "k_drain": 0.09917667839819523
}