{
  "k1": 1.2688310979833116e-07,
  "Ki": 2.5819853638659476e-05,
  "V2f": 3.96474968431203e-05,
  "K2s": 4.1402490269027765e-06,
  "V2r": 6.868926254098425e-06,
  "K2p": 0.0006701251675623786,
  "V3f": 0.00980187599228771,
  "K3s": 0.0001777683177488488,
  "V3r": 3.7865190661403465e-05,
  "K3p": 0.0008274853736432258,
  "V4f": 0.026387499218966257,
  "K4s": 0.00039461020909057893,
  "V4r": 1.6821010488305527e-05,
  "K4p": 0.002017718207285311,
  "V5f": 0.0019332245152170347,
  "K5s": 0.005413116113203617,
  "V5r": 4.408378844784321e-05,
  "K5p": 0.010145538964043832,
  "k_drain": 0.00030721872792018073
}