{
  "k1": 1.272822754993444e-05,
  "Ki": 4.294072028793026,
  "V2f": 1.034139699170899,
  "K2s": 0.1383369376926115,
  "V2r": 0.2611264343873132,
  "K2p": 0.1055023234503635,
  "V3f": 0.31148243732411834,
  "K3s": 0.06483087352061588,
  "V3r": 0.22753691854342487,
  "K3p": 0.07739365491815926,
  "V4f": 0.4702419292984308,
  "K4s": 0.07758044028272273,
  "V4r": 0.08979364930228434,
  "K4p": 0.11776703736176997,
  "V5f": 0.23704380452334062,
  "K5s": 0.0913810589662684,
  "V5r": 0.050485110139042645,
  "K5p": 0.06602192233210182,
  "k_drain": 0.05426834230343465
}