{
  "k1": 3.574289706527748e-07,
  "Ki": 0.00021986925272355856,
  "V2f": 0.000210364948437768,
  "K2s": 0.00014032167542101838,
  "V2r": 1.189104099482543e-05,
  "K2p": 0.027426951677661546,
  "V3f": 0.0027148695765570278,
  "K3s": 0.0006707467727514449,
  "V3r": 2.692632740676256e-05,
  "K3p": 0.00406698261981308,
  "V4f": 0.0838569252444422,
  "K4s": 0.000597178980111933,
  "V4r": 0.00016478661372549598,
  "K4p": 0.01149491140883778,
  "V5f": 0.0017089656458191696,
  "K5s": 0.0035402695881904286,
  "V5r": 0.0003136926721577794,
  "K5p": 0.03530552648064189,
  "k_drain": 0.0016168251757410657
}