{
  "k1": 1.1944360300608294e-05,
  "Ki": 4.359083385142508,
  "V2f": 0.448381162720274,
  "K2s": 0.10383216170726667,
  "V2r": 0.31704236592916385,
  "K2p": 0.10866770110787295,
  "V3f": 0.3050024597473177,
  "K3s": 0.11719930568840872,
  "V3r": 0.22035868036653827,
  "K3p": 0.09730084930675945,
  "V4f": 0.2917923900800757,
  "K4s": 0.09912211065554775,
  "V4r": 0.09376321513726767,
  "K4p": 0.08639321878748453,
  "V5f": 0.21989421538669865,
  "K5s": 0.09385553431082821,
  "V5r": 0.07059231161246568,
  "K5p": 0.07566254342369545,
  "k_drain": 0.09822618482875098
}