{
  "k1": 2.1755005385018858e-10,
  "Ki": 1.7391838155908766e-07,
  "V2f": 1.1987633468086116e-05,
  "K2s": 1.5504500599449676e-06,
  "V2r": 1.614930210257572e-08,
  "K2p": 5.051352423407709e-06,
  "V3f": 0.0009935872466619122,
  "K3s": 1.5332033348229838e-06,
  "V3r": 6.0970683543546694e-06,
  "K3p": 0.000133811330716291,
  "V4f": 0.0007935780742581399,
  "K4s": 1.365611956383746e-05,
  "V4r": 6.459814551807772e-06,
  "K4p": 0.0001192593084934889,
  "V5f": 0.00036191961812879445,
  "K5s": 8.832199695893272e-07,
  "V5r": 2.0682951632020924e-08,
  "K5p": 2.8594391202277063e-06,
  "k_drain": 9.277937269148949e-07
}