{
  "k1": 1.1258855676419405e-05,
  "Ki": 5.560197707881039,
  "V2f": 0.7211733202223148,
  "K2s": 0.11746756233516284,
  "V2r": 0.23249393190092274,
  "K2p": 0.10369547018082001,
  "V3f": 0.3411924508025101,
  "K3s": 0.09874558138732949,
  "V3r": 0.21464966417590672,
  "K3p": 0.11053550025563977,
  "V4f": 0.2924305467664804,
  "K4s": 0.06705936538265792,
  "V4r": 0.06628897897729967,
  "K4p": 0.08752158969889648,
  "V5f": 0.19699146725802552,
  "K5s": 0.08201288701187508,
  "V5r": 0.07884563030789607,
  "K5p": 0.07201024846901564,
  "k_drain": 0.09102833181710142
}