{
  "k1": 1.3686593383961846e-05,
  "Ki": 5.774060246600834,
  "V2f": 0.8885393567781887,
  "K2s": 0.17703216444939357,
  "V2r": 0.22769753862176348,
  "K2p": 0.13356424881837792,
  "V3f": 0.36259927684483906,
  "K3s": 0.03692160025141384,
  "V3r": 0.2963678523055214,
  "K3p": 0.11513639186855956,
  "V4f": 0.3821854624385221,
  "K4s": 0.10695410792923679,
  "V4r": 0.07056659951558168,
  "K4p": 0.10288902878846272,
  "V5f": 0.18953762558494308,
  "K5s": 0.08393966604835319,
  "V5r": 0.048314820121944886,
  "K5p": 0.06265306085599402,
  "k_drain": 0.05002679358408467
}