{
  "k1": 1.8752823871988707e-10,
  "Ki": 2.9180020245460676e-07,
  "V2f": 9.763436063789628e-06,
  "K2s": 2.9067735142922773e-06,
  "V2r": 1.7961062783907203e-08,
  "K2p": 4.858905996166534e-06,
  "V3f": 0.0007614893330273206,
  "K3s": 1.8257805543342544e-06,
  "V3r": 6.6968771771419304e-06,
  "K3p": 0.00012036143725570866,
  "V4f": 0.0008167256375189375,
  "K4s": 1.2442131841196157e-05,
  "V4r": 4.66048884299946e-06,
  "K4p": 9.190086275622266e-05,
  "V5f": 0.0003658854784510141,
  "K5s": 1.3761311294039216e-06,
  "V5r": 1.556537329616019e-08,
  "K5p": 4.861730160649677e-06,
  "k_drain": 6.801234355230683e-07
}