{
  "k1": 1.1152917294580166e-05,
  "Ki": 5.427656386157995,
  "V2f": 0.7292193156255707,
  "K2s": 0.1172914277146807,
  "V2r": 0.2333835764739462,
  "K2p": 0.10195241787280014,
  "V3f": 0.34194862403095017,
  "K3s": 0.096792947803086,
  "V3r": 0.21419310571301958,
  "K3p": 0.10955224246952866,
  "V4f": 0.2926608466170055,
  "K4s": 0.0674991837493099,
  "V4r": 0.0671535606014314,
  "K4p": 0.09124365410105888,
  "V5f": 0.19680862597327287,
  "K5s": 0.08053647751981209,
  "V5r": 0.08037685253738157,
  "K5p": 0.07294785601203169,
  "k_drain": 0.09354599423520388
}