{
  "k1": 1.3237867316107523e-05,
  "Ki": 4.5866175187409715,
  "V2f": 0.8983190136988044,
  "K2s": 0.14091696659438532,
  "V2r": 0.2511711416382805,
  "K2p": 0.10921513637324676,
  "V3f": 0.3014816649367823,
  "K3s": 0.0765389141625758,
  "V3r": 0.22490310780464995,
  "K3p": 0.09461610047201736,
  "V4f": 0.4826599478711739,
  "K4s": 0.07812204901799727,
  "V4r": 0.09004764507966394,
  "K4p": 0.10186578058161314,
  "V5f": 0.23097248301461698,
  "K5s": 0.09692388054760165,
  "V5r": 0.05650675511974746,
  "K5p": 0.0653903122317913,
  "k_drain": 0.06683772488064237
}