{
  "k1": 1.2498217455200534e-05,
  "Ki": 5.23318662996005,
  "V2f": 0.5414776656088971,
  "K2s": 0.12252164586947059,
  "V2r": 0.2845052837945901,
  "K2p": 0.10768418176367221,
  "V3f": 0.33214985344977255,
  "K3s": 0.1063499410387867,
  "V3r": 0.2271039462166049,
  "K3p": 0.09866779189579339,
  "V4f": 0.30774060367760425,
  "K4s": 0.07733451026620207,
  "V4r": 0.07256829839678668,
  "K4p": 0.07555200682804582,
  "V5f": 0.21781139225684928,
  "K5s": 0.083056862703893,
  "V5r": 0.06879939478744154,
  "K5p": 0.06562787788023855,
  "k_drain": 0.09168375372844811
}