{
  "k1": 1.5542642369035547e-09,
  "Ki": 8.302674213117629e-07,
  "V2f": 0.00016386888675916253,
  "K2s": 9.066108516603334e-06,
  "V2r": 3.4595022981957773e-07,
  "K2p": 2.8278543576345784e-06,
  "V3f": 0.0022567328534861954,
  "K3s": 1.2822967565977162e-05,
  "V3r": 2.6443362885758952e-05,
  "K3p": 0.0001822840721898007,
  "V4f": 0.02940232540583183,
  "K4s": 5.374549303121474e-05,
  "V4r": 1.3688889931357376e-05,
  "K4p": 0.0006583948322921577,
  "V5f": 0.0011342726274178052,
  "K5s": 0.00012028035825811218,
  "V5r": 1.9901133576289063e-07,
  "K5p": 3.921444068188467e-05,
  "k_drain": 7.818915309632778e-07
}