{
  "k1": 2.0273670843187382e-10,
  "Ki": 1.5893065712510805e-06,
  "V2f": 3.840207626479308e-05,
  "K2s": 5.1047903840727005e-06,
  "V2r": 1.26684741984786e-07,
  "K2p": 3.4006471926562483e-06,
  "V3f": 0.0009103011154026089,
  "K3s": 1.7225975180009878e-06,
  "V3r": 1.0089799665030732e-05,
  "K3p": 1.8328965306020577e-05,
  "V4f": 0.010370717226004918,
  "K4s": 6.544597604336125e-05,
  "V4r": 2.3039168555730907e-05,
  "K4p": 0.0007229539332052362,
  "V5f": 0.002362124380038912,
  "K5s": 2.1902636002394526e-05,
  "V5r": 7.436657005683196e-07,
  "K5p": 1.5040730687787472e-05,
  "k_drain": 4.84149442502476e-07
}