{
  "k1": 1.174414296743875e-05,
  "Ki": 5.012256157550594,
  "V2f": 0.5529891634087847,
  "K2s": 0.12639430312273614,
  "V2r": 0.2720801947847264,
  "K2p": 0.11309001179798903,
  "V3f": 0.3229072793773171,
  "K3s": 0.11074269409584624,
  "V3r": 0.21154618390669577,
  "K3p": 0.09771066281454525,
  "V4f": 0.26719622638190943,
  "K4s": 0.076736108336084,
  "V4r": 0.06856182957382888,
  "K4p": 0.07646313823902502,
  "V5f": 0.24102431278293332,
  "K5s": 0.08718162404022493,
  "V5r": 0.07346849319402537,
  "K5p": 0.07425301187600744,
  "k_drain": 0.09094649616434597
}