{
  "k1": 1.532237741388709e-05,
  "Ki": 5.296133111409801,
  "V2f": 0.8519738257792816,
  "K2s": 0.1669611295499153,
  "V2r": 0.2182321435124645,
  "K2p": 0.13854832933278094,
  "V3f": 0.4365140552463494,
  "K3s": 0.0390138916415286,
  "V3r": 0.30986941384930206,
  "K3p": 0.11368122792103301,
  "V4f": 0.39143046849945734,
  "K4s": 0.10331437813066745,
  "V4r": 0.060502001131389004,
  "K4p": 0.11030308136859443,
  "V5f": 0.1789979848307883,
  "K5s": 0.0676868148915112,
  "V5r": 0.06434983591246322,
  "K5p": 0.05606795446337366,
  "k_drain": 0.05230922615593641
}