{
  "k1": 1.4130751345611904e-05,
  "Ki": 5.828311499754716,
  "V2f": 0.8694648067425811,
  "K2s": 0.17214550517158841,
  "V2r": 0.2302256665528804,
  "K2p": 0.13687370108839644,
  "V3f": 0.36255470601738354,
  "K3s": 0.03497539705677726,
  "V3r": 0.3002476681909853,
  "K3p": 0.11787047327540373,
  "V4f": 0.40371809432626266,
  "K4s": 0.10679152058950075,
  "V4r": 0.07193162431618562,
  "K4p": 0.10223341983128667,
  "V5f": 0.19297525312798877,
  "K5s": 0.08347592447097456,
  "V5r": 0.04672638493699779,
  "K5p": 0.06240933535722735,
  "k_drain": 0.04964019995765459
}