{
  "k1": 1.4567004923791805e-12,
  "Ki": 4.3522888181475133e-07,
  "V2f": 4.768846219973873e-05,
  "K2s": 6.183468755965219e-07,
  "V2r": 2.2877079200960634e-09,
  "K2p": 4.360645800512849e-05,
  "V3f": 0.0005924166154355601,
  "K3s": 2.087953239215969e-06,
  "V3r": 1.612061513992936e-06,
  "K3p": 1.1624742701297675e-05,
  "V4f": 0.00021656904462984768,
  "K4s": 5.273276437877189e-06,
  "V4r": 1.4905579687837178e-06,
  "K4p": 9.484670047067106e-05,
  "V5f": 0.001263202711732837,
  "K5s": 1.357179267789484e-07,
  "V5r": 2.833535995847098e-08,
  "K5p": 6.306929963434134e-07,
  "k_drain": 2.1614812330699492e-07
}