{
  "k1": 1.2013340826523439e-05,
  "Ki": 4.923132624623474,
  "V2f": 0.6992702925233183,
  "K2s": 0.12199627197664592,
  "V2r": 0.25235840235840956,
  "K2p": 0.10448774340390937,
  "V3f": 0.37614621691672695,
  "K3s": 0.10111239514072809,
  "V3r": 0.20148298235352377,
  "K3p": 0.1111092205788523,
  "V4f": 0.3191854967046731,
  "K4s": 0.06932426864228895,
  "V4r": 0.06015196012607183,
  "K4p": 0.08739620855901802,
  "V5f": 0.19178025571748528,
  "K5s": 0.08047956435852277,
  "V5r": 0.06592630319562943,
  "K5p": 0.07954013448058542,
  "k_drain": 0.09166565375084708
}