{
  "k1": 6.675805721062229e-10,
  "Ki": 1.2085200331659993e-06,
  "V2f": 2.2028825262348848e-05,
  "K2s": 8.7436452045452e-06,
  "V2r": 1.0836167965834614e-07,
  "K2p": 1.379948649918498e-06,
  "V3f": 0.0006842544243163982,
  "K3s": 1.5046564712376098e-06,
  "V3r": 1.6307869554113303e-05,
  "K3p": 1.9692961850008838e-05,
  "V4f": 0.025275339266484724,
  "K4s": 3.444127413165463e-05,
  "V4r": 5.0182785954610725e-06,
  "K4p": 0.0005541360028023821,
  "V5f": 0.0006444290669619733,
  "K5s": 1.0334752301858192e-05,
  "V5r": 4.7541515649703577e-07,
  "K5p": 2.0872876021815017e-05,
  "k_drain": 3.6548751375714507e-07
}