{
  "k1": 1.2253625515975282e-05,
  "Ki": 4.979794962574818,
  "V2f": 0.5607276858759347,
  "K2s": 0.11732957563339379,
  "V2r": 0.26752263225633693,
  "K2p": 0.11205901391378653,
  "V3f": 0.32975189444259617,
  "K3s": 0.11409826997753858,
  "V3r": 0.22146523460708128,
  "K3p": 0.09289915206387513,
  "V4f": 0.26636875915362623,
  "K4s": 0.06933025704523166,
  "V4r": 0.06745352999807135,
  "K4p": 0.08021572368542189,
  "V5f": 0.23168981377564019,
  "K5s": 0.08206128606020939,
  "V5r": 0.07625796940886737,
  "K5p": 0.07905908020530372,
  "k_drain": 0.097994782572906
}