{
  "k1": 6.3730810194519275e-15,
  "Ki": 4.657983434480765e-08,
  "V2f": 2.9616067194496394e-08,
  "K2s": 1.3748740551055863e-08,
  "V2r": 1.3396747760132456e-09,
  "K2p": 4.374247029457769e-06,
  "V3f": 2.2877032882497596e-05,
  "K3s": 1.7329571890117908e-07,
  "V3r": 5.459800316183904e-08,
  "K3p": 2.6358567892000886e-08,
  "V4f": 9.163219071452405e-05,
  "K4s": 9.637803590450687e-06,
  "V4r": 2.845412669353109e-06,
  "K4p": 5.259416299431908e-06,
  "V5f": 3.928272598827248e-05,
  "K5s": 5.506475625703867e-09,
  "V5r": 3.197430417177796e-11,
  "K5p": 2.4091913608221223e-09,
  "k_drain": 2.0584291607385084e-09
}