{
  "k1": 1.093501526171287e-05,
  "Ki": 4.369556765774679,
  "V2f": 0.7288883132550641,
  "K2s": 0.13489516698131965,
  "V2r": 0.25184242927449096,
  "K2p": 0.10673419577770872,
  "V3f": 0.29646571010589884,
  "K3s": 0.08319232245634176,
  "V3r": 0.20662265902323637,
  "K3p": 0.09981660488635863,
  "V4f": 0.4132496499943414,
  "K4s": 0.0834473268046856,
  "V4r": 0.07491934582269545,
  "K4p": 0.09856166343969887,
  "V5f": 0.25909612427764983,
  "K5s": 0.09804327805780742,
  "V5r": 0.058215941651479676,
  "K5p": 0.07975239537527704,
  "k_drain": 0.07028206066730854
}