{
  "k1": 1.9570716836798745e-05,
  "Ki": 0.03744772045475146,
  "V2f": 0.001471039006078482,
  "K2s": 0.01152415717357111,
  "V2r": 8.388469255232797e-05,
  "K2p": 0.062072358570452964,
  "V3f": 0.02268241865734563,
  "K3s": 0.012794348381577489,
  "V3r": 0.0026554716200582916,
  "K3p": 0.06417804929265364,
  "V4f": 0.10431499205118513,
  "K4s": 0.0013575228523687434,
  "V4r": 0.0004117133656048665,
  "K4p": 0.05226043651691775,
  "V5f": 0.00662876584051079,
  "K5s": 0.0303823032106548,
  "V5r": 0.04260284570011727,
  "K5p": 0.20088601741612117,
  "k_drain": 0.05300295172174194
}