{
  "k1": 1.131825430038577e-05,
  "Ki": 4.751447379342857,
  "V2f": 0.4655609579035839,
  "K2s": 0.11053381725858925,
  "V2r": 0.315085696330861,
  "K2p": 0.11644148785666798,
  "V3f": 0.312641512880321,
  "K3s": 0.11381771432847256,
  "V3r": 0.1788958336948095,
  "K3p": 0.10359971924250028,
  "V4f": 0.28599064092488147,
  "K4s": 0.10140125218476147,
  "V4r": 0.1112614760860789,
  "K4p": 0.09037028337710126,
  "V5f": 0.19090399964390825,
  "K5s": 0.1169083791274916,
  "V5r": 0.08631997322301746,
  "K5p": 0.10175324472125635,
  "k_drain": 0.10776317302696196
}