{
  "k1": 1.3367418578661167e-05,
  "Ki": 4.834450172345752,
  "V2f": 0.8547525652227997,
  "K2s": 0.1448549721340902,
  "V2r": 0.24754426219749215,
  "K2p": 0.10301548472143342,
  "V3f": 0.28622610310533597,
  "K3s": 0.08015592720438554,
  "V3r": 0.2161150054501655,
  "K3p": 0.09923611077664499,
  "V4f": 0.5081215884168739,
  "K4s": 0.07852509031095369,
  "V4r": 0.08408791615688321,
  "K4p": 0.10290752891171233,
  "V5f": 0.22811701743305504,
  "K5s": 0.0956839211528595,
  "V5r": 0.05955741117237359,
  "K5p": 0.07111309335357478,
  "k_drain": 0.06601069038646859
}