{
  "k1": 1.0973094046469634e-05,
  "Ki": 5.384800077425653,
  "V2f": 1.073153864464492,
  "K2s": 0.15420952541977054,
  "V2r": 0.312121897493635,
  "K2p": 0.1335065270163709,
  "V3f": 0.32243188840625614,
  "K3s": 0.05412603111016735,
  "V3r": 0.2441273012883797,
  "K3p": 0.07867950453737861,
  "V4f": 0.44550515973778626,
  "K4s": 0.08432284259134545,
  "V4r": 0.0716977482592558,
  "K4p": 0.09233901138283732,
  "V5f": 0.23110624157030993,
  "K5s": 0.09068537781595462,
  "V5r": 0.05090442144876347,
  "K5p": 0.06878804879870132,
  "k_drain": 0.05259466943432391
}