{
  "k1": 2.513189263908995e-09,
  "Ki": 7.295319812540806e-07,
  "V2f": 2.4350233744371866e-05,
  "K2s": 5.208820800824613e-06,
  "V2r": 5.144031158506347e-08,
  "K2p": 2.514833310908287e-06,
  "V3f": 0.0003350820485255432,
  "K3s": 4.861295161964566e-07,
  "V3r": 5.20420159863275e-06,
  "K3p": 2.1689736898325453e-05,
  "V4f": 0.008037877813856457,
  "K4s": 2.0357257731578563e-05,
  "V4r": 5.607675872412049e-06,
  "K4p": 0.0003079400500120126,
  "V5f": 7.608828497126094e-05,
  "K5s": 4.013330805604213e-06,
  "V5r": 1.391096314492699e-07,
  "K5p": 6.95361363231403e-06,
  "k_drain": 3.982924213182649e-07
}