{
  "k1": 1.196668753363732e-05,
  "Ki": 4.956744657669062,
  "V2f": 0.6588913336764389,
  "K2s": 0.11908194329620857,
  "V2r": 0.26240761829845516,
  "K2p": 0.10377601621396464,
  "V3f": 0.34471660863279746,
  "K3s": 0.10117703514946905,
  "V3r": 0.20445214858759705,
  "K3p": 0.09511299984677704,
  "V4f": 0.30227730009839554,
  "K4s": 0.06746558030775923,
  "V4r": 0.06853216279363686,
  "K4p": 0.08273051357912523,
  "V5f": 0.23628507167126356,
  "K5s": 0.07723945435934834,
  "V5r": 0.08217246193335002,
  "K5p": 0.07651300851222376,
  "k_drain": 0.10509680442734297
}