{
  "k1": 3.213550757773728e-08,
  "Ki": 1.2663974690104136e-05,
  "V2f": 7.85733677267876e-05,
  "K2s": 6.677305295355974e-06,
  "V2r": 2.3058639584056955e-06,
  "K2p": 9.408675367086693e-05,
  "V3f": 0.009299479236901638,
  "K3s": 0.0003723594509300386,
  "V3r": 5.624681154457795e-05,
  "K3p": 0.00027022555871501915,
  "V4f": 0.029677271475496356,
  "K4s": 0.0003069521294785162,
  "V4r": 1.4745091539223406e-05,
  "K4p": 0.00040400428130411766,
  "V5f": 0.0017733648092099822,
  "K5s": 0.0049984879637816945,
  "V5r": 7.976761811638186e-06,
  "K5p": 0.009426154878375318,
  "k_drain": 7.458528004305551e-05
}