{
  "k1": 1.2677782693780216e-05,
  "Ki": 4.29775653252948,
  "V2f": 0.4563218039234607,
  "K2s": 0.11550763718642272,
  "V2r": 0.3057044291429607,
  "K2p": 0.10339948982693971,
  "V3f": 0.31606770879946655,
  "K3s": 0.11442719190583168,
  "V3r": 0.23144233301259765,
  "K3p": 0.11222230461123099,
  "V4f": 0.28508788951033853,
  "K4s": 0.09549065884620331,
  "V4r": 0.07647381619900943,
  "K4p": 0.09128271955813885,
  "V5f": 0.2439853822752613,
  "K5s": 0.10199031006423553,
  "V5r": 0.0726160433402403,
  "K5p": 0.06741141448143081,
  "k_drain": 0.09791839820126849
}