{
  "k1": 1.2426192963761282e-05,
  "Ki": 5.267659867619205,
  "V2f": 0.5180526811314767,
  "K2s": 0.12233790628357699,
  "V2r": 0.28352929280133793,
  "K2p": 0.11017999472766396,
  "V3f": 0.3319748454208867,
  "K3s": 0.10550967593047354,
  "V3r": 0.22086697259412205,
  "K3p": 0.09728097128076839,
  "V4f": 0.3156839135921607,
  "K4s": 0.07711186207940621,
  "V4r": 0.07645386342091706,
  "K4p": 0.0752881311890265,
  "V5f": 0.21404438579940785,
  "K5s": 0.07787049922119314,
  "V5r": 0.07133624228383456,
  "K5p": 0.06646798976589048,
  "k_drain": 0.08830863430335736
}