{
  "k1": 1.733715772368217e-09,
  "Ki": 5.730832720992683e-07,
  "V2f": 0.00015615241859619366,
  "K2s": 3.207851102754853e-05,
  "V2r": 4.6343009462364626e-07,
  "K2p": 5.2124457313192554e-06,
  "V3f": 0.002398785770352276,
  "K3s": 1.9633234823200063e-05,
  "V3r": 4.935330641086163e-05,
  "K3p": 0.0001500131230888169,
  "V4f": 0.029967878176379213,
  "K4s": 4.483426409766062e-05,
  "V4r": 1.236301791005356e-05,
  "K4p": 0.0010666318439024071,
  "V5f": 0.0011208115488982211,
  "K5s": 7.57323906122444e-05,
  "V5r": 1.5059755234957952e-07,
  "K5p": 4.576390713722722e-05,
  "k_drain": 8.424206958574024e-07
}