{
  "k1": 3.809747857181419e-09,
  "Ki": 7.161938875487393e-07,
  "V2f": 0.00015768997192049,
  "K2s": 1.8893233382972497e-05,
  "V2r": 5.214421593527571e-07,
  "K2p": 4.468162420000299e-06,
  "V3f": 0.0024243549282938945,
  "K3s": 2.4587365690458367e-05,
  "V3r": 7.406278100208905e-05,
  "K3p": 0.00011590699597611804,
  "V4f": 0.027476540662441987,
  "K4s": 5.014148588234508e-05,
  "V4r": 1.358735797877723e-05,
  "K4p": 0.0016794016749436366,
  "V5f": 0.0008256538347850716,
  "K5s": 0.00016740810547342683,
  "V5r": 1.35925254642281e-07,
  "K5p": 0.00013174991073474325,
  "k_drain": 5.594803299671847e-07
}