{
  "k1": 1.2586228808122422e-05,
  "Ki": 5.349836847068854,
  "V2f": 0.5019345469696349,
  "K2s": 0.11853457267406875,
  "V2r": 0.28358808887674336,
  "K2p": 0.10870096719253865,
  "V3f": 0.32348993787706865,
  "K3s": 0.10371634455865601,
  "V3r": 0.22135729918020497,
  "K3p": 0.09856885365455823,
  "V4f": 0.3238993305679944,
  "K4s": 0.07910592465752314,
  "V4r": 0.07427708460194493,
  "K4p": 0.07687499726954576,
  "V5f": 0.2080714638455851,
  "K5s": 0.07954617406196167,
  "V5r": 0.07175313902053224,
  "K5p": 0.06571234595944074,
  "k_drain": 0.091656626169427
}