{
  "k1": 9.538715239766737e-06,
  "Ki": 5.442995287968356,
  "V2f": 0.5174300047064643,
  "K2s": 0.09679253607148319,
  "V2r": 0.2994594275808796,
  "K2p": 0.09771844483341396,
  "V3f": 0.34799151099552433,
  "K3s": 0.09903449287415142,
  "V3r": 0.1818241064290786,
  "K3p": 0.09947412889963048,
  "V4f": 0.30590856690113893,
  "K4s": 0.10377958086570346,
  "V4r": 0.10374193840928746,
  "K4p": 0.10250986610658697,
  "V5f": 0.18418253900297513,
  "K5s": 0.1030841568510617,
  "V5r": 0.09097039895127831,
  "K5p": 0.10947403272748285,
  "k_drain": 0.10854304345079177
}