{
  "k1": 2.3953313480245816e-05,
  "Ki": 0.29851894651474664,
  "V2f": 0.00424830146834028,
  "K2s": 0.01724860859065672,
  "V2r": 0.0013384747498625602,
  "K2p": 0.05182077492431418,
  "V3f": 0.031566157291663774,
  "K3s": 0.06797422387586786,
  "V3r": 0.0032021538996688994,
  "K3p": 0.11877017345696966,
  "V4f": 0.1341877961007051,
  "K4s": 0.0013189353800305093,
  "V4r": 0.001351113878755927,
  "K4p": 0.19961281669395875,
  "V5f": 0.09293608728101747,
  "K5s": 0.0326090186779391,
  "V5r": 0.08727870938490855,
  "K5p": 0.4593014877266696,
  "k_drain": 0.08845102402179898
}