{
  "k1": 1.4122098683569037e-05,
  "Ki": 5.531438823598675,
  "V2f": 0.9224301023771132,
  "K2s": 0.15497730852217403,
  "V2r": 0.20515948935244993,
  "K2p": 0.1344729055888224,
  "V3f": 0.3661523470446906,
  "K3s": 0.03833208116015971,
  "V3r": 0.2996587130133516,
  "K3p": 0.10805228096340981,
  "V4f": 0.4080216167962374,
  "K4s": 0.10259649543937582,
  "V4r": 0.06623671317388609,
  "K4p": 0.10920101803028291,
  "V5f": 0.1931399659778018,
  "K5s": 0.06836584124010876,
  "V5r": 0.05715476933316076,
  "K5p": 0.06008577879019975,
  "k_drain": 0.049493800421721204
}