{
  "k1": 1.3568805217767908e-05,
  "Ki": 4.365709361680456,
  "V2f": 0.921078464820506,
  "K2s": 0.13452331338299975,
  "V2r": 0.25727089351808907,
  "K2p": 0.10329181377436576,
  "V3f": 0.3189614340780901,
  "K3s": 0.07686049646794252,
  "V3r": 0.23138533374492376,
  "K3p": 0.08456082562306065,
  "V4f": 0.44633092890362414,
  "K4s": 0.073368192001489,
  "V4r": 0.0869399186319724,
  "K4p": 0.10088190296714475,
  "V5f": 0.2210435681472741,
  "K5s": 0.10085928513576693,
  "V5r": 0.057475464636609325,
  "K5p": 0.06420715632081911,
  "k_drain": 0.05976812937538854
}