{
  "k1": 1.2685788501336684e-05,
  "Ki": 5.793577558782964,
  "V2f": 0.871194943514888,
  "K2s": 0.16563426092578476,
  "V2r": 0.30315233883024456,
  "K2p": 0.1503099746691861,
  "V3f": 0.34000359656934354,
  "K3s": 0.04832406116169583,
  "V3r": 0.2400515454468519,
  "K3p": 0.08570728418870965,
  "V4f": 0.4375859183576144,
  "K4s": 0.09155582194961229,
  "V4r": 0.07771323850067208,
  "K4p": 0.09201170053668467,
  "V5f": 0.2338647211315818,
  "K5s": 0.08327658710109354,
  "V5r": 0.047416666910646284,
  "K5p": 0.06800055679570183,
  "k_drain": 0.054747255083376155
}