{
  "k1": 1.2847256874251051e-05,
  "Ki": 4.312426411746747,
  "V2f": 1.0106715378199194,
  "K2s": 0.13619221090715847,
  "V2r": 0.2581911182119923,
  "K2p": 0.10412099501945901,
  "V3f": 0.32133057362913353,
  "K3s": 0.063271936472887,
  "V3r": 0.22680099899210163,
  "K3p": 0.07729945327388989,
  "V4f": 0.46630571803279924,
  "K4s": 0.07835020059530924,
  "V4r": 0.08608638953888913,
  "K4p": 0.11709311136787805,
  "V5f": 0.23043913750547687,
  "K5s": 0.09121139647255812,
  "V5r": 0.050950399982508054,
  "K5p": 0.06561088315113436,
  "k_drain": 0.05494394569039797
}