{
  "k1": 1.3745838965202734e-05,
  "Ki": 4.794607803537827,
  "V2f": 0.726215828527542,
  "K2s": 0.1251782441497306,
  "V2r": 0.24998628826172678,
  "K2p": 0.10397509575431953,
  "V3f": 0.30467708228615664,
  "K3s": 0.09099124922272835,
  "V3r": 0.19573255264996645,
  "K3p": 0.1153175278426515,
  "V4f": 0.3722517823663961,
  "K4s": 0.06770318443825946,
  "V4r": 0.05901111146286814,
  "K4p": 0.09940499021365554,
  "V5f": 0.21174858917230102,
  "K5s": 0.09717138491344629,
  "V5r": 0.06190628456130346,
  "K5p": 0.08173776316352785,
  "k_drain": 0.06747949702821762
}