{
  "k1": 2.5632017309700313e-14,
  "Ki": 1.1568152057550621e-07,
  "V2f": 9.404451412029092e-07,
  "K2s": 4.334680803928034e-08,
  "V2r": 1.5200509506583444e-08,
  "K2p": 2.3888916068613177e-05,
  "V3f": 0.00012799592571933758,
  "K3s": 1.4086645333343062e-07,
  "V3r": 5.877696999144444e-07,
  "K3p": 1.3661745628062976e-06,
  "V4f": 0.000823648646063703,
  "K4s": 2.0427185674549364e-06,
  "V4r": 5.210246559182124e-06,
  "K4p": 5.631007553630899e-06,
  "V5f": 0.0004008564583636805,
  "K5s": 9.529090661629829e-08,
  "V5r": 1.8774098619049711e-10,
  "K5p": 4.132367732015796e-08,
  "k_drain": 3.262247320250819e-08
}