{
  "k1": 2.5623847425788413e-14,
  "Ki": 2.3182224242711204e-08,
  "V2f": 8.557523711820725e-07,
  "K2s": 9.241479980501954e-08,
  "V2r": 1.6456654676275468e-08,
  "K2p": 3.226658080227727e-05,
  "V3f": 5.791028979296679e-05,
  "K3s": 9.876911309811225e-08,
  "V3r": 3.8011480234220855e-07,
  "K3p": 2.6962403024232946e-07,
  "V4f": 0.0003887728651610978,
  "K4s": 2.643095870119769e-06,
  "V4r": 1.4764941471780186e-05,
  "K4p": 9.4910664857444e-06,
  "V5f": 0.00024658288635343256,
  "K5s": 2.9267123114137626e-08,
  "V5r": 2.6901107434378476e-10,
  "K5p": 9.223689718194838e-09,
  "k_drain": 2.9382221793326925e-08
}