{
  "k1": 1.1994186376854304e-05,
  "Ki": 4.414007104306207,
  "V2f": 0.7290026557137319,
  "K2s": 0.132583960637626,
  "V2r": 0.24112787632308497,
  "K2p": 0.10893364040757429,
  "V3f": 0.29466156068395066,
  "K3s": 0.08422747195167465,
  "V3r": 0.18500510457067465,
  "K3p": 0.11348752229370856,
  "V4f": 0.3919501162082418,
  "K4s": 0.06823627560556021,
  "V4r": 0.0651256107086452,
  "K4p": 0.09879198414624482,
  "V5f": 0.22780414486711642,
  "K5s": 0.09547999840544379,
  "V5r": 0.059094014573785256,
  "K5p": 0.0835867299214433,
  "k_drain": 0.06968489359224218
}