{
  "k1": 9.69845126455506e-06,
  "Ki": 5.207694324867268,
  "V2f": 1.0277862106624687,
  "K2s": 0.14101055788119773,
  "V2r": 0.27850721236981746,
  "K2p": 0.14052446791144574,
  "V3f": 0.31560277320518276,
  "K3s": 0.061602684319227934,
  "V3r": 0.23391704790670012,
  "K3p": 0.08759894896405823,
  "V4f": 0.46655162061112826,
  "K4s": 0.08788603447373966,
  "V4r": 0.07958873546980236,
  "K4p": 0.10171898253480298,
  "V5f": 0.23165472033301565,
  "K5s": 0.09133778428464591,
  "V5r": 0.056096312846893356,
  "K5p": 0.06574740980977115,
  "k_drain": 0.0483076819145053
}