{
  "k1": 1.4536564608515117e-14,
  "Ki": 4.2565068644119124e-08,
  "V2f": 6.958459175807219e-07,
  "K2s": 5.303362341905348e-08,
  "V2r": 1.5121749588868092e-08,
  "K2p": 3.6336371758099964e-05,
  "V3f": 8.975630482738526e-05,
  "K3s": 7.461122801089942e-08,
  "V3r": 6.096162044787475e-07,
  "K3p": 5.328815617862356e-07,
  "V4f": 0.0008910546324823113,
  "K4s": 4.382676362715561e-06,
  "V4r": 6.518058879552459e-06,
  "K4p": 6.226138790198155e-06,
  "V5f": 0.00042803791807910946,
  "K5s": 2.711063491279022e-08,
  "V5r": 2.305374912745903e-10,
  "K5p": 2.2575716209863214e-08,
  "k_drain": 2.8064453767997145e-08
}