{
  "k1": 1.2588682747461176e-05,
  "Ki": 4.380363844849145,
  "V2f": 0.7182003982882493,
  "K2s": 0.12835868248183174,
  "V2r": 0.25400386964122734,
  "K2p": 0.10904875183573184,
  "V3f": 0.30321673291416773,
  "K3s": 0.08422652657250423,
  "V3r": 0.1892198489617013,
  "K3p": 0.11868449859909938,
  "V4f": 0.3670024422813558,
  "K4s": 0.06837099776753727,
  "V4r": 0.060823247806831064,
  "K4p": 0.10083400098583867,
  "V5f": 0.21789665924354965,
  "K5s": 0.09832376600983511,
  "V5r": 0.06060465379928474,
  "K5p": 0.08132851642280366,
  "k_drain": 0.06909520895621311
}