{
  "k1": 5.9515141410578455e-15,
  "Ki": 1.0150912126022451e-08,
  "V2f": 1.3273472331447613e-07,
  "K2s": 1.0208794033786562e-07,
  "V2r": 5.320712832622634e-09,
  "K2p": 4.892153199393369e-05,
  "V3f": 5.1531574038074634e-05,
  "K3s": 2.73285064587244e-07,
  "V3r": 7.235634775860803e-08,
  "K3p": 7.653446904333007e-08,
  "V4f": 0.0003425153650611688,
  "K4s": 1.263998240544896e-05,
  "V4r": 7.951099623076663e-06,
  "K4p": 9.495496169767864e-06,
  "V5f": 0.00010078912201138807,
  "K5s": 3.929631897557263e-09,
  "V5r": 1.0476415327513943e-10,
  "K5p": 6.3799989672256206e-09,
  "k_drain": 2.7699918054491056e-08
}