{
  "k1": 1.0815579162588306e-05,
  "Ki": 4.451433395181116,
  "V2f": 0.6998034655538392,
  "K2s": 0.1254906787134616,
  "V2r": 0.22283298144823008,
  "K2p": 0.11259127668835804,
  "V3f": 0.2919858525685518,
  "K3s": 0.09306875648838425,
  "V3r": 0.18545772598879956,
  "K3p": 0.12311822416631758,
  "V4f": 0.38016556541583496,
  "K4s": 0.07699887005986746,
  "V4r": 0.06530906901453873,
  "K4p": 0.10200165773300654,
  "V5f": 0.24446587817584092,
  "K5s": 0.09931913922050804,
  "V5r": 0.06551404275733351,
  "K5p": 0.0807752840744097,
  "k_drain": 0.06988524528659633
}