{
  "k1": 7.57560214607008e-06,
  "Ki": 0.001039632760437773,
  "V2f": 0.0005751026512844234,
  "K2s": 0.0006485082108344256,
  "V2r": 2.0524662993663874e-05,
  "K2p": 0.015016050139739359,
  "V3f": 0.011303142550512728,
  "K3s": 0.003876345049431307,
  "V3r": 0.0001547687468925423,
  "K3p": 0.017084288603151136,
  "V4f": 0.21220058267014652,
  "K4s": 0.001905974549359848,
  "V4r": 0.0006452495448885792,
  "K4p": 0.16150510560857614,
  "V5f": 0.002141168596696397,
  "K5s": 0.002444521098456399,
  "V5r": 0.0052046660879817245,
  "K5p": 0.3503237198323565,
  "k_drain": 0.0073150070986713455
}