{
  "k1": 1.262342105076753e-05,
  "Ki": 4.603769470142567,
  "V2f": 0.5135728391282448,
  "K2s": 0.10667367285516241,
  "V2r": 0.30953536926653735,
  "K2p": 0.10261291729804775,
  "V3f": 0.2982720206521608,
  "K3s": 0.11162383817124816,
  "V3r": 0.2021605520083757,
  "K3p": 0.09491508144314248,
  "V4f": 0.2803246572265279,
  "K4s": 0.112569363005921,
  "V4r": 0.10614719001698057,
  "K4p": 0.08154978859895896,
  "V5f": 0.22524142805630767,
  "K5s": 0.09417655766519635,
  "V5r": 0.08556464076477246,
  "K5p": 0.08870798949695359,
  "k_drain": 0.09892129423892945
}