{
  "k1": 1.1908614738018064e-05,
  "Ki": 5.13995008798015,
  "V2f": 0.5523819068309128,
  "K2s": 0.12600903584288048,
  "V2r": 0.2706847743585748,
  "K2p": 0.11580557797103998,
  "V3f": 0.3274319661971226,
  "K3s": 0.10951436624934897,
  "V3r": 0.20868161896945295,
  "K3p": 0.09577783938282092,
  "V4f": 0.26462994880935786,
  "K4s": 0.0760955889077393,
  "V4r": 0.06588167691914278,
  "K4p": 0.07725991102293575,
  "V5f": 0.24470597113295975,
  "K5s": 0.08568247232598776,
  "V5r": 0.07324243252192861,
  "K5p": 0.07769479094121176,
  "k_drain": 0.09214590813546611
}