{
  "k1": 2.2811855498312116e-10,
  "Ki": 8.937276890919248e-07,
  "V2f": 3.4474724906474124e-05,
  "K2s": 5.328631121416211e-06,
  "V2r": 1.3207883643038164e-07,
  "K2p": 4.765699960137157e-06,
  "V3f": 0.0008428422259540927,
  "K3s": 2.0987908398297256e-06,
  "V3r": 1.2981716072547713e-05,
  "K3p": 1.0869304754517612e-05,
  "V4f": 0.013297346705900225,
  "K4s": 6.815407399370821e-05,
  "V4r": 1.8996530854576327e-05,
  "K4p": 0.000723066124009044,
  "V5f": 0.0016209577776481366,
  "K5s": 2.7950089720449804e-05,
  "V5r": 5.544614107708447e-07,
  "K5p": 9.47495661948635e-06,
  "k_drain": 3.161588231978818e-07
}