{
  "k1": 9.735561248739548e-06,
  "Ki": 5.145755516600981,
  "V2f": 1.0620380890740775,
  "K2s": 0.1483423902476644,
  "V2r": 0.2860997789133101,
  "K2p": 0.13971179412494814,
  "V3f": 0.32536288085482235,
  "K3s": 0.06265513421909165,
  "V3r": 0.22873080273367075,
  "K3p": 0.08731359736582865,
  "V4f": 0.4663595513921918,
  "K4s": 0.08973586067347347,
  "V4r": 0.08024452057416245,
  "K4p": 0.10467037530321652,
  "V5f": 0.227097099510215,
  "K5s": 0.09415071500192515,
  "V5r": 0.05502991843260971,
  "K5p": 0.06687917734071426,
  "k_drain": 0.04900889358361221
}