{
  "k1": 3.676597019005479e-06,
  "Ki": 0.001423803151396498,
  "V2f": 0.0003877375653968647,
  "K2s": 0.0003578823601858276,
  "V2r": 2.0896823544106947e-05,
  "K2p": 0.01665444540060667,
  "V3f": 0.01501013434224893,
  "K3s": 0.0024005517268297426,
  "V3r": 7.001378005920757e-05,
  "K3p": 0.012381020400751135,
  "V4f": 0.15110931704980457,
  "K4s": 0.002597788703559756,
  "V4r": 0.0007343843534551347,
  "K4p": 0.20512453276629983,
  "V5f": 0.0038790670221445175,
  "K5s": 0.0015850087631298045,
  "V5r": 0.0038216708526144314,
  "K5p": 0.5166839096518937,
  "k_drain": 0.004275658134364016
}