{
  "k1": 1.2650775422044221e-05,
  "Ki": 4.553852201247533,
  "V2f": 0.5168580056113171,
  "K2s": 0.1100908515308377,
  "V2r": 0.3114148908615538,
  "K2p": 0.10887169960434281,
  "V3f": 0.30572522427098703,
  "K3s": 0.10819359588186978,
  "V3r": 0.2003518275617279,
  "K3p": 0.09578097476839718,
  "V4f": 0.28962989461463107,
  "K4s": 0.11398592953351425,
  "V4r": 0.1035740235078826,
  "K4p": 0.08146786206806202,
  "V5f": 0.22446709887451094,
  "K5s": 0.09102241118793798,
  "V5r": 0.08563397770050843,
  "K5p": 0.08644615683118272,
  "k_drain": 0.10137968897495848
}