{
  "k1": 2.549781970528471e-05,
  "Ki": 0.19659853511474948,
  "V2f": 0.008668702651193147,
  "K2s": 0.005014353548551472,
  "V2r": 0.0006097979531176984,
  "K2p": 0.07839873461447157,
  "V3f": 0.029700274078902952,
  "K3s": 0.10719908308060212,
  "V3r": 0.006680791206689993,
  "K3p": 0.12114529600435314,
  "V4f": 0.25719147302659695,
  "K4s": 0.0012062196906143295,
  "V4r": 0.0014351460978694647,
  "K4p": 0.18918019151554838,
  "V5f": 0.018961838600060673,
  "K5s": 0.04769778330638247,
  "V5r": 0.11567561072165952,
  "K5p": 0.14163241983293998,
  "k_drain": 0.24106395364470795
}