{
  "k1": 1.062345740004674e-05,
  "Ki": 5.648061182698466,
  "V2f": 0.47666442110378804,
  "K2s": 0.09448602994623173,
  "V2r": 0.3155467137713565,
  "K2p": 0.10176948484573338,
  "V3f": 0.3530558789587148,
  "K3s": 0.10690401724753623,
  "V3r": 0.1897574986700422,
  "K3p": 0.09398189094941198,
  "V4f": 0.30296591446613264,
  "K4s": 0.09930159884185037,
  "V4r": 0.10548529553789386,
  "K4p": 0.09841230390357919,
  "V5f": 0.1899847190692738,
  "K5s": 0.10634627577535051,
  "V5r": 0.08288089175666295,
  "K5p": 0.11997970548024513,
  "k_drain": 0.10388662259368256
}