{
  "k1": 3.766835885561547e-15,
  "Ki": 2.2980542088193714e-08,
  "V2f": 1.446988103713442e-07,
  "K2s": 9.420738367161963e-08,
  "V2r": 1.5403238908368193e-08,
  "K2p": 2.58673919483473e-05,
  "V3f": 3.1433491322420285e-05,
  "K3s": 1.9562951743923556e-07,
  "V3r": 1.9339000460230975e-07,
  "K3p": 1.6617711597259408e-07,
  "V4f": 0.0004615960398639011,
  "K4s": 8.085278673499766e-06,
  "V4r": 1.7422600048022467e-05,
  "K4p": 8.409581848733342e-06,
  "V5f": 0.0001237985707550939,
  "K5s": 6.47272175090236e-09,
  "V5r": 1.633225799564975e-10,
  "K5p": 7.576961729959598e-09,
  "k_drain": 1.966682793536828e-08
}