{
  "k1": 1.114901862121867e-05,
  "Ki": 4.328409597557748,
  "V2f": 0.7417803823588162,
  "K2s": 0.1259091192517898,
  "V2r": 0.23538231553588013,
  "K2p": 0.11308787913587492,
  "V3f": 0.29941970829864933,
  "K3s": 0.09448282840867994,
  "V3r": 0.18589063857479954,
  "K3p": 0.12040312831474499,
  "V4f": 0.38605849111318674,
  "K4s": 0.07547299189352753,
  "V4r": 0.0671185516886325,
  "K4p": 0.10436887934039926,
  "V5f": 0.23357516233007106,
  "K5s": 0.09904306450661476,
  "V5r": 0.0660497332971985,
  "K5p": 0.0827792459627013,
  "k_drain": 0.0732227056631854
}