{
  "k1": 1.214918164986825e-05,
  "Ki": 4.336969105445244,
  "V2f": 0.7722597424862662,
  "K2s": 0.1336099945704202,
  "V2r": 0.26316481823206966,
  "K2p": 0.11160681494499047,
  "V3f": 0.2983704990444466,
  "K3s": 0.07782527609254795,
  "V3r": 0.2156819716309529,
  "K3p": 0.09627429816777386,
  "V4f": 0.44924497494962495,
  "K4s": 0.07402118183865244,
  "V4r": 0.0797393594332246,
  "K4p": 0.10234387584380134,
  "V5f": 0.2636339624611134,
  "K5s": 0.10331037596970387,
  "V5r": 0.05496607688274172,
  "K5p": 0.07787655718169964,
  "k_drain": 0.06783984275520116
}