{
  "k1": 5.499962791436557e-15,
  "Ki": 5.473508473261483e-08,
  "V2f": 3.730987600541358e-08,
  "K2s": 1.1779039295661626e-08,
  "V2r": 1.5529646482376026e-09,
  "K2p": 5.340729480290782e-06,
  "V3f": 1.3143914837486103e-05,
  "K3s": 1.4378103013127424e-07,
  "V3r": 7.271716528701961e-08,
  "K3p": 1.6636116222161586e-08,
  "V4f": 0.00012371637775018753,
  "K4s": 1.2031255963800057e-05,
  "V4r": 3.1848592065101813e-06,
  "K4p": 6.972669704913322e-06,
  "V5f": 4.242749590995182e-05,
  "K5s": 8.058886053256175e-09,
  "V5r": 2.8364537235194278e-11,
  "K5p": 3.6037419910556373e-09,
  "k_drain": 3.0525013376432856e-09
}