{
  "k1": 1.123386236875464e-05,
  "Ki": 4.39149266158473,
  "V2f": 0.7392747728319082,
  "K2s": 0.13386661317405973,
  "V2r": 0.25920968903268754,
  "K2p": 0.10379809198977877,
  "V3f": 0.29644723993790706,
  "K3s": 0.08170033508300087,
  "V3r": 0.20754475644563708,
  "K3p": 0.09982864185075725,
  "V4f": 0.41161328432945404,
  "K4s": 0.08256420934622567,
  "V4r": 0.07667856658349366,
  "K4p": 0.09968841732578743,
  "V5f": 0.26132762800650305,
  "K5s": 0.10067785297044646,
  "V5r": 0.05817376223749877,
  "K5p": 0.07750603563128189,
  "k_drain": 0.06825407760975095
}