{
  "k1": 2.454422937752522e-05,
  "Ki": 0.3004356971497168,
  "V2f": 0.0035287486430311023,
  "K2s": 0.022861794708148666,
  "V2r": 0.0015804204689193998,
  "K2p": 0.06602572184003568,
  "V3f": 0.021826731973621435,
  "K3s": 0.08952282127473311,
  "V3r": 0.0022718902083115155,
  "K3p": 0.15197471810894644,
  "V4f": 0.2138327031398787,
  "K4s": 0.0011589789324605632,
  "V4r": 0.0013099686585360166,
  "K4p": 0.14558972590036676,
  "V5f": 0.08237313661319251,
  "K5s": 0.04668021607043691,
  "V5r": 0.07483272912329067,
  "K5p": 0.3728654116885153,
  "k_drain": 0.12365238615913081
}