{
  "k1": 9.716791839153285e-06,
  "Ki": 5.455782700818713,
  "V2f": 0.5158173393101404,
  "K2s": 0.09743781301712384,
  "V2r": 0.29740531024624284,
  "K2p": 0.0969337048184238,
  "V3f": 0.34571684113253065,
  "K3s": 0.09881439817868522,
  "V3r": 0.17403213370740914,
  "K3p": 0.10558625417449216,
  "V4f": 0.3126015919101413,
  "K4s": 0.10427721333508806,
  "V4r": 0.10504182469231427,
  "K4p": 0.10319852724281067,
  "V5f": 0.1818116422372231,
  "K5s": 0.10474537652033715,
  "V5r": 0.09211343399565401,
  "K5p": 0.10736697525770314,
  "k_drain": 0.1055845798266953
}