{
  "k1": 1.497301613234137e-05,
  "Ki": 5.506231767483069,
  "V2f": 0.9194793591567377,
  "K2s": 0.15215568729582868,
  "V2r": 0.2194336672405754,
  "K2p": 0.13376809475332882,
  "V3f": 0.3794505501767404,
  "K3s": 0.040327228411206464,
  "V3r": 0.29160025595484174,
  "K3p": 0.10990554683398844,
  "V4f": 0.4070847766214728,
  "K4s": 0.10287225177567733,
  "V4r": 0.06522051727538834,
  "K4p": 0.10706863657545702,
  "V5f": 0.18471174131316911,
  "K5s": 0.0666882051227767,
  "V5r": 0.05611862825849812,
  "K5p": 0.05898486801861132,
  "k_drain": 0.049187616995562046
}