{
  "k1": 1.4943922000644924e-05,
  "Ki": 5.619570544154756,
  "V2f": 0.9157957826395119,
  "K2s": 0.15520702228992217,
  "V2r": 0.22011352724217928,
  "K2p": 0.1387828612338949,
  "V3f": 0.4090716808365398,
  "K3s": 0.041515417611054206,
  "V3r": 0.30757005373466056,
  "K3p": 0.11121886670583069,
  "V4f": 0.39553449911141086,
  "K4s": 0.1014018190826123,
  "V4r": 0.06076045144402607,
  "K4p": 0.10589821157469483,
  "V5f": 0.1886656128092258,
  "K5s": 0.06875043885630663,
  "V5r": 0.059426057241704584,
  "K5p": 0.057852865027164066,
  "k_drain": 0.051841863859168266
}