{
  "k1": 7.107010814112702e-11,
  "Ki": 3.947914713586175e-07,
  "V2f": 2.130463831368149e-05,
  "K2s": 6.022737098143029e-07,
  "V2r": 2.7758896716011474e-09,
  "K2p": 3.290589942505251e-05,
  "V3f": 0.0005819611278639292,
  "K3s": 1.4628002504092694e-06,
  "V3r": 1.1945405102896172e-06,
  "K3p": 1.7541400423706515e-05,
  "V4f": 0.0025539012360450944,
  "K4s": 1.2714420879377122e-05,
  "V4r": 4.110198691293332e-06,
  "K4p": 0.0006161324346620939,
  "V5f": 0.00047798334095953233,
  "K5s": 1.173879845032884e-06,
  "V5r": 1.967965210105976e-08,
  "K5p": 1.5828554299177798e-06,
  "k_drain": 2.1154214929525566e-07
}