{
  "k1": 1.1549598008033897e-05,
  "Ki": 5.796611033944598,
  "V2f": 0.7750900721091546,
  "K2s": 0.12375824044624828,
  "V2r": 0.2546064923162126,
  "K2p": 0.09721636658278573,
  "V3f": 0.345881154542428,
  "K3s": 0.09455115422324238,
  "V3r": 0.2038744112177393,
  "K3p": 0.11168691046288566,
  "V4f": 0.3022059561941057,
  "K4s": 0.06836773185905291,
  "V4r": 0.06165421809223294,
  "K4p": 0.09293863033275257,
  "V5f": 0.20354297593763682,
  "K5s": 0.07737974331321774,
  "V5r": 0.0744631980113762,
  "K5p": 0.07443035361057929,
  "k_drain": 0.09067461310050583
}