{
  "k1": 3.026025887835099e-05,
  "Ki": 0.2847629962356822,
  "V2f": 0.010335867106557772,
  "K2s": 0.0045825901904322855,
  "V2r": 0.0011002577847489677,
  "K2p": 0.11603257478358633,
  "V3f": 0.04797090873722373,
  "K3s": 0.060249582072318134,
  "V3r": 0.0034387466574013095,
  "K3p": 0.20079582678264993,
  "V4f": 0.18935364646249625,
  "K4s": 0.0016628824843531198,
  "V4r": 0.0013608601686653675,
  "K4p": 0.13251642912370298,
  "V5f": 0.026539368009298,
  "K5s": 0.03832616186162992,
  "V5r": 0.12812423660665737,
  "K5p": 0.22666431289034217,
  "k_drain": 0.15472781017670584
}