{
  "k1": 1.0111575859653386e-05,
  "Ki": 5.409716169215709,
  "V2f": 0.48676938363028976,
  "K2s": 0.09511224815853293,
  "V2r": 0.3163634559873376,
  "K2p": 0.1020592120087748,
  "V3f": 0.34651409105554154,
  "K3s": 0.10767677515031432,
  "V3r": 0.19178580857232985,
  "K3p": 0.0957912059279233,
  "V4f": 0.32092268128416684,
  "K4s": 0.10017559358649696,
  "V4r": 0.10320622437731936,
  "K4p": 0.09846830928438471,
  "V5f": 0.19057036915969586,
  "K5s": 0.10580915556487046,
  "V5r": 0.08709385575778747,
  "K5p": 0.11582011404299011,
  "k_drain": 0.10695698087231217
}