{
  "k1": 1.5025767036315974e-05,
  "Ki": 5.39914161728734,
  "V2f": 0.8244653683815535,
  "K2s": 0.1729301622870459,
  "V2r": 0.20867789599244946,
  "K2p": 0.13827432755645652,
  "V3f": 0.4326246586068609,
  "K3s": 0.03653565392741504,
  "V3r": 0.2960710345811937,
  "K3p": 0.11126871434727273,
  "V4f": 0.3797897407789389,
  "K4s": 0.1054129578710447,
  "V4r": 0.05840996720370553,
  "K4p": 0.11627879060967831,
  "V5f": 0.1734370036342579,
  "K5s": 0.06504106051241756,
  "V5r": 0.06595005048227422,
  "K5p": 0.055811356021152204,
  "k_drain": 0.05386145934630101
}