{
  "k1": 1.348152121827721e-05,
  "Ki": 5.8135306918489595,
  "V2f": 0.8765046317162558,
  "K2s": 0.16286703991581214,
  "V2r": 0.2290257334773381,
  "K2p": 0.13838563407773957,
  "V3f": 0.34844291104358527,
  "K3s": 0.03333783204972017,
  "V3r": 0.31156003789388836,
  "K3p": 0.11727749947650418,
  "V4f": 0.3901791938293107,
  "K4s": 0.10034550603276839,
  "V4r": 0.07290672765118124,
  "K4p": 0.10311655071546175,
  "V5f": 0.19036483381231634,
  "K5s": 0.08303281513729442,
  "V5r": 0.045289394413689975,
  "K5p": 0.06101769052829706,
  "k_drain": 0.04625643616716421
}