{
  "k1": 1.0924166392135827e-05,
  "Ki": 4.438095176627377,
  "V2f": 1.0029356036474062,
  "K2s": 0.1468304045287802,
  "V2r": 0.2918286001019127,
  "K2p": 0.12756288098936028,
  "V3f": 0.29127988170960994,
  "K3s": 0.05673022251685458,
  "V3r": 0.22428033084264457,
  "K3p": 0.083003916005502,
  "V4f": 0.43099084988095243,
  "K4s": 0.08513866286757964,
  "V4r": 0.08312988395460795,
  "K4p": 0.10865913238620527,
  "V5f": 0.22059386411430026,
  "K5s": 0.09907441712476414,
  "V5r": 0.04989386234874626,
  "K5p": 0.06215829650490023,
  "k_drain": 0.05115109079120397
}