{
  "k1": 1.0853593332528121e-05,
  "Ki": 4.371866020587108,
  "V2f": 1.0127582550801566,
  "K2s": 0.14407227294663044,
  "V2r": 0.29056325155375273,
  "K2p": 0.12347934884519406,
  "V3f": 0.2945602974345399,
  "K3s": 0.05688658194148528,
  "V3r": 0.21929485755835543,
  "K3p": 0.08504738707456713,
  "V4f": 0.4385851447317899,
  "K4s": 0.08495457293145768,
  "V4r": 0.08587286445452295,
  "K4p": 0.1083465389310308,
  "V5f": 0.2163726833191463,
  "K5s": 0.09947630892556567,
  "V5r": 0.049184443195612035,
  "K5p": 0.06392884391863682,
  "k_drain": 0.05103855409772068
}