{
  "k1": 1.4890443599742724e-08,
  "Ki": 8.609163373722067e-07,
  "V2f": 0.00011448346898689445,
  "K2s": 7.030505597457012e-06,
  "V2r": 4.641445295034036e-07,
  "K2p": 7.539122495787567e-06,
  "V3f": 0.0010372465807138489,
  "K3s": 0.00023347879633289114,
  "V3r": 0.00011473634254397954,
  "K3p": 0.00015431205203556635,
  "V4f": 0.027563581179871517,
  "K4s": 0.00014786989229527837,
  "V4r": 3.1238438151341195e-06,
  "K4p": 0.0016003928499859583,
  "V5f": 0.000515365890432093,
  "K5s": 0.000670780366992443,
  "V5r": 7.98193437971175e-07,
  "K5p": 0.0002821220273950172,
  "k_drain": 1.034829908272362e-06
}