{
  "k1": 1.2751394595642672e-05,
  "Ki": 5.3756866223640705,
  "V2f": 0.4621849018046814,
  "K2s": 0.1084501695260403,
  "V2r": 0.2709683079967756,
  "K2p": 0.11230101822162004,
  "V3f": 0.33143140942786,
  "K3s": 0.11465576446918588,
  "V3r": 0.20466058172971638,
  "K3p": 0.09588286229346277,
  "V4f": 0.32805695190873396,
  "K4s": 0.08185957105679029,
  "V4r": 0.07336100835481846,
  "K4p": 0.07947986350790395,
  "V5f": 0.22482305823788196,
  "K5s": 0.08422950486866823,
  "V5r": 0.0720240673445205,
  "K5p": 0.06467944675593837,
  "k_drain": 0.09212305838006328
}