{
  "k1": 2.8190569895365063e-05,
  "Ki": 0.5788226764978267,
  "V2f": 0.006310172657472562,
  "K2s": 0.029776316136298008,
  "V2r": 0.006243283879625273,
  "K2p": 0.1292211493274414,
  "V3f": 0.041794882292107066,
  "K3s": 0.44650911530735243,
  "V3r": 0.0085717016423707,
  "K3p": 0.1612694847943588,
  "V4f": 0.24169439912060722,
  "K4s": 0.0013547780074799228,
  "V4r": 0.002845261680284411,
  "K4p": 0.1841661796258147,
  "V5f": 0.24396219161929894,
  "K5s": 0.07706747034808922,
  "V5r": 0.05433912641896705,
  "K5p": 0.19316449502934918,
  "k_drain": 0.3373675254967737
}