{
  "k1": 9.67773990220709e-06,
  "Ki": 5.659366346310338,
  "V2f": 0.5221243134369279,
  "K2s": 0.10229667903013061,
  "V2r": 0.29934275559961676,
  "K2p": 0.09605287975754334,
  "V3f": 0.36438815420890464,
  "K3s": 0.10402114255497523,
  "V3r": 0.18498083282099578,
  "K3p": 0.106802860215006,
  "V4f": 0.30062303378751093,
  "K4s": 0.09859739467936153,
  "V4r": 0.10667170983760225,
  "K4p": 0.09247655520864176,
  "V5f": 0.2016087784496155,
  "K5s": 0.10344310817787807,
  "V5r": 0.09825196014692829,
  "K5p": 0.10053156349874731,
  "k_drain": 0.10649696856790254
}