{
  "k1": 1.4970989823102052e-05,
  "Ki": 5.295955360617278,
  "V2f": 0.8411866656364095,
  "K2s": 0.17699474996730868,
  "V2r": 0.21134654501394512,
  "K2p": 0.14365343502017175,
  "V3f": 0.441988830052564,
  "K3s": 0.03641317696351241,
  "V3r": 0.29915149957326465,
  "K3p": 0.1092572174733233,
  "V4f": 0.38393774028409927,
  "K4s": 0.1068209335385679,
  "V4r": 0.05794172668092526,
  "K4p": 0.11494762647048418,
  "V5f": 0.17383913021098707,
  "K5s": 0.06543023871137149,
  "V5r": 0.06686838075292836,
  "K5p": 0.05485822157729144,
  "k_drain": 0.052614810987561475
}