{
  "k1": 1.3945120998946268e-05,
  "Ki": 5.759787319375532,
  "V2f": 0.8708804029080451,
  "K2s": 0.16250258206618878,
  "V2r": 0.21555245085383332,
  "K2p": 0.1435687914907484,
  "V3f": 0.34077793277409624,
  "K3s": 0.03421982920867889,
  "V3r": 0.3161473440621881,
  "K3p": 0.1163709326841487,
  "V4f": 0.39307474901500605,
  "K4s": 0.10055484237589517,
  "V4r": 0.07041922351388247,
  "K4p": 0.10390227712272711,
  "V5f": 0.1983365276185313,
  "K5s": 0.08027653979242359,
  "V5r": 0.04916962082730164,
  "K5p": 0.06141915808325322,
  "k_drain": 0.04504212792101789
}