{
  "k1": 1.3817773574043132e-05,
  "Ki": 4.341158564189941,
  "V2f": 0.46068269340639223,
  "K2s": 0.106318465449917,
  "V2r": 0.31300572683319033,
  "K2p": 0.10420869549629379,
  "V3f": 0.3153452831218754,
  "K3s": 0.11752144642009936,
  "V3r": 0.22854403932102735,
  "K3p": 0.11604456147899074,
  "V4f": 0.2671387457955247,
  "K4s": 0.10138723584234921,
  "V4r": 0.07877430634355895,
  "K4p": 0.09744648974875941,
  "V5f": 0.2240080890967847,
  "K5s": 0.09221747930497576,
  "V5r": 0.07095609776272084,
  "K5p": 0.0633974850408399,
  "k_drain": 0.09641617663401986
}