{
  "k1": 6.704326449401406e-08,
  "Ki": 0.0001736012454212159,
  "V2f": 6.657567841289371e-05,
  "K2s": 1.2785770280703861e-05,
  "V2r": 5.189706347282702e-06,
  "K2p": 0.0014984453627587024,
  "V3f": 0.004731533873880713,
  "K3s": 0.00018504806797896815,
  "V3r": 1.534609011152166e-05,
  "K3p": 0.0011011764979561806,
  "V4f": 0.02817690625113103,
  "K4s": 0.00036149422493843975,
  "V4r": 1.9088480109420452e-05,
  "K4p": 0.003924289495938445,
  "V5f": 0.0029735064892214484,
  "K5s": 0.0026507428083234756,
  "V5r": 0.00023316325638630806,
  "K5p": 0.007798428539974268,
  "k_drain": 0.0003037273038232854
}