{
  "k1": 1.0027402664643791e-05,
  "Ki": 5.136780006359951,
  "V2f": 1.055410179929003,
  "K2s": 0.1403009091111049,
  "V2r": 0.2927929948310965,
  "K2p": 0.1410823167556297,
  "V3f": 0.3125216837189687,
  "K3s": 0.060393012219353046,
  "V3r": 0.22201731428806612,
  "K3p": 0.08514044354270617,
  "V4f": 0.4611262799158119,
  "K4s": 0.08661210195655883,
  "V4r": 0.07943364822958555,
  "K4p": 0.1031157534484064,
  "V5f": 0.21730987017636935,
  "K5s": 0.09354312969893934,
  "V5r": 0.05284071080754182,
  "K5p": 0.06779367210267984,
  "k_drain": 0.04914462706706687
}