{
  "k1": 1.2047515990047046e-05,
  "Ki": 4.342792258739809,
  "V2f": 0.7294080845229562,
  "K2s": 0.1311071119316072,
  "V2r": 0.23785586362499686,
  "K2p": 0.11094051129116438,
  "V3f": 0.2900480101030397,
  "K3s": 0.08507250051856248,
  "V3r": 0.18556947777154512,
  "K3p": 0.12008427100740393,
  "V4f": 0.3939876221752083,
  "K4s": 0.06942621166957874,
  "V4r": 0.06519354785036695,
  "K4p": 0.09937147152863662,
  "V5f": 0.22154871918595198,
  "K5s": 0.09598522923234389,
  "V5r": 0.06011291507040319,
  "K5p": 0.0866960862237269,
  "k_drain": 0.06899181841248139
}