{
  "k1": 1.8147639276665405e-14,
  "Ki": 3.164470319290836e-08,
  "V2f": 1.0181376277508827e-06,
  "K2s": 1.0801921785205943e-07,
  "V2r": 1.507479595264055e-08,
  "K2p": 2.531485252963927e-05,
  "V3f": 3.778233659924263e-05,
  "K3s": 1.472488964851847e-07,
  "V3r": 2.421853813291352e-07,
  "K3p": 1.5834780032912238e-07,
  "V4f": 0.0002956789083416871,
  "K4s": 2.9974075378934504e-06,
  "V4r": 1.6998771122495443e-05,
  "K4p": 1.3672593688705973e-05,
  "V5f": 0.0003588169851220716,
  "K5s": 2.287853343225774e-08,
  "V5r": 2.0205656341886e-10,
  "K5p": 7.06388583902073e-09,
  "k_drain": 4.1949582430260286e-08
}