{
  "k1": 1.3593914447273781e-05,
  "Ki": 4.46407210659017,
  "V2f": 0.4514179227512027,
  "K2s": 0.10667763976475499,
  "V2r": 0.30452745433882084,
  "K2p": 0.1061199910262683,
  "V3f": 0.309418580482889,
  "K3s": 0.12215993127042309,
  "V3r": 0.23015125270493392,
  "K3p": 0.11566467424412501,
  "V4f": 0.272716078199996,
  "K4s": 0.10190311561419162,
  "V4r": 0.07945327150091812,
  "K4p": 0.09723365819429776,
  "V5f": 0.22502375734213462,
  "K5s": 0.09083521167842792,
  "V5r": 0.06937243847048205,
  "K5p": 0.06306715801942607,
  "k_drain": 0.09812854895056479
}