{
  "k1": 8.456634452099696e-08,
  "Ki": 0.00013340291001026573,
  "V2f": 6.689366120867565e-05,
  "K2s": 1.2219750334984113e-05,
  "V2r": 6.065699957123939e-06,
  "K2p": 0.0007709992722860134,
  "V3f": 0.00473255098389525,
  "K3s": 0.00020806634624955376,
  "V3r": 2.1270937857389393e-05,
  "K3p": 0.0011824592012214705,
  "V4f": 0.0190171568285414,
  "K4s": 0.00039785666544906877,
  "V4r": 2.1414595784814918e-05,
  "K4p": 0.002514313618210673,
  "V5f": 0.002979258257037543,
  "K5s": 0.003821544299899115,
  "V5r": 0.00015720355108094316,
  "K5p": 0.008571819374116406,
  "k_drain": 0.00028465801212404523
}