{
  "k1": 1.3790114663279341e-05,
  "Ki": 5.647832847265427,
  "V2f": 0.8821590667555294,
  "K2s": 0.1629245199107691,
  "V2r": 0.29240010940447697,
  "K2p": 0.14949562773243727,
  "V3f": 0.33067607582332104,
  "K3s": 0.043259714245178736,
  "V3r": 0.25915030206484785,
  "K3p": 0.09263301958800109,
  "V4f": 0.4241194816304227,
  "K4s": 0.09086118798923395,
  "V4r": 0.07546718607394075,
  "K4p": 0.0887128025601702,
  "V5f": 0.2487096707611199,
  "K5s": 0.07844683488499495,
  "V5r": 0.045555445197322915,
  "K5p": 0.07434370666667438,
  "k_drain": 0.05025386781066226
}