{
  "k1": 5.973974685241318e-08,
  "Ki": 1.4495303402935452e-05,
  "V2f": 4.562676536891324e-05,
  "K2s": 6.119438137480512e-06,
  "V2r": 4.001897673266866e-06,
  "K2p": 0.00024875476689772226,
  "V3f": 0.008557653129655663,
  "K3s": 0.00023344559648477955,
  "V3r": 4.04661447738629e-05,
  "K3p": 0.00035583811606937604,
  "V4f": 0.03965204629640891,
  "K4s": 0.00047026151082802477,
  "V4r": 1.4710241080955339e-05,
  "K4p": 0.0011953710496002067,
  "V5f": 0.002614184135404456,
  "K5s": 0.005574898513182475,
  "V5r": 1.93983251716959e-05,
  "K5p": 0.010683070096041553,
  "k_drain": 0.00017749938318429182
}