{
  "k1": 1.2747908992656168e-05,
  "Ki": 4.248086991226161,
  "V2f": 0.4425176178044471,
  "K2s": 0.11561476712845915,
  "V2r": 0.3058334157819699,
  "K2p": 0.10327115998312227,
  "V3f": 0.31965898957410754,
  "K3s": 0.1119625045033027,
  "V3r": 0.23752856808421574,
  "K3p": 0.10819174151390996,
  "V4f": 0.2830150686077182,
  "K4s": 0.09828252963000497,
  "V4r": 0.07797569498309236,
  "K4p": 0.08918091295687793,
  "V5f": 0.24171020166704857,
  "K5s": 0.09988384310028962,
  "V5r": 0.07468293194176329,
  "K5p": 0.06376297223555893,
  "k_drain": 0.0979940047300665
}