{
  "k1": 1.0568416869145912e-05,
  "Ki": 5.141280529800599,
  "V2f": 1.0399959913122223,
  "K2s": 0.13872186358096936,
  "V2r": 0.2943528184654955,
  "K2p": 0.13820633779699085,
  "V3f": 0.30714388989883146,
  "K3s": 0.05948815696516943,
  "V3r": 0.2199886197736457,
  "K3p": 0.0877251065501925,
  "V4f": 0.45135498858130024,
  "K4s": 0.08474552408258497,
  "V4r": 0.08360863472432577,
  "K4p": 0.10513212092607396,
  "V5f": 0.21143056118372908,
  "K5s": 0.090740143154278,
  "V5r": 0.054308589520098094,
  "K5p": 0.069072569255967,
  "k_drain": 0.05210449757742981
}