{
  "k1": 1.201298054632782e-05,
  "Ki": 5.071906455257718,
  "V2f": 0.5520596568579305,
  "K2s": 0.11001314796493925,
  "V2r": 0.3023572405222504,
  "K2p": 0.11094606165606039,
  "V3f": 0.32579076935690365,
  "K3s": 0.10774878473574451,
  "V3r": 0.18328841495204898,
  "K3p": 0.10072438698835148,
  "V4f": 0.292498552925753,
  "K4s": 0.10650988331126326,
  "V4r": 0.11297238313186928,
  "K4p": 0.0877641812431881,
  "V5f": 0.20598333672688804,
  "K5s": 0.10958864921192113,
  "V5r": 0.08854425697617208,
  "K5p": 0.10154994823004854,
  "k_drain": 0.11348407907764733
}