{
  "k1": 2.300308733099837e-05,
  "Ki": 0.006988871648433907,
  "V2f": 0.002319602733083103,
  "K2s": 0.0022839375146657603,
  "V2r": 0.0001027989079371239,
  "K2p": 0.01786130013502939,
  "V3f": 0.020114755483985565,
  "K3s": 0.0053878385585487175,
  "V3r": 0.002900511417254033,
  "K3p": 0.07945914558164444,
  "V4f": 0.0768679752416646,
  "K4s": 0.0018238377500710543,
  "V4r": 0.00023729359693303305,
  "K4p": 0.044078129197728286,
  "V5f": 0.005798497470268196,
  "K5s": 0.007676499194798625,
  "V5r": 0.015225251239314584,
  "K5p": 0.1537410129200063,
  "k_drain": 0.06420085114335425
}