{
  "k1": 2.1827382649761103e-05,
  "Ki": 0.02528249816916586,
  "V2f": 0.0015578312929084494,
  "K2s": 0.005956291419706835,
  "V2r": 0.00011160375741943819,
  "K2p": 0.0450079801149913,
  "V3f": 0.02772913795546157,
  "K3s": 0.01383069955547199,
  "V3r": 0.003645911043661395,
  "K3p": 0.070333503427155,
  "V4f": 0.1252415427514722,
  "K4s": 0.0014507363962913803,
  "V4r": 0.0005768810058506649,
  "K4p": 0.03639556027736292,
  "V5f": 0.0063450941660138415,
  "K5s": 0.024485121377274054,
  "V5r": 0.05581403267659234,
  "K5p": 0.13426718640427146,
  "k_drain": 0.052943259356320056
}