{
  "k1": 1.1299957103995484e-05,
  "Ki": 4.992635927991931,
  "V2f": 0.4738055668697516,
  "K2s": 0.10566485054885047,
  "V2r": 0.32119600791263453,
  "K2p": 0.11832469177540167,
  "V3f": 0.3107254889183742,
  "K3s": 0.11189844767860639,
  "V3r": 0.18081462465239048,
  "K3p": 0.10385044331922454,
  "V4f": 0.2893635237615672,
  "K4s": 0.10268229611811233,
  "V4r": 0.11080685685211432,
  "K4p": 0.08721891703991322,
  "V5f": 0.19636230874457153,
  "K5s": 0.11350703175024612,
  "V5r": 0.08695347521420324,
  "K5p": 0.09958061919281704,
  "k_drain": 0.10773402077352842
}