{
  "k1": 1.2465424475036282e-05,
  "Ki": 4.257384558070699,
  "V2f": 0.48168063161561114,
  "K2s": 0.10443326488753457,
  "V2r": 0.3125029624075087,
  "K2p": 0.11090703954168692,
  "V3f": 0.30120098382667543,
  "K3s": 0.12350663533981245,
  "V3r": 0.21722759845224723,
  "K3p": 0.098139453442795,
  "V4f": 0.28910469562836405,
  "K4s": 0.11005167323232017,
  "V4r": 0.09613146630955996,
  "K4p": 0.08248399389220008,
  "V5f": 0.2228342043919458,
  "K5s": 0.08861370733069159,
  "V5r": 0.07586739458793622,
  "K5p": 0.08290392740949815,
  "k_drain": 0.10195259561748404
}