{
  "k1": 1.3873336545116182e-06,
  "Ki": 0.0004701392908803919,
  "V2f": 9.677715452662464e-05,
  "K2s": 0.000370042460515849,
  "V2r": 8.233004611238678e-06,
  "K2p": 0.02377350235662496,
  "V3f": 0.0028086829991700343,
  "K3s": 0.0012248527726003732,
  "V3r": 8.220672276170223e-06,
  "K3p": 0.004023218025351547,
  "V4f": 0.059681092072001576,
  "K4s": 0.0016353020915842913,
  "V4r": 0.0003688205893427692,
  "K4p": 0.03531078021184338,
  "V5f": 0.0033145773565390834,
  "K5s": 0.00419777927923429,
  "V5r": 0.0003612185352658535,
  "K5p": 0.24892570986000717,
  "k_drain": 0.002143359468920366
}