{
  "k1": 1.4873744486149447e-05,
  "Ki": 6.0939380908274385,
  "V2f": 0.8505917416746936,
  "K2s": 0.16528061094445476,
  "V2r": 0.2710062925957411,
  "K2p": 0.1524911614728969,
  "V3f": 0.3327572727815423,
  "K3s": 0.03949106464852248,
  "V3r": 0.2707894131645015,
  "K3p": 0.10791930987381003,
  "V4f": 0.39828559599214014,
  "K4s": 0.10269158619941812,
  "V4r": 0.0684343136382712,
  "K4p": 0.09689870736552837,
  "V5f": 0.22466514067589782,
  "K5s": 0.07745632397255418,
  "V5r": 0.04692979929709791,
  "K5p": 0.07050471963837585,
  "k_drain": 0.05293121587260621
}