{
  "k1": 1.292134986085784e-05,
  "Ki": 4.459274191438853,
  "V2f": 1.059111224519179,
  "K2s": 0.14360574784639785,
  "V2r": 0.2621944825609997,
  "K2p": 0.10119495567219096,
  "V3f": 0.3155096804747076,
  "K3s": 0.06215432508183391,
  "V3r": 0.2370952718697058,
  "K3p": 0.07963852783423679,
  "V4f": 0.45898290288793037,
  "K4s": 0.07879232556897409,
  "V4r": 0.0856830720769721,
  "K4p": 0.12008979564251397,
  "V5f": 0.23039471136240197,
  "K5s": 0.09488477035177824,
  "V5r": 0.05035132720153318,
  "K5p": 0.0665836937487053,
  "k_drain": 0.056619589885251675
}