{
  "k1": 1.4640472072620451e-05,
  "Ki": 5.881172997608712,
  "V2f": 0.8941088722282459,
  "K2s": 0.17215921156574435,
  "V2r": 0.2443575220586869,
  "K2p": 0.1428668047574526,
  "V3f": 0.34807186680685975,
  "K3s": 0.03870898669134438,
  "V3r": 0.27617086864025236,
  "K3p": 0.11609821181626528,
  "V4f": 0.4023584052557165,
  "K4s": 0.1073453348671448,
  "V4r": 0.0670791154004539,
  "K4p": 0.09738595553675712,
  "V5f": 0.20448993482156494,
  "K5s": 0.08208852826010814,
  "V5r": 0.047961721397955626,
  "K5p": 0.062411919393841435,
  "k_drain": 0.04950183721999364
}