{
  "k1": 2.2323324152584046e-09,
  "Ki": 7.581968615073238e-07,
  "V2f": 0.00011350992227603046,
  "K2s": 5.268586042672671e-06,
  "V2r": 3.2689286134295537e-07,
  "K2p": 3.414463516528348e-06,
  "V3f": 0.0012586088572159775,
  "K3s": 1.192804593637342e-05,
  "V3r": 3.946311423886947e-05,
  "K3p": 9.519812348519415e-05,
  "V4f": 0.03830063920431556,
  "K4s": 6.20108331381251e-05,
  "V4r": 2.012626847642075e-05,
  "K4p": 0.0008428359134308096,
  "V5f": 0.001081905183382003,
  "K5s": 0.0001566175892090196,
  "V5r": 2.482822985483752e-07,
  "K5p": 3.341876736619156e-05,
  "k_drain": 8.338181641124814e-07
}