{
  "k1": 1.2787390865031096e-05,
  "Ki": 5.071176079410202,
  "V2f": 0.5497483782026376,
  "K2s": 0.12248364105239588,
  "V2r": 0.2802036317288116,
  "K2p": 0.10787871038743557,
  "V3f": 0.3269033987528552,
  "K3s": 0.1027389869030313,
  "V3r": 0.22396408766034812,
  "K3p": 0.0979428563076827,
  "V4f": 0.29875906825670223,
  "K4s": 0.07725377974479382,
  "V4r": 0.07239193270537576,
  "K4p": 0.07351502930827389,
  "V5f": 0.2102722402286045,
  "K5s": 0.08269041865406598,
  "V5r": 0.07078071585983702,
  "K5p": 0.06820585597840635,
  "k_drain": 0.08939713897756395
}