{
  "k1": 1.3368894707568729e-05,
  "Ki": 5.7234110548321215,
  "V2f": 0.869553803567815,
  "K2s": 0.1628167852553317,
  "V2r": 0.2974637380614427,
  "K2p": 0.1560915851723452,
  "V3f": 0.33441456580336976,
  "K3s": 0.044422022787568995,
  "V3r": 0.2514774382532552,
  "K3p": 0.09234426731568943,
  "V4f": 0.44761579301637516,
  "K4s": 0.09256889698099145,
  "V4r": 0.07680143577300175,
  "K4p": 0.08860149047437096,
  "V5f": 0.24024345585227444,
  "K5s": 0.07576009061634013,
  "V5r": 0.04498709652113399,
  "K5p": 0.07342634775052574,
  "k_drain": 0.05211806445097632
}