{
  "k1": 1.4485559248604382e-05,
  "Ki": 5.954371748143933,
  "V2f": 0.8218120221533809,
  "K2s": 0.16270181439548073,
  "V2r": 0.2663404728636632,
  "K2p": 0.13924087056247045,
  "V3f": 0.3625969163837047,
  "K3s": 0.03981717060720642,
  "V3r": 0.2708585525259256,
  "K3p": 0.10923817191768681,
  "V4f": 0.40081852585871275,
  "K4s": 0.10638883543185768,
  "V4r": 0.068369485353594,
  "K4p": 0.09750232470069614,
  "V5f": 0.2220170717186857,
  "K5s": 0.07917806854009372,
  "V5r": 0.04717042216922026,
  "K5p": 0.06936066244689279,
  "k_drain": 0.05352379973909906
}