{
  "k1": 1.4370180181856267e-05,
  "Ki": 5.606488625757704,
  "V2f": 0.9048565345842837,
  "K2s": 0.15195040056066345,
  "V2r": 0.21026459873346454,
  "K2p": 0.13529091867811915,
  "V3f": 0.3648649866909291,
  "K3s": 0.03802735029060215,
  "V3r": 0.3073374761169685,
  "K3p": 0.10331169175579047,
  "V4f": 0.4099782392612846,
  "K4s": 0.1026352488899505,
  "V4r": 0.06589731263706446,
  "K4p": 0.10794505061497704,
  "V5f": 0.19476837818657208,
  "K5s": 0.06805037091482621,
  "V5r": 0.057165792573178616,
  "K5p": 0.059362091027773,
  "k_drain": 0.04912556655448414
}