{
  "k1": 1.1317578315503137e-05,
  "Ki": 5.61643411716447,
  "V2f": 0.7718916629411902,
  "K2s": 0.11998350578713869,
  "V2r": 0.22709503224681324,
  "K2p": 0.0970376097455376,
  "V3f": 0.3571766695343065,
  "K3s": 0.09643419630403492,
  "V3r": 0.20995560177508651,
  "K3p": 0.11211974804769437,
  "V4f": 0.2967729770922025,
  "K4s": 0.06507899102468633,
  "V4r": 0.06348321726083324,
  "K4p": 0.09009375276605693,
  "V5f": 0.20703652498364464,
  "K5s": 0.0818626723696842,
  "V5r": 0.07564827790263652,
  "K5p": 0.07101438331235858,
  "k_drain": 0.08909546197433509
}