{
  "k1": 2.1238678590791073e-10,
  "Ki": 1.1897452377110572e-07,
  "V2f": 1.735626044107852e-05,
  "K2s": 1.0293491948069092e-06,
  "V2r": 6.48815789682901e-09,
  "K2p": 2.1494766444496565e-05,
  "V3f": 0.0009735740574007528,
  "K3s": 1.935651946249487e-06,
  "V3r": 5.214970167307323e-06,
  "K3p": 8.88887465422094e-05,
  "V4f": 0.0023609176743925957,
  "K4s": 8.347914900854227e-06,
  "V4r": 3.7672842514910484e-06,
  "K4p": 0.0001502765005690881,
  "V5f": 0.0008975399336642689,
  "K5s": 7.84859770221301e-07,
  "V5r": 1.9720101177739756e-08,
  "K5p": 1.8625006974531277e-06,
  "k_drain": 8.013969596571644e-07
}