{
  "k1": 1.1498681914973896e-05,
  "Ki": 5.8083786202105525,
  "V2f": 0.7900055469801077,
  "K2s": 0.12720400545824506,
  "V2r": 0.24603222924367657,
  "K2p": 0.09749112667436491,
  "V3f": 0.352914419285571,
  "K3s": 0.09717252127549425,
  "V3r": 0.2062754452646113,
  "K3p": 0.1124339129587316,
  "V4f": 0.30038298999195084,
  "K4s": 0.06784143071183497,
  "V4r": 0.06274158879109358,
  "K4p": 0.09235114365582367,
  "V5f": 0.20130277166795496,
  "K5s": 0.07857009711199003,
  "V5r": 0.07562211153709104,
  "K5p": 0.07296122132744208,
  "k_drain": 0.09076080932298373
}