{
  "k1": 9.366677359017851e-11,
  "Ki": 2.644360662221608e-07,
  "V2f": 2.7108742383926237e-05,
  "K2s": 6.525245994301783e-07,
  "V2r": 4.782885037597098e-09,
  "K2p": 2.6974134577000554e-05,
  "V3f": 0.00041135912207758895,
  "K3s": 1.0170244338221113e-06,
  "V3r": 2.169247354358761e-06,
  "K3p": 3.4538905253743474e-05,
  "V4f": 0.0025000727749938173,
  "K4s": 9.691120609294161e-06,
  "V4r": 3.718545157149199e-06,
  "K4p": 0.0004178192030468657,
  "V5f": 0.0004415855023099272,
  "K5s": 1.2312769592571227e-06,
  "V5r": 1.831450104762671e-08,
  "K5p": 1.7811554046799275e-06,
  "k_drain": 3.1933587419426056e-07
}