{
  "k1": 1.2276179020446232e-07,
  "Ki": 7.97899976518542e-05,
  "V2f": 8.54401266028747e-05,
  "K2s": 3.198246924361119e-05,
  "V2r": 8.102611997547405e-06,
  "K2p": 0.005874399288934264,
  "V3f": 0.011936099611553615,
  "K3s": 0.00021366093552573605,
  "V3r": 4.920099254979835e-05,
  "K3p": 0.0026271968795924783,
  "V4f": 0.06801377508930467,
  "K4s": 0.00037545000398896285,
  "V4r": 5.972667857810522e-05,
  "K4p": 0.004397709554327807,
  "V5f": 0.0030627798029530143,
  "K5s": 0.0014894458251293874,
  "V5r": 0.00036599837389964933,
  "K5p": 0.009744932727409108,
  "k_drain": 0.0002680377432856781
}