{
  "k1": 1.2670153619990654e-05,
  "Ki": 4.141279018280288,
  "V2f": 0.4980219757697867,
  "K2s": 0.10318947745173275,
  "V2r": 0.31550748888148306,
  "K2p": 0.09924637412163333,
  "V3f": 0.3001376068459235,
  "K3s": 0.11896958439871035,
  "V3r": 0.22441788137222798,
  "K3p": 0.10784008968794909,
  "V4f": 0.26599742790547926,
  "K4s": 0.09976313026076056,
  "V4r": 0.07637888435168307,
  "K4p": 0.10029451251835755,
  "V5f": 0.22084086809694745,
  "K5s": 0.09453241289809945,
  "V5r": 0.06916072629134061,
  "K5p": 0.06559795063528247,
  "k_drain": 0.09948439832319239
}