{
  "k1": 4.614849169695975e-12,
  "Ki": 4.6183269305388297e-07,
  "V2f": 3.915438795803436e-05,
  "K2s": 3.496596352440818e-07,
  "V2r": 3.005347619043489e-09,
  "K2p": 2.822330622317242e-05,
  "V3f": 0.0004931762910666944,
  "K3s": 1.6197124848816396e-06,
  "V3r": 1.985016857126259e-06,
  "K3p": 1.3589122490897455e-05,
  "V4f": 0.0006212238305482149,
  "K4s": 4.806479291067235e-06,
  "V4r": 1.5535353369877066e-06,
  "K4p": 0.00011553098429969499,
  "V5f": 0.0022136783759239467,
  "K5s": 8.571856688378325e-08,
  "V5r": 2.5024494215255565e-08,
  "K5p": 7.454561098837206e-07,
  "k_drain": 1.640091426184306e-07
}