{
  "k1": 1.1663700457912496e-05,
  "Ki": 4.989170544342515,
  "V2f": 0.7133057770278504,
  "K2s": 0.12212022456833205,
  "V2r": 0.2602408004444661,
  "K2p": 0.0970442603449065,
  "V3f": 0.3848083445406248,
  "K3s": 0.1028414298934613,
  "V3r": 0.20465381493023027,
  "K3p": 0.11901776898889113,
  "V4f": 0.3108290326285077,
  "K4s": 0.06888067190402061,
  "V4r": 0.06168367696354897,
  "K4p": 0.0894579250275072,
  "V5f": 0.18564143101389088,
  "K5s": 0.07728913504921486,
  "V5r": 0.06565913449964392,
  "K5p": 0.07559903251258933,
  "k_drain": 0.08616843978166214
}