{
  "k1": 1.20863963022426e-05,
  "Ki": 4.59223137473574,
  "V2f": 0.580602449214117,
  "K2s": 0.1051729815506007,
  "V2r": 0.31733237088588195,
  "K2p": 0.10576805304044812,
  "V3f": 0.30999387179676735,
  "K3s": 0.1166136303533258,
  "V3r": 0.1737162467359141,
  "K3p": 0.09532337197257788,
  "V4f": 0.290672584582896,
  "K4s": 0.1053675166153419,
  "V4r": 0.11186388935014771,
  "K4p": 0.08826974455125315,
  "V5f": 0.20203652716004894,
  "K5s": 0.10638308676052748,
  "V5r": 0.08633073049054864,
  "K5p": 0.09428931459177649,
  "k_drain": 0.10364659806351625
}