{
  "k1": 1.584044970787191e-05,
  "Ki": 0.0029760756397396847,
  "V2f": 0.0015611866561353574,
  "K2s": 0.002820090272233164,
  "V2r": 0.00011539774117886009,
  "K2p": 0.0214088483991537,
  "V3f": 0.01147043924830374,
  "K3s": 0.004938466162103817,
  "V3r": 0.0014716772653697646,
  "K3p": 0.020178829263633066,
  "V4f": 0.1486166804320166,
  "K4s": 0.0035574143416288433,
  "V4r": 0.00031966593462540627,
  "K4p": 0.06952646573656175,
  "V5f": 0.0021697799656521673,
  "K5s": 0.0041766078491862115,
  "V5r": 0.009053810223092677,
  "K5p": 0.1609732879157578,
  "k_drain": 0.031374245412941044
}