{
  "k1": 1.2872386121315446e-05,
  "Ki": 5.198305508547971,
  "V2f": 0.4896807073715882,
  "K2s": 0.11579894395505366,
  "V2r": 0.29191532946716936,
  "K2p": 0.10487778301692327,
  "V3f": 0.3178466271466604,
  "K3s": 0.1082136897193831,
  "V3r": 0.21271993367395203,
  "K3p": 0.09749493086500227,
  "V4f": 0.31210409413549034,
  "K4s": 0.08375756260561058,
  "V4r": 0.0753390252347174,
  "K4p": 0.08013910995163559,
  "V5f": 0.21326976365958486,
  "K5s": 0.07989547808221097,
  "V5r": 0.0696232612495787,
  "K5p": 0.06626761572356864,
  "k_drain": 0.09574077920634029
}