{
  "k1": 3.1595764504612145e-09,
  "Ki": 6.814019953297781e-07,
  "V2f": 0.00014595275580116127,
  "K2s": 1.2697195613118613e-05,
  "V2r": 5.485401644175928e-07,
  "K2p": 3.427282354301214e-06,
  "V3f": 0.0031415027188621872,
  "K3s": 7.247101389381434e-05,
  "V3r": 0.00011944763333199501,
  "K3p": 0.00016974546219206198,
  "V4f": 0.015063181135679657,
  "K4s": 2.9542320147820556e-05,
  "V4r": 7.1880187774949445e-06,
  "K4p": 0.0025949354301178875,
  "V5f": 0.0006001569299926751,
  "K5s": 0.00026148155973183064,
  "V5r": 1.698981685289311e-07,
  "K5p": 0.00017352444933214464,
  "k_drain": 7.652769040811041e-07
}