{
  "k1": 1.2332765760577196e-05,
  "Ki": 4.423596088703146,
  "V2f": 0.7225804373266657,
  "K2s": 0.12657202196016593,
  "V2r": 0.24247004662410962,
  "K2p": 0.11308723666755141,
  "V3f": 0.3077035885075575,
  "K3s": 0.08196042025630318,
  "V3r": 0.18673314217382173,
  "K3p": 0.11802343271110219,
  "V4f": 0.37485424676683693,
  "K4s": 0.06991981966980834,
  "V4r": 0.0620178475934785,
  "K4p": 0.10092475275498504,
  "V5f": 0.21144391121374478,
  "K5s": 0.09758588614159258,
  "V5r": 0.05938112280327405,
  "K5p": 0.08383905487078663,
  "k_drain": 0.07003921793895328
}