{
  "k1": 1.767734249752785e-14,
  "Ki": 2.3170545056211485e-08,
  "V2f": 8.801153197365035e-07,
  "K2s": 7.403178630802156e-08,
  "V2r": 1.321824745139745e-08,
  "K2p": 5.0924101820964436e-05,
  "V3f": 9.671029476693348e-05,
  "K3s": 6.238658953178595e-08,
  "V3r": 3.976613854999115e-07,
  "K3p": 3.5339682386378164e-07,
  "V4f": 0.00046108244771438784,
  "K4s": 2.4869748850957583e-06,
  "V4r": 9.08548532796654e-06,
  "K4p": 6.7076411213284645e-06,
  "V5f": 0.0004494050562608176,
  "K5s": 2.6564971607253836e-08,
  "V5r": 2.435163960141967e-10,
  "K5p": 1.1959618014799899e-08,
  "k_drain": 1.9703181570432872e-08
}