{
  "k1": 1.803412221490301e-05,
  "Ki": 0.0017530928656966673,
  "V2f": 0.00029661210471168434,
  "K2s": 0.0010152225343679495,
  "V2r": 8.893609418318022e-05,
  "K2p": 0.009970979181999467,
  "V3f": 0.011024330245501982,
  "K3s": 0.0027284612285606484,
  "V3r": 0.00043358450064801685,
  "K3p": 0.01686465075189846,
  "V4f": 0.17008991072636792,
  "K4s": 0.0054759229942868476,
  "V4r": 0.00038720921298566975,
  "K4p": 0.06134146307863963,
  "V5f": 0.0037202746760830337,
  "K5s": 0.0035392998849835726,
  "V5r": 0.005400089287580735,
  "K5p": 0.2346724471415474,
  "k_drain": 0.03069115938297374
}