{
  "k1": 1.1962868726710194e-05,
  "Ki": 4.775775517612514,
  "V2f": 0.5621184096594647,
  "K2s": 0.10051436540988415,
  "V2r": 0.3356050938189908,
  "K2p": 0.10231623388275438,
  "V3f": 0.2952173125680879,
  "K3s": 0.11967215259051123,
  "V3r": 0.17831460211156028,
  "K3p": 0.08860895019429378,
  "V4f": 0.28726400928240153,
  "K4s": 0.11301547995745968,
  "V4r": 0.11398941646374439,
  "K4p": 0.0904611299955782,
  "V5f": 0.2051211414233197,
  "K5s": 0.10426821794740596,
  "V5r": 0.0951015485786604,
  "K5p": 0.0944037150223321,
  "k_drain": 0.10041046515494481
}