{
  "k1": 4.698313644125421e-09,
  "Ki": 1.616939095798306e-06,
  "V2f": 6.106754156106111e-05,
  "K2s": 5.5260075919702434e-06,
  "V2r": 1.5560306007600554e-07,
  "K2p": 2.4406349771109343e-06,
  "V3f": 0.0009590140334905347,
  "K3s": 1.7154235034443966e-05,
  "V3r": 5.03135870968503e-05,
  "K3p": 4.7508666833403525e-05,
  "V4f": 0.033971917583952925,
  "K4s": 0.00011531750568883051,
  "V4r": 2.999508048425157e-05,
  "K4p": 0.0005923362979521115,
  "V5f": 0.0005931383099953368,
  "K5s": 0.00017681163118419082,
  "V5r": 8.37953547047772e-08,
  "K5p": 2.9465917401252723e-05,
  "k_drain": 6.056660614591516e-07
}