{
  "k1": 1.2722712486041724e-05,
  "Ki": 5.131788341518183,
  "V2f": 0.5697928574718045,
  "K2s": 0.12117409247266595,
  "V2r": 0.28828771364116546,
  "K2p": 0.11233456463993007,
  "V3f": 0.3048299535512989,
  "K3s": 0.10149716694630719,
  "V3r": 0.23858794649330115,
  "K3p": 0.09543664755306211,
  "V4f": 0.2951812476458778,
  "K4s": 0.07351497149159018,
  "V4r": 0.06856244845709139,
  "K4p": 0.0743923571549299,
  "V5f": 0.21755497958907333,
  "K5s": 0.0842303337172523,
  "V5r": 0.07915968083825325,
  "K5p": 0.07003107107189332,
  "k_drain": 0.09185043904328496
}