{
  "k1": 1.0464071145511672e-05,
  "Ki": 4.201195126591722,
  "V2f": 1.0057919445455805,
  "K2s": 0.1438300402288658,
  "V2r": 0.27437178202206697,
  "K2p": 0.12950834260297014,
  "V3f": 0.2986812664975027,
  "K3s": 0.059307629917102526,
  "V3r": 0.23401839928313656,
  "K3p": 0.08011126276470777,
  "V4f": 0.4292551497155991,
  "K4s": 0.08670634048464919,
  "V4r": 0.08181897998815127,
  "K4p": 0.10904747323922763,
  "V5f": 0.23238232548655158,
  "K5s": 0.10117080238843305,
  "V5r": 0.05162868031943044,
  "K5p": 0.06247191608166506,
  "k_drain": 0.05064451738698946
}