{
  "k1": 1.23817167931408e-05,
  "Ki": 5.119369490062524,
  "V2f": 0.5950719992895852,
  "K2s": 0.11628807123085627,
  "V2r": 0.25632303473187906,
  "K2p": 0.11463735764785775,
  "V3f": 0.31834112370235884,
  "K3s": 0.1093548995696408,
  "V3r": 0.2013401565311406,
  "K3p": 0.09070154106496314,
  "V4f": 0.2830004607784268,
  "K4s": 0.0667115477356773,
  "V4r": 0.06786509268936998,
  "K4p": 0.0866151046228842,
  "V5f": 0.2361445426740401,
  "K5s": 0.08283116867360496,
  "V5r": 0.07985652193046558,
  "K5p": 0.07439012365782331,
  "k_drain": 0.10198911066185709
}