{
  "k1": 1.1678900857678317e-09,
  "Ki": 9.761922269778998e-07,
  "V2f": 2.5752175613258958e-05,
  "K2s": 7.376998341890599e-06,
  "V2r": 7.961785918758596e-08,
  "K2p": 1.3137460236725952e-06,
  "V3f": 0.00045489026936452884,
  "K3s": 8.629913242478446e-07,
  "V3r": 8.371219746012693e-06,
  "K3p": 2.49355962379698e-05,
  "V4f": 0.007593586767278769,
  "K4s": 1.6673445636028016e-05,
  "V4r": 8.657213289558353e-06,
  "K4p": 0.0002566819818356556,
  "V5f": 0.0003539301221556957,
  "K5s": 9.387019509490528e-06,
  "V5r": 3.7808217851062155e-07,
  "K5p": 1.4559632826292994e-05,
  "k_drain": 3.44942572641832e-07
}