{
  "k1": 1.4397997080642868e-05,
  "Ki": 5.603078107025332,
  "V2f": 0.9091844786798405,
  "K2s": 0.1513314473291534,
  "V2r": 0.2054573189534151,
  "K2p": 0.13676601209320316,
  "V3f": 0.3557238619373475,
  "K3s": 0.03723214210394593,
  "V3r": 0.31629922308510544,
  "K3p": 0.10566683365920698,
  "V4f": 0.4003924042466222,
  "K4s": 0.102484983469928,
  "V4r": 0.06665803534916516,
  "K4p": 0.10615812357660125,
  "V5f": 0.19435102216328837,
  "K5s": 0.06892274471660483,
  "V5r": 0.05785072314531769,
  "K5p": 0.06050898504164364,
  "k_drain": 0.04888895483258788
}