{
  "k1": 2.7753840036177094e-13,
  "Ki": 1.7146286098225665e-07,
  "V2f": 1.3732293924128205e-05,
  "K2s": 3.4124855104381754e-07,
  "V2r": 1.7467389717307696e-09,
  "K2p": 1.3935718186801663e-05,
  "V3f": 0.0002486456468239796,
  "K3s": 1.2495988475605103e-06,
  "V3r": 1.5720473349347886e-06,
  "K3p": 7.5051565873157314e-06,
  "V4f": 0.00029244967250002406,
  "K4s": 8.029611366628276e-07,
  "V4r": 2.3387063312422298e-06,
  "K4p": 2.1747334589147828e-05,
  "V5f": 0.003051190250872485,
  "K5s": 1.4401764193501061e-07,
  "V5r": 2.357937886697918e-09,
  "K5p": 8.323930986897515e-07,
  "k_drain": 5.733223125753978e-08
}