{
  "k1": 1.1567026299306279e-05,
  "Ki": 4.96529244494455,
  "V2f": 0.6699608354680292,
  "K2s": 0.11275175240734671,
  "V2r": 0.25008839437082003,
  "K2p": 0.0972503647345453,
  "V3f": 0.3444756492646327,
  "K3s": 0.09612799536825932,
  "V3r": 0.195230631714158,
  "K3p": 0.11267246341122394,
  "V4f": 0.34639475956463534,
  "K4s": 0.06519127347104824,
  "V4r": 0.06208729792606148,
  "K4p": 0.08676762753122556,
  "V5f": 0.19113538673569738,
  "K5s": 0.08111931523433541,
  "V5r": 0.06612416814280833,
  "K5p": 0.08019437459541508,
  "k_drain": 0.09073408148525314
}