{
  "k1": 1.2460206947425048e-05,
  "Ki": 5.76156515013767,
  "V2f": 0.9147258399645818,
  "K2s": 0.16547139111846024,
  "V2r": 0.3100307845602293,
  "K2p": 0.1435959174954193,
  "V3f": 0.3326948124407439,
  "K3s": 0.0483847330583759,
  "V3r": 0.24368636383739709,
  "K3p": 0.08898656390042016,
  "V4f": 0.45756297296244847,
  "K4s": 0.09183256810518248,
  "V4r": 0.07625438112095989,
  "K4p": 0.09164002153305337,
  "V5f": 0.2276996741254674,
  "K5s": 0.0836662258292531,
  "V5r": 0.04764083564526369,
  "K5p": 0.06907519793609658,
  "k_drain": 0.054504971148192215
}