{
  "k1": 1.4359995419575745e-05,
  "Ki": 5.4778721807708495,
  "V2f": 0.8352071464473847,
  "K2s": 0.1603001837869998,
  "V2r": 0.2752864396136802,
  "K2p": 0.1498260815027511,
  "V3f": 0.3385313876803281,
  "K3s": 0.04251261244992307,
  "V3r": 0.25391544360926305,
  "K3p": 0.09930400394733817,
  "V4f": 0.42448158684933024,
  "K4s": 0.09210422519130375,
  "V4r": 0.07502976927662817,
  "K4p": 0.08809981604451617,
  "V5f": 0.25182268229864085,
  "K5s": 0.08029291060238097,
  "V5r": 0.04734610612497796,
  "K5p": 0.07267951922831396,
  "k_drain": 0.05024942427386271
}