{
  "k1": 1.5949954790896397e-05,
  "Ki": 0.0024361609294472376,
  "V2f": 0.0003898843281996972,
  "K2s": 0.0025362744901830992,
  "V2r": 9.528839349222611e-05,
  "K2p": 0.011927620625234274,
  "V3f": 0.017749014952655247,
  "K3s": 0.004469071078474324,
  "V3r": 0.0012077020775796237,
  "K3p": 0.01595505123307145,
  "V4f": 0.16645160912836485,
  "K4s": 0.0034375677437596067,
  "V4r": 0.00039686285116060396,
  "K4p": 0.03921697759132883,
  "V5f": 0.0020782085205834884,
  "K5s": 0.004736727468702518,
  "V5r": 0.011839201486187922,
  "K5p": 0.26056050552194704,
  "k_drain": 0.02125081296686209
}