{
  "k1": 1.1885944824459988e-05,
  "Ki": 4.635466462551113,
  "V2f": 0.573107068210348,
  "K2s": 0.10115658932947266,
  "V2r": 0.3332846438570036,
  "K2p": 0.10607283913871973,
  "V3f": 0.30758489225597097,
  "K3s": 0.11785791113196925,
  "V3r": 0.17560424920291998,
  "K3p": 0.09255268227259264,
  "V4f": 0.29717861310457966,
  "K4s": 0.10653382210746097,
  "V4r": 0.11170277966472295,
  "K4p": 0.08926965686575103,
  "V5f": 0.1997392972561129,
  "K5s": 0.10528099602406632,
  "V5r": 0.08908932002316065,
  "K5p": 0.09121457324442857,
  "k_drain": 0.10112434149028282
}