{
  "k1": 1.1791609482916021e-11,
  "Ki": 7.342732065332737e-07,
  "V2f": 4.1982769125647054e-05,
  "K2s": 5.072375698868973e-07,
  "V2r": 1.601974327826281e-09,
  "K2p": 2.1595113217250488e-05,
  "V3f": 0.0004021051571706399,
  "K3s": 1.7087840063005767e-06,
  "V3r": 2.8585715918676294e-06,
  "K3p": 1.8275308014283272e-05,
  "V4f": 0.002028315731812625,
  "K4s": 8.821117407415921e-06,
  "V4r": 2.0505766345890996e-06,
  "K4p": 0.00017682689787552717,
  "V5f": 0.0010299168521148829,
  "K5s": 1.4594822942897588e-07,
  "V5r": 6.066656573338105e-08,
  "K5p": 9.97594892719845e-07,
  "k_drain": 2.5793219699201037e-07
}