{
  "k1": 1.1523322765153773e-05,
  "Ki": 5.039426546872733,
  "V2f": 0.7122637169263805,
  "K2s": 0.12746046495180213,
  "V2r": 0.2698171164786275,
  "K2p": 0.09583288049658897,
  "V3f": 0.36944469175785954,
  "K3s": 0.10355663101873917,
  "V3r": 0.19878545756226015,
  "K3p": 0.11976230554991689,
  "V4f": 0.3215519787043982,
  "K4s": 0.06776345939365733,
  "V4r": 0.06366342180413019,
  "K4p": 0.09076166421202544,
  "V5f": 0.18894275532560473,
  "K5s": 0.0790187652788099,
  "V5r": 0.06819065945191932,
  "K5p": 0.07864283961622304,
  "k_drain": 0.08605176618856981
}