{
  "k1": 1.2681847839471633e-05,
  "Ki": 5.0022544432412435,
  "V2f": 0.5776289049466481,
  "K2s": 0.11804117486999659,
  "V2r": 0.29288318409914194,
  "K2p": 0.11802991020740346,
  "V3f": 0.32416067691001554,
  "K3s": 0.1029609791834655,
  "V3r": 0.2150890260027735,
  "K3p": 0.09013974074706448,
  "V4f": 0.28994904062079846,
  "K4s": 0.07509311742448942,
  "V4r": 0.06722745360130451,
  "K4p": 0.07555262905817367,
  "V5f": 0.23431075504005638,
  "K5s": 0.08703860107182082,
  "V5r": 0.07628062621348378,
  "K5p": 0.06898428943931438,
  "k_drain": 0.09430477012756638
}