{
  "k1": 1.0995204868849462e-09,
  "Ki": 8.719510233760099e-07,
  "V2f": 2.406648473633489e-05,
  "K2s": 5.931038008138716e-06,
  "V2r": 1.337062219869967e-07,
  "K2p": 3.2492591299936482e-06,
  "V3f": 0.0013496163420394342,
  "K3s": 6.013160730913594e-06,
  "V3r": 7.280420251888835e-05,
  "K3p": 3.911287912240177e-05,
  "V4f": 0.010176451326611841,
  "K4s": 6.961295040737316e-05,
  "V4r": 4.256808620236588e-05,
  "K4p": 0.0003333503492291719,
  "V5f": 0.0019216872926945878,
  "K5s": 2.1255273026663143e-05,
  "V5r": 1.2855359745237856e-07,
  "K5p": 2.4597030709205332e-05,
  "k_drain": 7.03140837868935e-07
}