{
  "k1": 1.5895904616932692e-05,
  "Ki": 5.273867502380517,
  "V2f": 0.8378592825586706,
  "K2s": 0.18557853397160948,
  "V2r": 0.21359088338417886,
  "K2p": 0.14391187629920726,
  "V3f": 0.44028047791919955,
  "K3s": 0.036795269449691255,
  "V3r": 0.30893222873132464,
  "K3p": 0.10471411789467867,
  "V4f": 0.38971796936517195,
  "K4s": 0.11291349937768372,
  "V4r": 0.05492824124803382,
  "K4p": 0.12041485614738448,
  "V5f": 0.1835654261407643,
  "K5s": 0.06469561590757933,
  "V5r": 0.06556523739397713,
  "K5p": 0.05490092467048273,
  "k_drain": 0.053419092560320416
}