{
  "k1": 1.1706838123157713e-05,
  "Ki": 5.180639318440444,
  "V2f": 0.5494915466541362,
  "K2s": 0.12143230242979548,
  "V2r": 0.26802770188827624,
  "K2p": 0.11400886805846998,
  "V3f": 0.343128510435822,
  "K3s": 0.11258342439875112,
  "V3r": 0.2161990839354346,
  "K3p": 0.09560789232875128,
  "V4f": 0.27382793808732014,
  "K4s": 0.07146314405057717,
  "V4r": 0.06526590237123521,
  "K4p": 0.07565666005850606,
  "V5f": 0.23596153531036868,
  "K5s": 0.08332194764588083,
  "V5r": 0.07494950702310128,
  "K5p": 0.0782955768412557,
  "k_drain": 0.0946943564633237
}