{
  "k1": 3.464323782062364e-10,
  "Ki": 1.0573570191076412e-06,
  "V2f": 4.054311675841076e-05,
  "K2s": 9.16222936658724e-06,
  "V2r": 1.3311386689925748e-07,
  "K2p": 4.799582159358726e-06,
  "V3f": 0.0008092242855902891,
  "K3s": 2.000476798110715e-06,
  "V3r": 1.2148170513177533e-05,
  "K3p": 1.1301933325369734e-05,
  "V4f": 0.013954966912413738,
  "K4s": 0.00010131167214646576,
  "V4r": 1.5344645695563624e-05,
  "K4p": 0.0005218899890629734,
  "V5f": 0.0005385271226630857,
  "K5s": 2.609914373599011e-05,
  "V5r": 4.448851922021251e-07,
  "K5p": 4.898271087339186e-06,
  "k_drain": 2.6331589675299794e-07
}