{
  "k1": 1.318579198518585e-05,
  "Ki": 5.543527312363677,
  "V2f": 0.861171099879357,
  "K2s": 0.16523322134349872,
  "V2r": 0.3081370840085014,
  "K2p": 0.1506088641263989,
  "V3f": 0.3479729617259266,
  "K3s": 0.04749382272065238,
  "V3r": 0.2387852700816902,
  "K3p": 0.08824104078123686,
  "V4f": 0.42939632980166104,
  "K4s": 0.09152705770494352,
  "V4r": 0.07566659046201314,
  "K4p": 0.09083534666436176,
  "V5f": 0.23758276891856886,
  "K5s": 0.08144686210221831,
  "V5r": 0.046159423444631,
  "K5p": 0.06844273182679265,
  "k_drain": 0.053567834549608374
}