{
  "k1": 1.2009102837568698e-05,
  "Ki": 4.993296882848072,
  "V2f": 0.6695989855248299,
  "K2s": 0.11413318165048265,
  "V2r": 0.26448790124501925,
  "K2p": 0.10594986920687473,
  "V3f": 0.34625947861435147,
  "K3s": 0.09986205184837879,
  "V3r": 0.2022733356540744,
  "K3p": 0.10154009157353878,
  "V4f": 0.30835511062102616,
  "K4s": 0.06678445295698,
  "V4r": 0.06868810098074772,
  "K4p": 0.08544793858526449,
  "V5f": 0.22074970430552424,
  "K5s": 0.07769278003646389,
  "V5r": 0.08234318207386021,
  "K5p": 0.07385521130018981,
  "k_drain": 0.10283828828378558
}