{
  "k1": 3.0095380689063186e-09,
  "Ki": 4.98955677592017e-07,
  "V2f": 3.184901690766919e-05,
  "K2s": 8.457316909772301e-06,
  "V2r": 5.542935673953212e-08,
  "K2p": 2.265599333834294e-06,
  "V3f": 0.0006097103089707097,
  "K3s": 1.0303002194778311e-06,
  "V3r": 4.947253418994154e-06,
  "K3p": 2.0618472019086362e-05,
  "V4f": 0.003834119156747816,
  "K4s": 1.3269438898718541e-05,
  "V4r": 5.9865091630404396e-06,
  "K4p": 0.00017196968363741646,
  "V5f": 0.0001472080798992409,
  "K5s": 6.68344391993573e-06,
  "V5r": 1.361679886179049e-07,
  "K5p": 1.2711333187831272e-05,
  "k_drain": 3.862304028822051e-07
}