{
  "k1": 1.3260113149847727e-05,
  "Ki": 4.519330412221387,
  "V2f": 0.7323467953868578,
  "K2s": 0.141062303333684,
  "V2r": 0.24393599317257336,
  "K2p": 0.1122703528785139,
  "V3f": 0.2977671982959177,
  "K3s": 0.07493881622521191,
  "V3r": 0.20868986699350306,
  "K3p": 0.10764132720834864,
  "V4f": 0.4522382902910376,
  "K4s": 0.07565274334870606,
  "V4r": 0.0792607877410371,
  "K4p": 0.10146188951461145,
  "V5f": 0.24679285528984987,
  "K5s": 0.10072645271334196,
  "V5r": 0.06123250638881917,
  "K5p": 0.07262350802684513,
  "k_drain": 0.06520781639162668
}