{
  "k1": 1.1005074720161211e-05,
  "Ki": 5.387423956383763,
  "V2f": 1.0153453622115665,
  "K2s": 0.1542253266391264,
  "V2r": 0.3250929521287278,
  "K2p": 0.13507527619889842,
  "V3f": 0.32129518646791394,
  "K3s": 0.05597906737853112,
  "V3r": 0.2388861355227083,
  "K3p": 0.0788227000383065,
  "V4f": 0.45420176523177946,
  "K4s": 0.08601455107212759,
  "V4r": 0.07385272838389884,
  "K4p": 0.09097205263475888,
  "V5f": 0.2260299381161097,
  "K5s": 0.08912299051868357,
  "V5r": 0.04936230372566197,
  "K5p": 0.06851107548348703,
  "k_drain": 0.05345996597401743
}