{
  "k1": 1.4671233640363255e-05,
  "Ki": 5.633035707935126,
  "V2f": 0.9369868182720575,
  "K2s": 0.15217168344762372,
  "V2r": 0.22055873922852098,
  "K2p": 0.133921139445467,
  "V3f": 0.3910625598584153,
  "K3s": 0.0403637744448936,
  "V3r": 0.2966969409045611,
  "K3p": 0.1107308461943365,
  "V4f": 0.3942178943726523,
  "K4s": 0.10404033661638971,
  "V4r": 0.0634165028557801,
  "K4p": 0.10789828726677451,
  "V5f": 0.19214188699145737,
  "K5s": 0.06653675290763716,
  "V5r": 0.056390048776930164,
  "K5p": 0.05999228325887315,
  "k_drain": 0.04828423420488053
}