{
  "k1": 4.083397259775401e-06,
  "Ki": 0.0005819771634018163,
  "V2f": 0.0002086721700715895,
  "K2s": 0.00017104563484215008,
  "V2r": 8.08509110035753e-06,
  "K2p": 0.029784748725655223,
  "V3f": 0.0028266435238101283,
  "K3s": 0.002739829293825527,
  "V3r": 5.111856336112179e-05,
  "K3p": 0.007769170615503217,
  "V4f": 0.050431866494498934,
  "K4s": 0.0008142860278229409,
  "V4r": 0.0007652375428826816,
  "K4p": 0.11772988080844758,
  "V5f": 0.010684724093241244,
  "K5s": 0.003581973450908549,
  "V5r": 0.0011269021664750605,
  "K5p": 0.14374390581476756,
  "k_drain": 0.001939925204343272
}