{
  "k1": 1.3451308054144392e-05,
  "Ki": 4.448476630368954,
  "V2f": 0.4910308254042872,
  "K2s": 0.11204339608601915,
  "V2r": 0.2895410558725264,
  "K2p": 0.10657523790510834,
  "V3f": 0.2945201827694667,
  "K3s": 0.11341289440770691,
  "V3r": 0.20624253638693613,
  "K3p": 0.1018073996724092,
  "V4f": 0.28269013697053047,
  "K4s": 0.11168082371617773,
  "V4r": 0.10349395300952226,
  "K4p": 0.08226876547023061,
  "V5f": 0.22606582020057925,
  "K5s": 0.08690611825531003,
  "V5r": 0.07542748113948226,
  "K5p": 0.08457673527683872,
  "k_drain": 0.10035648823873063
}