{
  "k1": 1.3209729434734105e-05,
  "Ki": 4.53940632924747,
  "V2f": 0.7696718572351315,
  "K2s": 0.14780251057786253,
  "V2r": 0.25075618586407056,
  "K2p": 0.1116841754573994,
  "V3f": 0.29290542015725657,
  "K3s": 0.0744626989254955,
  "V3r": 0.21730257600601288,
  "K3p": 0.10565886256695023,
  "V4f": 0.42944283994711174,
  "K4s": 0.07508563591583559,
  "V4r": 0.07813938850685453,
  "K4p": 0.09943791862207509,
  "V5f": 0.26214560588416136,
  "K5s": 0.09861344086729579,
  "V5r": 0.05876757350470102,
  "K5p": 0.07714694721583057,
  "k_drain": 0.06519066443093552
}