{
  "k1": 1.178144879984019e-05,
  "Ki": 5.20305984631599,
  "V2f": 0.5586765703171804,
  "K2s": 0.12278326843001275,
  "V2r": 0.2678949013727443,
  "K2p": 0.11477417610779753,
  "V3f": 0.3314591236308736,
  "K3s": 0.11062399026002978,
  "V3r": 0.2097923086310084,
  "K3p": 0.09629424437923179,
  "V4f": 0.26378100066396476,
  "K4s": 0.07435728776075143,
  "V4r": 0.06485617335698757,
  "K4p": 0.07681171422981328,
  "V5f": 0.24078503064641815,
  "K5s": 0.08570511976179104,
  "V5r": 0.07324131384571612,
  "K5p": 0.0766111711317417,
  "k_drain": 0.09269204990465277
}