{
  "k1": 2.6424884332456347e-10,
  "Ki": 7.103966102839952e-07,
  "V2f": 3.045774575808449e-05,
  "K2s": 7.650601420450911e-06,
  "V2r": 1.4790801062837463e-07,
  "K2p": 3.888577304958312e-06,
  "V3f": 0.0007324212605034419,
  "K3s": 2.7908401442582806e-06,
  "V3r": 8.219841895666517e-06,
  "K3p": 1.0432087945689084e-05,
  "V4f": 0.01675582974762451,
  "K4s": 8.242818186024104e-05,
  "V4r": 1.0944729172030394e-05,
  "K4p": 0.0007712378137517044,
  "V5f": 0.0008885393678361833,
  "K5s": 2.729731456288282e-05,
  "V5r": 3.305574581917309e-07,
  "K5p": 5.008414654715524e-06,
  "k_drain": 2.9116621546615194e-07
}