{
  "k1": 1.3517551794597893e-05,
  "Ki": 4.425701076448274,
  "V2f": 0.49109714828632156,
  "K2s": 0.11081597346937426,
  "V2r": 0.291561746731991,
  "K2p": 0.10849580641134429,
  "V3f": 0.2971855296648529,
  "K3s": 0.11058811043394694,
  "V3r": 0.2125176396848826,
  "K3p": 0.10298115151494239,
  "V4f": 0.28398295910587884,
  "K4s": 0.10962721520556765,
  "V4r": 0.10605215418486495,
  "K4p": 0.08235232348715868,
  "V5f": 0.2244719770654015,
  "K5s": 0.08526307827320592,
  "V5r": 0.07465373089942624,
  "K5p": 0.08705949210109552,
  "k_drain": 0.0989649416824043
}