{
  "k1": 5.522517568204581e-06,
  "Ki": 0.0007399535162020267,
  "V2f": 0.0001559869841621292,
  "K2s": 0.00010650338433146189,
  "V2r": 9.189037724701026e-06,
  "K2p": 0.020086677011219845,
  "V3f": 0.0023797379666426876,
  "K3s": 0.0031970045376668384,
  "V3r": 3.0418006002786503e-05,
  "K3p": 0.007016430952845041,
  "V4f": 0.03205455128627003,
  "K4s": 0.0010232200851713435,
  "V4r": 0.00044336328579113485,
  "K4p": 0.1198194724440631,
  "V5f": 0.006016521532759741,
  "K5s": 0.0020785268646729286,
  "V5r": 0.0010064371077175816,
  "K5p": 0.20914797788176281,
  "k_drain": 0.001391009415875209
}