{
  "k1": 1.1396364333239483e-05,
  "Ki": 5.415960395188217,
  "V2f": 0.49277104152039986,
  "K2s": 0.09797038822549846,
  "V2r": 0.311605237198511,
  "K2p": 0.10809416695964358,
  "V3f": 0.3315494255208058,
  "K3s": 0.1129373282272716,
  "V3r": 0.17929178876961507,
  "K3p": 0.10243730189230146,
  "V4f": 0.29770508888434044,
  "K4s": 0.10363536842490255,
  "V4r": 0.1062022038371095,
  "K4p": 0.09173527006467698,
  "V5f": 0.19388836361304626,
  "K5s": 0.1083366787019084,
  "V5r": 0.07997123588899843,
  "K5p": 0.11631331361915097,
  "k_drain": 0.10049811670913046
}