{
  "k1": 4.220897163635614e-05,
  "Ki": 0.27794976407350613,
  "V2f": 0.004922089782109882,
  "K2s": 0.003103300517745463,
  "V2r": 0.00035161810642641336,
  "K2p": 0.08753453990432133,
  "V3f": 0.01593928343681943,
  "K3s": 0.09558859091084979,
  "V3r": 0.003854664385739821,
  "K3p": 0.07475112035172123,
  "V4f": 0.5029601087707123,
  "K4s": 0.0009471456243044722,
  "V4r": 0.0005831567718499108,
  "K4p": 0.12881270533013267,
  "V5f": 0.008115643384166813,
  "K5s": 0.023416406489814957,
  "V5r": 0.1261927116792765,
  "K5p": 0.22314851797131377,
  "k_drain": 0.06805929085271
}