{
  "k1": 1.2012587825972756e-05,
  "Ki": 5.064343149490383,
  "V2f": 0.7228334385879491,
  "K2s": 0.1271291885150926,
  "V2r": 0.2610433364498009,
  "K2p": 0.09755572867770057,
  "V3f": 0.3648855288967894,
  "K3s": 0.0969972211305705,
  "V3r": 0.199044533207512,
  "K3p": 0.1118744211810588,
  "V4f": 0.3185567189957833,
  "K4s": 0.06812654295954383,
  "V4r": 0.06202558420040272,
  "K4p": 0.08685242521544005,
  "V5f": 0.19232838126248766,
  "K5s": 0.08244206827422702,
  "V5r": 0.07202737528901727,
  "K5p": 0.07653586594930833,
  "k_drain": 0.08583802929800437
}