{
  "k1": 1.8021025638601605e-11,
  "Ki": 5.554530219709598e-07,
  "V2f": 3.205994004912874e-05,
  "K2s": 2.663932943761989e-07,
  "V2r": 3.761371676480029e-09,
  "K2p": 3.035930280036373e-05,
  "V3f": 0.0008242902180854174,
  "K3s": 1.3466086345252442e-06,
  "V3r": 2.9772678628793934e-06,
  "K3p": 2.4966972056321552e-05,
  "V4f": 0.0019386921634964639,
  "K4s": 1.2255473899698463e-05,
  "V4r": 2.575127530120621e-06,
  "K4p": 0.0001618234151106158,
  "V5f": 0.0007264359777392439,
  "K5s": 3.021358743343892e-07,
  "V5r": 2.67022331621019e-08,
  "K5p": 1.8919034175904754e-06,
  "k_drain": 1.406857355847313e-07
}