{
  "k1": 1.3643151984022967e-05,
  "Ki": 4.129276387316083,
  "V2f": 1.1012148498175478,
  "K2s": 0.1399850541030919,
  "V2r": 0.25930618479557865,
  "K2p": 0.09954353698325592,
  "V3f": 0.3207562128441897,
  "K3s": 0.06931089502408763,
  "V3r": 0.23866354588822014,
  "K3p": 0.07579054081507755,
  "V4f": 0.4675131032478141,
  "K4s": 0.07365203048891517,
  "V4r": 0.08281562836089063,
  "K4p": 0.11284751933287455,
  "V5f": 0.22576521831591206,
  "K5s": 0.09053590197312027,
  "V5r": 0.05545613832963076,
  "K5p": 0.062314173369424276,
  "k_drain": 0.055841042959745665
}