{
  "k1": 1.3523180985743639e-05,
  "Ki": 4.542501121127538,
  "V2f": 0.7581002408762182,
  "K2s": 0.14293195980089626,
  "V2r": 0.24408792004262994,
  "K2p": 0.11585699395493584,
  "V3f": 0.30219727289282555,
  "K3s": 0.07300924935075151,
  "V3r": 0.20958829983270574,
  "K3p": 0.10360784686939736,
  "V4f": 0.435800252779104,
  "K4s": 0.07723603917772867,
  "V4r": 0.07940070238862418,
  "K4p": 0.10154971387284444,
  "V5f": 0.2526505764924228,
  "K5s": 0.09959888855964373,
  "V5r": 0.060366980412181935,
  "K5p": 0.07304825006732735,
  "k_drain": 0.06510385010579069
}