{
  "k1": 1.5459409149284898e-07,
  "Ki": 5.0525472630230866e-05,
  "V2f": 7.182691778792434e-05,
  "K2s": 5.578442867524461e-05,
  "V2r": 9.193641044162553e-06,
  "K2p": 0.009687108384130358,
  "V3f": 0.01033585507676839,
  "K3s": 0.00023775041628986646,
  "V3r": 3.2317421239336566e-05,
  "K3p": 0.0021574654712286827,
  "V4f": 0.10782972688801128,
  "K4s": 0.00022826450918283413,
  "V4r": 5.2364314230111e-05,
  "K4p": 0.0030848369050528097,
  "V5f": 0.0022194350972153014,
  "K5s": 0.0025035486549670432,
  "V5r": 0.0005305266345812655,
  "K5p": 0.008918503682791677,
  "k_drain": 0.00029903249430461527
}