{
  "k1": 1.259553165103532e-05,
  "Ki": 4.225761814441849,
  "V2f": 0.5055795258495605,
  "K2s": 0.10858607650961453,
  "V2r": 0.33195668578020804,
  "K2p": 0.09940861007227857,
  "V3f": 0.29074115092762653,
  "K3s": 0.11750975201407045,
  "V3r": 0.2189299951882797,
  "K3p": 0.11207434077753956,
  "V4f": 0.26070817363481574,
  "K4s": 0.09684519019268627,
  "V4r": 0.07695040839258414,
  "K4p": 0.09795686367222128,
  "V5f": 0.2275632210273521,
  "K5s": 0.10024991255441318,
  "V5r": 0.0721960076069092,
  "K5p": 0.0654786980851946,
  "k_drain": 0.0985573518757307
}