{
  "k1": 1.1154911274165121e-05,
  "Ki": 5.470167995868367,
  "V2f": 0.9875345085641594,
  "K2s": 0.1551112918047867,
  "V2r": 0.3307018952802094,
  "K2p": 0.13295404569284172,
  "V3f": 0.33122994691035734,
  "K3s": 0.05432860048121489,
  "V3r": 0.24452293739201994,
  "K3p": 0.08083611967861504,
  "V4f": 0.46564410112283916,
  "K4s": 0.08818749280845826,
  "V4r": 0.07639876281976066,
  "K4p": 0.09107637075586487,
  "V5f": 0.23184627862973872,
  "K5s": 0.08663510388670116,
  "V5r": 0.048654559997045196,
  "K5p": 0.06855735068760685,
  "k_drain": 0.051504442166597636
}