{
  "k1": 1.3424644148707478e-05,
  "Ki": 4.4968370705523215,
  "V2f": 0.7308910314060746,
  "K2s": 0.14879702186791305,
  "V2r": 0.2291055106953462,
  "K2p": 0.11198380798378546,
  "V3f": 0.28806630925661275,
  "K3s": 0.07790365468302744,
  "V3r": 0.22199345798822412,
  "K3p": 0.09835618037613912,
  "V4f": 0.46876886352935965,
  "K4s": 0.08725756133914611,
  "V4r": 0.08046418385714267,
  "K4p": 0.10749226471060269,
  "V5f": 0.2368308321165154,
  "K5s": 0.09797927312223999,
  "V5r": 0.05908552137853605,
  "K5p": 0.07306627834037675,
  "k_drain": 0.06824230773373503
}