{
  "k1": 1.2397615559943741e-05,
  "Ki": 4.3503836276541135,
  "V2f": 0.7554593139203184,
  "K2s": 0.13185253605122793,
  "V2r": 0.25575561606993374,
  "K2p": 0.11412787137595554,
  "V3f": 0.3006651745820175,
  "K3s": 0.07855627552559843,
  "V3r": 0.2147915475664466,
  "K3p": 0.09876967636952029,
  "V4f": 0.4341252210932709,
  "K4s": 0.07803840955644425,
  "V4r": 0.07925184507143901,
  "K4p": 0.10125426407226899,
  "V5f": 0.259006745242985,
  "K5s": 0.10455539394927148,
  "V5r": 0.05614750844171344,
  "K5p": 0.07672706104140578,
  "k_drain": 0.06546356843095759
}