{
  "k1": 1.4275595294775545e-05,
  "Ki": 4.272586647479775,
  "V2f": 1.099683507440334,
  "K2s": 0.14352327918613028,
  "V2r": 0.2606890392191563,
  "K2p": 0.10362729474987341,
  "V3f": 0.33211172799546296,
  "K3s": 0.06727536728230743,
  "V3r": 0.24732021594634576,
  "K3p": 0.07880018632339424,
  "V4f": 0.4661095976856807,
  "K4s": 0.07359503739027569,
  "V4r": 0.0806209608530966,
  "K4p": 0.11841264811855952,
  "V5f": 0.22738577832286103,
  "K5s": 0.09073116066799618,
  "V5r": 0.0529715279610814,
  "K5p": 0.06262902260219265,
  "k_drain": 0.053095926496860874
}