{
  "k1": 1.3775426067220492e-05,
  "Ki": 5.85778320000207,
  "V2f": 0.8850454277223937,
  "K2s": 0.17262462497540543,
  "V2r": 0.23714722208086722,
  "K2p": 0.1390476357115835,
  "V3f": 0.36340732166168255,
  "K3s": 0.033961576743986935,
  "V3r": 0.31074666444634175,
  "K3p": 0.11761183994648101,
  "V4f": 0.3992565756313125,
  "K4s": 0.10470111610004408,
  "V4r": 0.07336012013458612,
  "K4p": 0.10621505383223201,
  "V5f": 0.19427350518410674,
  "K5s": 0.08355062122006772,
  "V5r": 0.04667604158074464,
  "K5p": 0.06316141082491057,
  "k_drain": 0.04974009106785297
}