{
  "k1": 1.2533945968196069e-05,
  "Ki": 4.215745150596313,
  "V2f": 0.4858341105415809,
  "K2s": 0.10518507948414835,
  "V2r": 0.31155409600270645,
  "K2p": 0.11035435336302553,
  "V3f": 0.29303369839570453,
  "K3s": 0.12338713274381484,
  "V3r": 0.21447554316998288,
  "K3p": 0.09887892760757569,
  "V4f": 0.2842119251628396,
  "K4s": 0.11284022434306674,
  "V4r": 0.09567899171083184,
  "K4p": 0.08451765612732579,
  "V5f": 0.22302796288699248,
  "K5s": 0.08960245935978091,
  "V5r": 0.0741049147078574,
  "K5p": 0.08201922888199364,
  "k_drain": 0.10306762205043475
}