{
  "k1": 1.8905203178417566e-06,
  "Ki": 0.00036010652907634454,
  "V2f": 8.111354006762182e-05,
  "K2s": 0.00041292588480764926,
  "V2r": 9.016685968533796e-06,
  "K2p": 0.027660906793552806,
  "V3f": 0.00364796607456799,
  "K3s": 0.0017833380928847932,
  "V3r": 1.2023949672185944e-05,
  "K3p": 0.0045366954842553965,
  "V4f": 0.03490156427885144,
  "K4s": 0.0016918885884478652,
  "V4r": 0.00019234597891837148,
  "K4p": 0.022056597936191677,
  "V5f": 0.0027954326420655735,
  "K5s": 0.002677073383753377,
  "V5r": 0.00025621965551473713,
  "K5p": 0.13647296951615334,
  "k_drain": 0.0017150781900857072
}