{
  "k1": 1.3452767795083589e-05,
  "Ki": 4.61453214612426,
  "V2f": 0.7804769084476164,
  "K2s": 0.142852542442609,
  "V2r": 0.23572007517966792,
  "K2p": 0.1077639264809504,
  "V3f": 0.28899600145295296,
  "K3s": 0.08518018168656707,
  "V3r": 0.22056957746592964,
  "K3p": 0.09638157700731416,
  "V4f": 0.4933425359971316,
  "K4s": 0.08342855109257223,
  "V4r": 0.07881045866086211,
  "K4p": 0.10476494721822024,
  "V5f": 0.2385033989626271,
  "K5s": 0.10032996912467913,
  "V5r": 0.06082109029351107,
  "K5p": 0.07194066744402527,
  "k_drain": 0.068009349343333
}