{
  "k1": 1.3690948645169217e-05,
  "Ki": 4.289940384222642,
  "V2f": 0.9756470293320447,
  "K2s": 0.14080513444679982,
  "V2r": 0.24971744769946494,
  "K2p": 0.10073331617725118,
  "V3f": 0.3201319900449758,
  "K3s": 0.07635534133042883,
  "V3r": 0.2362693586801489,
  "K3p": 0.0788408469427956,
  "V4f": 0.45280455810932374,
  "K4s": 0.07230446223249022,
  "V4r": 0.0813921550569989,
  "K4p": 0.10371580470277443,
  "V5f": 0.2302028029421785,
  "K5s": 0.09711522657950533,
  "V5r": 0.05595181013402271,
  "K5p": 0.06396748699930152,
  "k_drain": 0.05963390112807316
}