{
  "k1": 1.0300874299047e-05,
  "Ki": 5.156698641244063,
  "V2f": 1.0804972564231117,
  "K2s": 0.14095872390264663,
  "V2r": 0.29765813786876,
  "K2p": 0.13787838904365313,
  "V3f": 0.2980691839233877,
  "K3s": 0.06031549393492892,
  "V3r": 0.22542522578780233,
  "K3p": 0.08619342143909157,
  "V4f": 0.45121714603743207,
  "K4s": 0.08725722843247893,
  "V4r": 0.08131501213379451,
  "K4p": 0.10312236730598635,
  "V5f": 0.21491359950210973,
  "K5s": 0.09088893834529337,
  "V5r": 0.0542822207323999,
  "K5p": 0.07007913481068342,
  "k_drain": 0.050820820844706696
}