{
  "k1": 1.106853300411171e-05,
  "Ki": 4.125172932782643,
  "V2f": 0.973963389278665,
  "K2s": 0.13157009884049697,
  "V2r": 0.2870041389715805,
  "K2p": 0.11500860038359843,
  "V3f": 0.30436114552466165,
  "K3s": 0.058242161273793044,
  "V3r": 0.2315431491854934,
  "K3p": 0.08681353056330707,
  "V4f": 0.4379882595499148,
  "K4s": 0.07926058247949591,
  "V4r": 0.08653118456761749,
  "K4p": 0.10293112034244879,
  "V5f": 0.22150963068178395,
  "K5s": 0.09945074646725188,
  "V5r": 0.047854909646748,
  "K5p": 0.06385680899026314,
  "k_drain": 0.053994050762797695
}