{
  "k1": 1.2500502083577361e-05,
  "Ki": 4.284882965633027,
  "V2f": 1.067185634932264,
  "K2s": 0.13349574042661339,
  "V2r": 0.27832455645402404,
  "K2p": 0.10996784919392004,
  "V3f": 0.30644602111854863,
  "K3s": 0.06083920032103331,
  "V3r": 0.23225290157831757,
  "K3p": 0.08031498599483748,
  "V4f": 0.4613706293400468,
  "K4s": 0.073724535661321,
  "V4r": 0.08782669976933766,
  "K4p": 0.11179261829672604,
  "V5f": 0.2181665927741041,
  "K5s": 0.1000268166154562,
  "V5r": 0.04649715282761283,
  "K5p": 0.06356425047292426,
  "k_drain": 0.05357258271113988
}