{
  "k1": 1.4211416916426421e-05,
  "Ki": 4.572668513513638,
  "V2f": 1.0841207460951414,
  "K2s": 0.14780927453862594,
  "V2r": 0.26394281182311596,
  "K2p": 0.1044931795496674,
  "V3f": 0.3268070603093254,
  "K3s": 0.06763070532133753,
  "V3r": 0.2529091502586576,
  "K3p": 0.07949244960989335,
  "V4f": 0.45391977493939095,
  "K4s": 0.07871301759321118,
  "V4r": 0.08136156059743889,
  "K4p": 0.11389239476236489,
  "V5f": 0.21728120576159696,
  "K5s": 0.08801103252446887,
  "V5r": 0.05130941988021424,
  "K5p": 0.0664255320183745,
  "k_drain": 0.053847023288521076
}