{
  "k1": 1.3933641349752125e-05,
  "Ki": 5.594189280607108,
  "V2f": 0.8573052043154606,
  "K2s": 0.1617697063270238,
  "V2r": 0.29191478926780395,
  "K2p": 0.1460165866723466,
  "V3f": 0.3408117673760849,
  "K3s": 0.04185930769031891,
  "V3r": 0.2584026275269464,
  "K3p": 0.091757235101665,
  "V4f": 0.4141178552497005,
  "K4s": 0.09108954378047673,
  "V4r": 0.07732278968901203,
  "K4p": 0.08990117955831364,
  "V5f": 0.24633414090755595,
  "K5s": 0.07951983192891468,
  "V5r": 0.0471238282167714,
  "K5p": 0.07186050323605375,
  "k_drain": 0.05023531605578797
}