{
  "k1": 1.1999811723216854e-05,
  "Ki": 4.261925110998403,
  "V2f": 0.7540663530273597,
  "K2s": 0.1385048672016558,
  "V2r": 0.26481706280635003,
  "K2p": 0.10791720871639882,
  "V3f": 0.3071053871391591,
  "K3s": 0.07689718578239077,
  "V3r": 0.21315754000458315,
  "K3p": 0.0959886691356606,
  "V4f": 0.41839820998577637,
  "K4s": 0.08035191808516842,
  "V4r": 0.07958806470287182,
  "K4p": 0.09960324635781156,
  "V5f": 0.2539081487788559,
  "K5s": 0.10399769320194228,
  "V5r": 0.058340056506741594,
  "K5p": 0.07988734971198944,
  "k_drain": 0.06936951482547893
}