{
  "k1": 6.3885090301274534e-15,
  "Ki": 7.696942862547383e-08,
  "V2f": 3.241905363647038e-08,
  "K2s": 8.351263678110246e-09,
  "V2r": 1.3880139487874941e-09,
  "K2p": 8.440750261888837e-06,
  "V3f": 1.5486931989367968e-05,
  "K3s": 1.6568510858731175e-07,
  "V3r": 3.975705849310694e-08,
  "K3p": 2.256910567118006e-08,
  "V4f": 0.00016806544306402388,
  "K4s": 1.0672129163284434e-05,
  "V4r": 2.480170607574086e-06,
  "K4p": 3.3911370886667825e-06,
  "V5f": 4.484876129668603e-05,
  "K5s": 7.3762178157858115e-09,
  "V5r": 4.543976784155654e-11,
  "K5p": 2.274409500484863e-09,
  "k_drain": 6.48588585155998e-09
}