{
  "k1": 9.542234037829726e-06,
  "Ki": 5.272254843731087,
  "V2f": 1.053818665638774,
  "K2s": 0.13648926069488174,
  "V2r": 0.28014741889972805,
  "K2p": 0.14364144840031243,
  "V3f": 0.3108173204308943,
  "K3s": 0.06171736592499699,
  "V3r": 0.2392994114949898,
  "K3p": 0.08110840867772486,
  "V4f": 0.46954138299065357,
  "K4s": 0.08636092171664753,
  "V4r": 0.07975044461687673,
  "K4p": 0.0998108097366077,
  "V5f": 0.22785601978931677,
  "K5s": 0.08815994522756405,
  "V5r": 0.052994278885940875,
  "K5p": 0.06535326916195143,
  "k_drain": 0.05023321639758274
}