{
  "k1": 1.4564812272977014e-05,
  "Ki": 5.7060322004000135,
  "V2f": 0.8479602508508293,
  "K2s": 0.1689059300111927,
  "V2r": 0.25217543426305267,
  "K2p": 0.13334756343613396,
  "V3f": 0.35667172397903446,
  "K3s": 0.0384731458009134,
  "V3r": 0.27862494093777235,
  "K3p": 0.1133486510078442,
  "V4f": 0.410252177244134,
  "K4s": 0.11627472561698105,
  "V4r": 0.06293346204364628,
  "K4p": 0.09538328395978032,
  "V5f": 0.20199855139945655,
  "K5s": 0.07956310991465121,
  "V5r": 0.047196678405953436,
  "K5p": 0.06815153503472174,
  "k_drain": 0.04996971997893752
}