{
  "k1": 2.3246756612597966e-08,
  "Ki": 7.146714851655474e-06,
  "V2f": 6.74111563383715e-05,
  "K2s": 2.3965749005865047e-06,
  "V2r": 4.676343982400959e-06,
  "K2p": 9.48103730089187e-05,
  "V3f": 0.008714705694508437,
  "K3s": 0.0001110283235280445,
  "V3r": 4.203405556980913e-05,
  "K3p": 0.00040311297422849953,
  "V4f": 0.050037727231815,
  "K4s": 7.103818551804619e-05,
  "V4r": 1.1340583589307303e-05,
  "K4p": 0.00016019611642328018,
  "V5f": 0.0013081660323892073,
  "K5s": 0.004528449381043284,
  "V5r": 4.905369622520825e-06,
  "K5p": 0.01598791994456908,
  "k_drain": 1.814327723558269e-05
}