{
  "k1": 1.246838161330431e-05,
  "Ki": 4.334147585686976,
  "V2f": 0.4415387166899009,
  "K2s": 0.11211576048154517,
  "V2r": 0.31235410985974604,
  "K2p": 0.11199843500420244,
  "V3f": 0.3004386744126064,
  "K3s": 0.11197028515004641,
  "V3r": 0.2220027228409109,
  "K3p": 0.10640202787179714,
  "V4f": 0.32373927513819445,
  "K4s": 0.09186074618431629,
  "V4r": 0.07499923351559563,
  "K4p": 0.09747838887411091,
  "V5f": 0.2428895589084753,
  "K5s": 0.09440273069780371,
  "V5r": 0.07279295420641649,
  "K5p": 0.0642152864601078,
  "k_drain": 0.09204683840409895
}