{
  "k1": 4.2517956616134057e-07,
  "Ki": 0.00017548293170777376,
  "V2f": 0.0002346898500986884,
  "K2s": 0.00019422111527709235,
  "V2r": 1.5953785629079662e-05,
  "K2p": 0.03949909089424738,
  "V3f": 0.005225647767374335,
  "K3s": 0.0002816947229129762,
  "V3r": 6.633817552102362e-05,
  "K3p": 0.0037302284333171486,
  "V4f": 0.13451258762208326,
  "K4s": 0.0003306036393194399,
  "V4r": 0.00019845888013695205,
  "K4p": 0.006889296376446596,
  "V5f": 0.0026844759110979445,
  "K5s": 0.004362897975353241,
  "V5r": 0.00038790857030357413,
  "K5p": 0.056370640573782764,
  "k_drain": 0.0006698028413297738
}