{
  "k1": 1.2672027110213029e-05,
  "Ki": 4.495952194309591,
  "V2f": 0.44783967212094206,
  "K2s": 0.1070874680804315,
  "V2r": 0.32286565234107334,
  "K2p": 0.11304940934734084,
  "V3f": 0.30029453662917255,
  "K3s": 0.12017869461803903,
  "V3r": 0.2295138625411186,
  "K3p": 0.10052255179589321,
  "V4f": 0.29284521805843977,
  "K4s": 0.09592138388398969,
  "V4r": 0.09178940697194402,
  "K4p": 0.08909386054469565,
  "V5f": 0.2172250444970505,
  "K5s": 0.09319711973989614,
  "V5r": 0.06754080971283107,
  "K5p": 0.07237064820718435,
  "k_drain": 0.09261216935829243
}