{
  "k1": 1.0184562587095826e-08,
  "Ki": 7.325572819047336e-07,
  "V2f": 0.00011121211339037491,
  "K2s": 1.0287003459068535e-05,
  "V2r": 2.4847431468339844e-07,
  "K2p": 1.2546781846443481e-05,
  "V3f": 0.0020231901566310525,
  "K3s": 0.00023449263599200178,
  "V3r": 9.935136282705537e-05,
  "K3p": 0.00010088960344531081,
  "V4f": 0.01786373243336419,
  "K4s": 8.628728169217762e-05,
  "V4r": 3.6114023127972903e-06,
  "K4p": 0.0017066074973409108,
  "V5f": 0.0005457965609066895,
  "K5s": 0.0009238441504023302,
  "V5r": 2.1445873444323527e-06,
  "K5p": 0.0007697304957649464,
  "k_drain": 8.261550588039014e-07
}