{
  "k1": 1.228146556842105e-05,
  "Ki": 5.585917379443474,
  "V2f": 0.458579234613815,
  "K2s": 0.1087502933208952,
  "V2r": 0.26782637637360457,
  "K2p": 0.11026974493161985,
  "V3f": 0.3222458291370224,
  "K3s": 0.11208542806777459,
  "V3r": 0.19677452441759438,
  "K3p": 0.09307821417685572,
  "V4f": 0.33151729250142065,
  "K4s": 0.08422150328468005,
  "V4r": 0.07353349673584154,
  "K4p": 0.08011020222740371,
  "V5f": 0.2335617733809341,
  "K5s": 0.0835555536171141,
  "V5r": 0.07144420094822504,
  "K5p": 0.061969489218317075,
  "k_drain": 0.09177247012423301
}