{
  "k1": 3.1146935036934502e-15,
  "Ki": 2.5180878582655776e-08,
  "V2f": 4.788543730617105e-08,
  "K2s": 2.8326278534849893e-08,
  "V2r": 1.518872763211531e-09,
  "K2p": 4.88142474376091e-06,
  "V3f": 2.8115610884511817e-05,
  "K3s": 2.6926060055934675e-07,
  "V3r": 2.8364599075644738e-08,
  "K3p": 1.3145208124301529e-08,
  "V4f": 5.670389768670436e-05,
  "K4s": 1.0036406185461995e-05,
  "V4r": 5.353625909277538e-06,
  "K4p": 5.618143323875271e-06,
  "V5f": 2.1991713402339746e-05,
  "K5s": 3.6874977539598026e-09,
  "V5r": 2.836359403198057e-11,
  "K5p": 2.361654533617145e-09,
  "k_drain": 2.306381874445611e-09
}