{
  "k1": 1.1208190766935631e-05,
  "Ki": 4.339284664727948,
  "V2f": 0.7022365672434281,
  "K2s": 0.1341847300005651,
  "V2r": 0.2506934756049836,
  "K2p": 0.10288231115273497,
  "V3f": 0.29060630883868604,
  "K3s": 0.08279406016719046,
  "V3r": 0.2029232875508186,
  "K3p": 0.10126101823378715,
  "V4f": 0.3941142250039382,
  "K4s": 0.08303103009795251,
  "V4r": 0.07500765162164616,
  "K4p": 0.09738122994957343,
  "V5f": 0.2576577290992577,
  "K5s": 0.09611043966874086,
  "V5r": 0.0597078518069175,
  "K5p": 0.07963619149835757,
  "k_drain": 0.06744301619609354
}