{
  "k1": 1.0625596421654893e-05,
  "Ki": 4.481175881623535,
  "V2f": 1.0396210990953252,
  "K2s": 0.14057137378669737,
  "V2r": 0.2821917528405434,
  "K2p": 0.12804394462578944,
  "V3f": 0.30185777643650835,
  "K3s": 0.06190158846277652,
  "V3r": 0.2293425841248026,
  "K3p": 0.0841518434582337,
  "V4f": 0.4321406979596804,
  "K4s": 0.08662934146841293,
  "V4r": 0.07699979327357301,
  "K4p": 0.10650842096776773,
  "V5f": 0.22589339092179636,
  "K5s": 0.09984633261811446,
  "V5r": 0.05252234048398392,
  "K5p": 0.06465932605219125,
  "k_drain": 0.04993537202508318
}