{
  "k1": 1.1948065033687233e-05,
  "Ki": 4.34330431146609,
  "V2f": 0.7598407587056206,
  "K2s": 0.13523989467267902,
  "V2r": 0.2617541455159772,
  "K2p": 0.11495673656012197,
  "V3f": 0.2946543619390401,
  "K3s": 0.07681612770317521,
  "V3r": 0.22560157585107526,
  "K3p": 0.09508473323240184,
  "V4f": 0.4364465239525954,
  "K4s": 0.08040955859833361,
  "V4r": 0.07600538604843914,
  "K4p": 0.09978861244312075,
  "V5f": 0.25263343086293966,
  "K5s": 0.1062950825370941,
  "V5r": 0.057506000152877795,
  "K5p": 0.07688216493588788,
  "k_drain": 0.06747395860968433
}