{
  "k1": 1.0671005598220607e-05,
  "Ki": 4.5140981533954205,
  "V2f": 1.0593845009133054,
  "K2s": 0.14012141648290002,
  "V2r": 0.2781970185453013,
  "K2p": 0.12826864181014092,
  "V3f": 0.30409646613125196,
  "K3s": 0.06166432538248717,
  "V3r": 0.23179670931380988,
  "K3p": 0.08559264140296656,
  "V4f": 0.43836741551152764,
  "K4s": 0.08399728613055721,
  "V4r": 0.07848408871193728,
  "K4p": 0.10429448463535615,
  "V5f": 0.2234937792702267,
  "K5s": 0.09902610567509164,
  "V5r": 0.05329305567100752,
  "K5p": 0.06706574988314014,
  "k_drain": 0.05062051042039254
}