{
  "k1": 1.1972937801800447e-05,
  "Ki": 4.779289509887887,
  "V2f": 0.5500320341354573,
  "K2s": 0.10014614955477952,
  "V2r": 0.3292304967460092,
  "K2p": 0.10285146813964902,
  "V3f": 0.29145694033129627,
  "K3s": 0.11659952236234732,
  "V3r": 0.17577476180914772,
  "K3p": 0.08428432702906488,
  "V4f": 0.2884899015249421,
  "K4s": 0.11186943942858682,
  "V4r": 0.11246710818235732,
  "K4p": 0.08713674203873539,
  "V5f": 0.20917737402326084,
  "K5s": 0.1038645447673859,
  "V5r": 0.09564095953157566,
  "K5p": 0.09141466086651415,
  "k_drain": 0.1005405354931732
}