{
  "k1": 2.2271223214778395e-05,
  "Ki": 0.0009716946448832665,
  "V2f": 0.00040058672992169825,
  "K2s": 0.0013130195927638952,
  "V2r": 0.00012053575205048322,
  "K2p": 0.0082476954806221,
  "V3f": 0.014714094911181436,
  "K3s": 0.0038773225218420035,
  "V3r": 0.0006376209458674173,
  "K3p": 0.012411970647937547,
  "V4f": 0.1964684009629345,
  "K4s": 0.0031815437800638653,
  "V4r": 0.0003926020336358603,
  "K4p": 0.06537102358161719,
  "V5f": 0.002109309155958709,
  "K5s": 0.00302409581730117,
  "V5r": 0.003364439411998818,
  "K5p": 0.24247734895897294,
  "k_drain": 0.03755513079280941
}