{
  "k1": 1.5535886563920458e-05,
  "Ki": 5.403746316513455,
  "V2f": 0.9059440511526715,
  "K2s": 0.16115647569148164,
  "V2r": 0.21218101211710189,
  "K2p": 0.14495160805148757,
  "V3f": 0.4230462223401047,
  "K3s": 0.04007763523250014,
  "V3r": 0.3163808457393052,
  "K3p": 0.11123281928951385,
  "V4f": 0.38608750718846213,
  "K4s": 0.10183581603072754,
  "V4r": 0.060365161674908435,
  "K4p": 0.10799692502549946,
  "V5f": 0.1808970427475608,
  "K5s": 0.06873996792345759,
  "V5r": 0.06005986402503048,
  "K5p": 0.05727323836727233,
  "k_drain": 0.051517630548843604
}