{
  "k1": 1.3253862839710842e-05,
  "Ki": 4.5958202178157235,
  "V2f": 0.7052696747248887,
  "K2s": 0.12475242379040409,
  "V2r": 0.24782363539509147,
  "K2p": 0.10537342774978445,
  "V3f": 0.3038715378169787,
  "K3s": 0.08833605997075011,
  "V3r": 0.19078629546389403,
  "K3p": 0.11908138537353215,
  "V4f": 0.3628837389376079,
  "K4s": 0.06600566551628999,
  "V4r": 0.059141206973652626,
  "K4p": 0.10033957685950153,
  "V5f": 0.22473872138986886,
  "K5s": 0.09964929163629456,
  "V5r": 0.06106498148681523,
  "K5p": 0.08167755185796692,
  "k_drain": 0.07047548344525628
}