{
  "k1": 2.2196656713083285e-14,
  "Ki": 7.313915312547311e-08,
  "V2f": 7.259161293049185e-07,
  "K2s": 3.259829342677845e-08,
  "V2r": 1.7555450014566603e-08,
  "K2p": 2.2901131975763447e-05,
  "V3f": 0.00012807114418601705,
  "K3s": 8.290288903380127e-08,
  "V3r": 7.86145658188382e-07,
  "K3p": 8.222158592169983e-07,
  "V4f": 0.000974506392415905,
  "K4s": 2.2182070673894735e-06,
  "V4r": 6.170108484997453e-06,
  "K4p": 4.93639358114802e-06,
  "V5f": 0.0003533676073927559,
  "K5s": 5.183994219030235e-08,
  "V5r": 1.3227985412570507e-10,
  "K5p": 3.661788032722003e-08,
  "k_drain": 2.4470162923107516e-08
}