{
  "k1": 1.1763174932547352e-05,
  "Ki": 5.55434327756817,
  "V2f": 0.7653815473523622,
  "K2s": 0.11885580714233814,
  "V2r": 0.2143838626489669,
  "K2p": 0.0972896573352004,
  "V3f": 0.351122729899602,
  "K3s": 0.09861571333584367,
  "V3r": 0.2105454001089443,
  "K3p": 0.11503752613391854,
  "V4f": 0.29753604194846445,
  "K4s": 0.0666699975856233,
  "V4r": 0.06581018105935792,
  "K4p": 0.08910108007351532,
  "V5f": 0.1995319139087345,
  "K5s": 0.08196592406078301,
  "V5r": 0.07544412613551715,
  "K5p": 0.06825191831080601,
  "k_drain": 0.0876451783028415
}