{
  "k1": 2.0294333899853196e-10,
  "Ki": 1.178279640909987e-07,
  "V2f": 1.3438772283744475e-05,
  "K2s": 1.9834084734271922e-06,
  "V2r": 1.4229187443441658e-08,
  "K2p": 1.1546657759866064e-05,
  "V3f": 0.0006454824500477564,
  "K3s": 1.8056254656631496e-06,
  "V3r": 4.252957090155305e-06,
  "K3p": 6.525433815764233e-05,
  "V4f": 0.0016187384257863988,
  "K4s": 6.717298337528071e-06,
  "V4r": 3.40302751061621e-06,
  "K4p": 0.000168942691320507,
  "V5f": 0.0009115220429803512,
  "K5s": 1.0327755285374183e-06,
  "V5r": 1.3850400803003443e-08,
  "K5p": 1.4966784615944372e-06,
  "k_drain": 7.216616802385067e-07
}