{
  "k1": 1.246338115822737e-05,
  "Ki": 5.761650402071925,
  "V2f": 0.9422172605435868,
  "K2s": 0.1612323399159326,
  "V2r": 0.3142872709890756,
  "K2p": 0.1316515244446453,
  "V3f": 0.32169877412978676,
  "K3s": 0.04884192561757098,
  "V3r": 0.2461329731768245,
  "K3p": 0.08683264977615467,
  "V4f": 0.46697266237759577,
  "K4s": 0.09099151234326355,
  "V4r": 0.07568682430106247,
  "K4p": 0.09240826716004805,
  "V5f": 0.22541358398076405,
  "K5s": 0.08455073503488213,
  "V5r": 0.04907685436581093,
  "K5p": 0.06705281430733719,
  "k_drain": 0.05420797827041642
}