{
  "k1": 1.6897380150495745e-09,
  "Ki": 1.0652857600930915e-06,
  "V2f": 2.619079202524515e-05,
  "K2s": 9.727826967480736e-06,
  "V2r": 5.147263893694961e-08,
  "K2p": 1.8643598509037223e-06,
  "V3f": 0.0004393172019671558,
  "K3s": 5.582730491573428e-07,
  "V3r": 1.2292681252629121e-05,
  "K3p": 1.442911527613976e-05,
  "V4f": 0.007295980498584153,
  "K4s": 1.4710224234750237e-05,
  "V4r": 8.357764864182472e-06,
  "K4p": 0.00033569825826845425,
  "V5f": 0.00012841998965401033,
  "K5s": 8.298480486845262e-06,
  "V5r": 2.412794490226902e-07,
  "K5p": 9.296209299513307e-06,
  "k_drain": 4.376105565944529e-07
}