{
  "k1": 1.2251058081330442e-05,
  "Ki": 4.979220174555313,
  "V2f": 0.6350423060724177,
  "K2s": 0.1179262724869827,
  "V2r": 0.24857029706724415,
  "K2p": 0.10876248810323291,
  "V3f": 0.33481285245057607,
  "K3s": 0.1046100989437313,
  "V3r": 0.19742777313234122,
  "K3p": 0.09170669845512641,
  "V4f": 0.291344892951001,
  "K4s": 0.0640296725523491,
  "V4r": 0.06615485910362488,
  "K4p": 0.0822756934995668,
  "V5f": 0.2311541336982998,
  "K5s": 0.07910837904329851,
  "V5r": 0.07967114370424042,
  "K5p": 0.07531497106112967,
  "k_drain": 0.10581093556520237
}