{
  "k1": 1.4043051866833959e-05,
  "Ki": 5.7090536103632195,
  "V2f": 0.9032396818804117,
  "K2s": 0.15691226446408083,
  "V2r": 0.2279229952871736,
  "K2p": 0.139044310818921,
  "V3f": 0.3483460811680091,
  "K3s": 0.03412642217239837,
  "V3r": 0.3039054343836571,
  "K3p": 0.11302807671460567,
  "V4f": 0.38996045815080205,
  "K4s": 0.10126966353800676,
  "V4r": 0.07103440121582426,
  "K4p": 0.10953454495751326,
  "V5f": 0.2010894607157315,
  "K5s": 0.0757132121131293,
  "V5r": 0.05230060216626867,
  "K5p": 0.06017874012505765,
  "k_drain": 0.0458948139716285
}