{
  "k1": 1.3538986390929341e-05,
  "Ki": 4.542773798553435,
  "V2f": 0.9237012227003334,
  "K2s": 0.14299132159179434,
  "V2r": 0.24691105908283004,
  "K2p": 0.1088912096911364,
  "V3f": 0.32599314021281,
  "K3s": 0.07527957598792478,
  "V3r": 0.2316102731651014,
  "K3p": 0.08802017527500924,
  "V4f": 0.4478682164569011,
  "K4s": 0.07688561879796596,
  "V4r": 0.09058972426914007,
  "K4p": 0.10315552518574739,
  "V5f": 0.24527626320633894,
  "K5s": 0.0978057977683012,
  "V5r": 0.056790812311518925,
  "K5p": 0.06457484005878021,
  "k_drain": 0.06202416522943752
}