{
  "k1": 1.2723800005361053e-05,
  "Ki": 4.380441682263374,
  "V2f": 0.4789643024208417,
  "K2s": 0.10860086413994924,
  "V2r": 0.33156915942642956,
  "K2p": 0.10268453776223135,
  "V3f": 0.2929662495325721,
  "K3s": 0.11568135384398053,
  "V3r": 0.22013792240248758,
  "K3p": 0.10565090299143405,
  "V4f": 0.28962938212726913,
  "K4s": 0.09518750238768213,
  "V4r": 0.08884678336404019,
  "K4p": 0.09126241042439785,
  "V5f": 0.21973063996590783,
  "K5s": 0.09331894532647202,
  "V5r": 0.06591410297232592,
  "K5p": 0.07130893814782566,
  "k_drain": 0.09439185502225388
}