{
  "k1": 2.525885952014356e-07,
  "Ki": 0.0001127642804267404,
  "V2f": 0.00021087714122396012,
  "K2s": 0.0002060212557406551,
  "V2r": 1.4874824974078519e-05,
  "K2p": 0.0337593539003672,
  "V3f": 0.007712287990016015,
  "K3s": 0.0002038837375754203,
  "V3r": 8.427247001129033e-05,
  "K3p": 0.004646705892978151,
  "V4f": 0.09765164968478361,
  "K4s": 0.000585092691722404,
  "V4r": 0.0001788201412956503,
  "K4p": 0.007294226452910614,
  "V5f": 0.0037017226043271944,
  "K5s": 0.0035673432500622484,
  "V5r": 0.0007281212717680499,
  "K5p": 0.019208535053718372,
  "k_drain": 0.00025298020349643447
}