{
  "k1": 1.2300774162632489e-05,
  "Ki": 4.577869293716435,
  "V2f": 0.5062405485500825,
  "K2s": 0.10793907085206322,
  "V2r": 0.3145897155687475,
  "K2p": 0.10510086645795826,
  "V3f": 0.2890729286356361,
  "K3s": 0.11396670011257828,
  "V3r": 0.20288925866119192,
  "K3p": 0.09452295703346297,
  "V4f": 0.28123725641058767,
  "K4s": 0.11179442510608563,
  "V4r": 0.10783748245430477,
  "K4p": 0.07995469221903459,
  "V5f": 0.2200655263887671,
  "K5s": 0.09342830867258092,
  "V5r": 0.08628732665331174,
  "K5p": 0.08636689611429677,
  "k_drain": 0.09832286309147704
}