{
  "k1": 5.653548355066424e-06,
  "Ki": 0.0007680757203654986,
  "V2f": 0.0004745808860840148,
  "K2s": 0.0005628893410614857,
  "V2r": 4.028222965468203e-05,
  "K2p": 0.010991317077808602,
  "V3f": 0.01767960246411609,
  "K3s": 0.0031341398786618106,
  "V3r": 0.00010681400668360676,
  "K3p": 0.013245604807696315,
  "V4f": 0.14822166820688715,
  "K4s": 0.0015829772023315352,
  "V4r": 0.0008441889305781441,
  "K4p": 0.16188457671391004,
  "V5f": 0.0036279302272295595,
  "K5s": 0.0017718412941397687,
  "V5r": 0.0036854154338717923,
  "K5p": 0.2600248913798454,
  "k_drain": 0.00907429726204477
}