{
  "k1": 1.188280860058854e-05,
  "Ki": 4.821968390098388,
  "V2f": 0.7078579866458162,
  "K2s": 0.11477819196739057,
  "V2r": 0.2317521343976105,
  "K2p": 0.09804701509409154,
  "V3f": 0.3205377290878724,
  "K3s": 0.0945091900407286,
  "V3r": 0.19853679880697914,
  "K3p": 0.10973635256944453,
  "V4f": 0.35848630570949624,
  "K4s": 0.06313298095540781,
  "V4r": 0.05761658601581954,
  "K4p": 0.08160285156904232,
  "V5f": 0.18483895326058764,
  "K5s": 0.07946441639445764,
  "V5r": 0.06545557571877202,
  "K5p": 0.07864135100735792,
  "k_drain": 0.08979555508476746
}