{
  "k1": 1.356043006443846e-13,
  "Ki": 8.965113479909518e-08,
  "V2f": 1.0994409613262224e-05,
  "K2s": 1.1128901381243786e-07,
  "V2r": 2.2981585781191126e-09,
  "K2p": 2.3021349797636147e-05,
  "V3f": 0.00029533849284124467,
  "K3s": 9.412597601081054e-07,
  "V3r": 2.035004031868687e-06,
  "K3p": 3.216369157857071e-06,
  "V4f": 0.0002835567812997968,
  "K4s": 1.4591743839612165e-06,
  "V4r": 4.39433671560954e-06,
  "K4p": 2.1817925271350117e-05,
  "V5f": 0.003093719867766125,
  "K5s": 8.976854462314466e-08,
  "V5r": 1.543899896793562e-09,
  "K5p": 3.3651146496451594e-07,
  "k_drain": 2.973311088363394e-08
}