{
  "k1": 1.1340589059568133e-05,
  "Ki": 4.482246185392745,
  "V2f": 0.6762131961544816,
  "K2s": 0.13567838474401547,
  "V2r": 0.24924345780483295,
  "K2p": 0.10292944808710776,
  "V3f": 0.29917430700485637,
  "K3s": 0.08611646842890393,
  "V3r": 0.20155540276547645,
  "K3p": 0.10621224271342476,
  "V4f": 0.3846519424918864,
  "K4s": 0.08395580262288423,
  "V4r": 0.07481281908914482,
  "K4p": 0.10049986816137267,
  "V5f": 0.25293441341275075,
  "K5s": 0.09681572317509299,
  "V5r": 0.05780784636899405,
  "K5p": 0.08001460864240349,
  "k_drain": 0.06765035154186205
}