{
  "k1": 3.4754553975777942e-15,
  "Ki": 1.4873374211439291e-08,
  "V2f": 1.3111489732850973e-07,
  "K2s": 2.0323602634005348e-08,
  "V2r": 3.520579768543583e-09,
  "K2p": 3.491965989042632e-06,
  "V3f": 4.262490591595311e-05,
  "K3s": 4.362566369210223e-07,
  "V3r": 4.7556367680495695e-08,
  "K3p": 1.3479150273740798e-08,
  "V4f": 0.0001353093352439055,
  "K4s": 6.3924567457479245e-06,
  "V4r": 7.729769524445943e-06,
  "K4p": 4.146064083884856e-06,
  "V5f": 1.9912519297935472e-05,
  "K5s": 1.9762450611473665e-09,
  "V5r": 6.994842869589944e-11,
  "K5p": 3.795515199166132e-09,
  "k_drain": 4.746927587000263e-09
}