{
  "k1": 1.3693238890621506e-09,
  "Ki": 1.8083542574998565e-06,
  "V2f": 2.6188787345233374e-05,
  "K2s": 3.2984997382376245e-06,
  "V2r": 1.9209988361976597e-07,
  "K2p": 3.4280337476603932e-06,
  "V3f": 0.000797544812476182,
  "K3s": 1.79122173641164e-05,
  "V3r": 7.142447585784243e-05,
  "K3p": 5.23845836670985e-05,
  "V4f": 0.013898055080423495,
  "K4s": 0.00011883462097905697,
  "V4r": 4.324641158694648e-05,
  "K4p": 0.0005160733987532458,
  "V5f": 0.0011658257367205952,
  "K5s": 3.2591618698022055e-05,
  "V5r": 1.0425674704061205e-07,
  "K5p": 1.4853284088508538e-05,
  "k_drain": 5.05696232084051e-07
}