{
  "k1": 1.2482442154444793e-05,
  "Ki": 5.0740619615754134,
  "V2f": 0.565949099831495,
  "K2s": 0.12290756635779947,
  "V2r": 0.2930800302983213,
  "K2p": 0.11451212277251131,
  "V3f": 0.3266630989576768,
  "K3s": 0.10093139403098382,
  "V3r": 0.2275080287239954,
  "K3p": 0.090894509883165,
  "V4f": 0.28394374465704014,
  "K4s": 0.07618233175743018,
  "V4r": 0.06599700032645167,
  "K4p": 0.07469477976665174,
  "V5f": 0.22971231050301086,
  "K5s": 0.08402433827222494,
  "V5r": 0.07629571009966558,
  "K5p": 0.0718839179965699,
  "k_drain": 0.09342757636232259
}