{
  "k1": 2.5299095246317594e-05,
  "Ki": 0.24237500309688526,
  "V2f": 0.006013079604383841,
  "K2s": 0.002604763820967533,
  "V2r": 0.0003329410393024252,
  "K2p": 0.07390581285787823,
  "V3f": 0.028385120320324062,
  "K3s": 0.11866520976700877,
  "V3r": 0.0032533816251247532,
  "K3p": 0.13162837700972657,
  "V4f": 0.4378256656162061,
  "K4s": 0.0007177772216209865,
  "V4r": 0.0019472161547849207,
  "K4p": 0.19594695803379755,
  "V5f": 0.008757464369910126,
  "K5s": 0.04042201391201449,
  "V5r": 0.1396791500442414,
  "K5p": 0.12261946147659948,
  "k_drain": 0.13921812214167278
}