{
  "k1": 1.1137981012942818e-05,
  "Ki": 5.482707011450201,
  "V2f": 0.5045008225204216,
  "K2s": 0.09647144673877751,
  "V2r": 0.31579584544446065,
  "K2p": 0.10890054403857691,
  "V3f": 0.3432390226060847,
  "K3s": 0.10888828749926792,
  "V3r": 0.1843919737130958,
  "K3p": 0.1000025005100575,
  "V4f": 0.2953623303875258,
  "K4s": 0.09946370868422588,
  "V4r": 0.10495499188446658,
  "K4p": 0.09760260469039919,
  "V5f": 0.1881156087394063,
  "K5s": 0.10682753797875567,
  "V5r": 0.07960038692066745,
  "K5p": 0.11587450210510464,
  "k_drain": 0.1002078563967085
}