{
  "k1": 1.3499930100456974e-05,
  "Ki": 4.339973219936606,
  "V2f": 0.9042592745305428,
  "K2s": 0.14022737183318365,
  "V2r": 0.24697877374878122,
  "K2p": 0.10460077593640733,
  "V3f": 0.3218276582757806,
  "K3s": 0.07491125329593822,
  "V3r": 0.23172167194450874,
  "K3p": 0.08206435190054799,
  "V4f": 0.43944348483053236,
  "K4s": 0.07739114447071398,
  "V4r": 0.08486986284986128,
  "K4p": 0.10103206955697332,
  "V5f": 0.23639546329543984,
  "K5s": 0.09875245118365639,
  "V5r": 0.05496054642432439,
  "K5p": 0.06419270491579825,
  "k_drain": 0.05993574522225071
}