{
  "k1": 1.3224783078023807e-05,
  "Ki": 4.655397455625685,
  "V2f": 0.8867989178039443,
  "K2s": 0.14511474242002037,
  "V2r": 0.2407970500549433,
  "K2p": 0.10934693121522591,
  "V3f": 0.3035256596061824,
  "K3s": 0.07808754137431441,
  "V3r": 0.22136936455764292,
  "K3p": 0.09656976520254383,
  "V4f": 0.5093606235496893,
  "K4s": 0.07664453370400086,
  "V4r": 0.08912415152652939,
  "K4p": 0.10065660139629644,
  "V5f": 0.23021324489438555,
  "K5s": 0.09062851147869481,
  "V5r": 0.061902599974920515,
  "K5p": 0.06806693779672358,
  "k_drain": 0.06652403814382497
}