{
  "k1": 1.1949079419225177e-05,
  "Ki": 4.416075515886181,
  "V2f": 0.7379470823214864,
  "K2s": 0.12655432066528965,
  "V2r": 0.24462462762633438,
  "K2p": 0.1116931367340704,
  "V3f": 0.3026642942624028,
  "K3s": 0.08437813887422026,
  "V3r": 0.18476676166643424,
  "K3p": 0.11456550621255722,
  "V4f": 0.3855576381893569,
  "K4s": 0.06906301819006622,
  "V4r": 0.06389984706684802,
  "K4p": 0.10181489921054353,
  "V5f": 0.21987513051030153,
  "K5s": 0.09754232610091501,
  "V5r": 0.05845924217839288,
  "K5p": 0.0837844516025474,
  "k_drain": 0.07001123470334751
}