{
  "k1": 2.0438099697941743e-14,
  "Ki": 2.5071717157324932e-08,
  "V2f": 1.257074459328245e-06,
  "K2s": 1.0429886079605475e-07,
  "V2r": 1.320316509068048e-08,
  "K2p": 5.440360423328219e-05,
  "V3f": 0.00010531120309534307,
  "K3s": 8.905788797094151e-08,
  "V3r": 2.5974349914626793e-07,
  "K3p": 4.7206369692674374e-07,
  "V4f": 0.000355574440161487,
  "K4s": 3.076403510881184e-06,
  "V4r": 1.0949106639555564e-05,
  "K4p": 6.915550031176394e-06,
  "V5f": 0.00026001662101704894,
  "K5s": 3.0674830563003564e-08,
  "V5r": 2.627527987798066e-10,
  "K5p": 9.013275013802969e-09,
  "k_drain": 2.9135614445734654e-08
}