{
  "k1": 1.1109249268240106e-05,
  "Ki": 5.579972206467953,
  "V2f": 0.9483291866714353,
  "K2s": 0.15708687615166603,
  "V2r": 0.3222109543502064,
  "K2p": 0.1329661623511753,
  "V3f": 0.3231837160678458,
  "K3s": 0.05198695324810385,
  "V3r": 0.24009141345895701,
  "K3p": 0.0845254853965824,
  "V4f": 0.4577301546726961,
  "K4s": 0.08979679877980007,
  "V4r": 0.07368943014349662,
  "K4p": 0.09196849426141133,
  "V5f": 0.22522470060404007,
  "K5s": 0.08666173392400917,
  "V5r": 0.04816667008800232,
  "K5p": 0.06633430764253932,
  "k_drain": 0.052103343354189625
}