{
  "k1": 1.1991126555953625e-05,
  "Ki": 4.584012846879061,
  "V2f": 0.6915337026217043,
  "K2s": 0.11763509440510905,
  "V2r": 0.22505516758222863,
  "K2p": 0.10294024247968375,
  "V3f": 0.31782324305511206,
  "K3s": 0.0977811375784484,
  "V3r": 0.20493078878511387,
  "K3p": 0.11539354638860747,
  "V4f": 0.3522394379575163,
  "K4s": 0.06085144784399354,
  "V4r": 0.05661825939338731,
  "K4p": 0.08345379062473093,
  "V5f": 0.19255165461219986,
  "K5s": 0.08277168739404729,
  "V5r": 0.06316527686114388,
  "K5p": 0.0822215024555635,
  "k_drain": 0.0828104910544891
}