{
  "k1": 7.299134590504227e-14,
  "Ki": 1.457014466925977e-07,
  "V2f": 4.954083286558352e-06,
  "K2s": 8.290085436095716e-08,
  "V2r": 2.0628703828438635e-09,
  "K2p": 2.8566701591114558e-05,
  "V3f": 0.0001703872002256673,
  "K3s": 5.774634084035908e-07,
  "V3r": 2.948135830666797e-06,
  "K3p": 1.6081690602298025e-06,
  "V4f": 0.0003141179901074678,
  "K4s": 7.464515911844114e-07,
  "V4r": 1.1378089150539964e-06,
  "K4p": 1.1231830980942781e-05,
  "V5f": 0.0025594121621470363,
  "K5s": 1.2948565455707143e-07,
  "V5r": 9.179204701529147e-10,
  "K5p": 1.36525335083838e-07,
  "k_drain": 3.190662651635482e-08
}