{
  "k1": 1.2556380143398154e-05,
  "Ki": 5.770571277188171,
  "V2f": 0.9288685004239009,
  "K2s": 0.1641244702482042,
  "V2r": 0.31193766663251454,
  "K2p": 0.13708899385887155,
  "V3f": 0.3238366873775483,
  "K3s": 0.04879944708866934,
  "V3r": 0.24167746523160807,
  "K3p": 0.08800262130677108,
  "V4f": 0.46076360481288486,
  "K4s": 0.0921438509210406,
  "V4r": 0.07833105256449199,
  "K4p": 0.09191969506348639,
  "V5f": 0.22488181496970205,
  "K5s": 0.08478471125226508,
  "V5r": 0.048165011281895875,
  "K5p": 0.06681865272548813,
  "k_drain": 0.05388522672537432
}