{
  "k1": 1.2783640776963682e-05,
  "Ki": 4.778038705578902,
  "V2f": 0.45843093420287667,
  "K2s": 0.10546699481634514,
  "V2r": 0.31342493979569225,
  "K2p": 0.11085125043495252,
  "V3f": 0.3261012022029775,
  "K3s": 0.11268118337842693,
  "V3r": 0.21767531620970176,
  "K3p": 0.10299529234104199,
  "V4f": 0.343091277190955,
  "K4s": 0.08725901289244377,
  "V4r": 0.07458705727818139,
  "K4p": 0.08893371887678617,
  "V5f": 0.23275837638733562,
  "K5s": 0.09291002128489473,
  "V5r": 0.07832924327878153,
  "K5p": 0.06656376865866706,
  "k_drain": 0.09759319041151786
}