{
  "k1": 2.2745853778943754e-08,
  "Ki": 5.435240889277682e-06,
  "V2f": 7.979756748082165e-05,
  "K2s": 3.4022011543649238e-06,
  "V2r": 3.1044129024024e-06,
  "K2p": 4.3706567313444084e-05,
  "V3f": 0.017793803843447645,
  "K3s": 9.351760485649069e-05,
  "V3r": 5.706474593524933e-05,
  "K3p": 0.00017264900450348535,
  "V4f": 0.0386491950305047,
  "K4s": 8.077762663113186e-05,
  "V4r": 9.859294122062112e-06,
  "K4p": 0.00025805963339258175,
  "V5f": 0.0005800592776374086,
  "K5s": 0.003849929672327464,
  "V5r": 3.2448073446300733e-06,
  "K5p": 0.004568222536785595,
  "k_drain": 1.2933248961915062e-05
}