{
  "k1": 2.124299311566281e-05,
  "Ki": 1.0631478409959108,
  "V2f": 0.008869962310856332,
  "K2s": 0.02613652656283761,
  "V2r": 0.005115100858310133,
  "K2p": 0.09381220729440062,
  "V3f": 0.02871716995993697,
  "K3s": 0.386086879493331,
  "V3r": 0.014675589470885462,
  "K3p": 0.14094006361473918,
  "V4f": 0.42314028438934204,
  "K4s": 0.0012113646529116028,
  "V4r": 0.004406472574063933,
  "K4p": 0.1354016000612856,
  "V5f": 0.36998773868096996,
  "K5s": 0.13773308284892333,
  "V5r": 0.04107142017758705,
  "K5p": 0.24032425406515734,
  "k_drain": 0.2455723032321828
}