{
  "k1": 9.87896577664577e-06,
  "Ki": 5.498800646008043,
  "V2f": 0.5025938798656618,
  "K2s": 0.09934695555951109,
  "V2r": 0.30947229192430437,
  "K2p": 0.09538943437545964,
  "V3f": 0.36376995046397065,
  "K3s": 0.10250113687281817,
  "V3r": 0.18889101467819608,
  "K3p": 0.10636127130323299,
  "V4f": 0.2892330712391687,
  "K4s": 0.09905009419022444,
  "V4r": 0.10675062002721832,
  "K4p": 0.09408331353077969,
  "V5f": 0.20403935794094927,
  "K5s": 0.10187434578238654,
  "V5r": 0.09687179803242972,
  "K5p": 0.10161240425206401,
  "k_drain": 0.10561018816030936
}