{
  "k1": 1.4589669142288847e-05,
  "Ki": 5.806499267086788,
  "V2f": 0.890436379595478,
  "K2s": 0.16834081444797078,
  "V2r": 0.25182332666690177,
  "K2p": 0.13488606985900808,
  "V3f": 0.3603062145325516,
  "K3s": 0.03867234134464737,
  "V3r": 0.2843444183175599,
  "K3p": 0.11664163886664565,
  "V4f": 0.4016810273825515,
  "K4s": 0.11164063366434727,
  "V4r": 0.061953946923160766,
  "K4p": 0.09193115241753294,
  "V5f": 0.19728649748323945,
  "K5s": 0.08087688368638717,
  "V5r": 0.04653784249912239,
  "K5p": 0.0669492883754494,
  "k_drain": 0.04813330950842938
}