{
  "k1": 1.1872566264021694e-13,
  "Ki": 9.928433958529438e-08,
  "V2f": 7.590498891012261e-06,
  "K2s": 7.9245275394864e-08,
  "V2r": 2.439164324692858e-09,
  "K2p": 2.613488286914726e-05,
  "V3f": 0.00017777479204174681,
  "K3s": 1.2879920295140296e-06,
  "V3r": 1.5284119778295978e-06,
  "K3p": 1.6656714454151445e-06,
  "V4f": 0.00041186953387631656,
  "K4s": 1.2684780249832798e-06,
  "V4r": 2.3815983302675424e-06,
  "K4p": 2.6732656908459948e-05,
  "V5f": 0.002639757884394337,
  "K5s": 7.47826270006818e-08,
  "V5r": 1.6365227805040816e-09,
  "K5p": 2.164931616675393e-07,
  "k_drain": 3.591178993697566e-08
}