{
  "k1": 1.1664015203120894e-05,
  "Ki": 4.900302161315218,
  "V2f": 0.7040192645768772,
  "K2s": 0.11606265216932848,
  "V2r": 0.22914528232515707,
  "K2p": 0.09983407969347095,
  "V3f": 0.31964790283436184,
  "K3s": 0.09399144581261414,
  "V3r": 0.2036144091576047,
  "K3p": 0.11271118008480202,
  "V4f": 0.34617146674877386,
  "K4s": 0.06389357721949797,
  "V4r": 0.05749363458543246,
  "K4p": 0.0792600740529874,
  "V5f": 0.18437249792612107,
  "K5s": 0.0815142145337393,
  "V5r": 0.06338625996411769,
  "K5p": 0.08026415652296948,
  "k_drain": 0.08786400358015271
}