{
  "k1": 4.576056461642116e-13,
  "Ki": 2.1962669432362134e-07,
  "V2f": 3.237308851635576e-05,
  "K2s": 5.129870371772251e-07,
  "V2r": 2.4281929691552628e-09,
  "K2p": 1.3490725486636301e-05,
  "V3f": 0.00040462468610581655,
  "K3s": 2.4551966105425708e-06,
  "V3r": 1.4131997893224903e-06,
  "K3p": 1.779903427400625e-05,
  "V4f": 0.0002909913466005568,
  "K4s": 1.3320408465206886e-06,
  "V4r": 2.472570031016329e-06,
  "K4p": 3.4117825491812085e-05,
  "V5f": 0.001986979232101013,
  "K5s": 1.2130891851179159e-07,
  "V5r": 1.3131685469217834e-08,
  "K5p": 5.970197520092209e-07,
  "k_drain": 7.705256820433877e-08
}