{
  "k1": 1.1427785618484117e-05,
  "Ki": 5.013655844216631,
  "V2f": 0.6880929553038609,
  "K2s": 0.11844460721022831,
  "V2r": 0.24744792719550998,
  "K2p": 0.10253567242610377,
  "V3f": 0.3596910135930694,
  "K3s": 0.09980546371951171,
  "V3r": 0.20159566902400883,
  "K3p": 0.10663282445963995,
  "V4f": 0.32798095286701495,
  "K4s": 0.0674148461156133,
  "V4r": 0.06004491674389599,
  "K4p": 0.08470724489858614,
  "V5f": 0.19152997163981283,
  "K5s": 0.07852513256938795,
  "V5r": 0.06491278550399533,
  "K5p": 0.07882386428928394,
  "k_drain": 0.09008794938705177
}