{
  "k1": 1.3131523867529285e-05,
  "Ki": 4.491775948785764,
  "V2f": 1.045841370685988,
  "K2s": 0.13867503962688624,
  "V2r": 0.2622717801641989,
  "K2p": 0.10541507303740136,
  "V3f": 0.32556299786352566,
  "K3s": 0.0612783813222439,
  "V3r": 0.23512027264734447,
  "K3p": 0.0802215172060528,
  "V4f": 0.46108363059812557,
  "K4s": 0.07594375630573766,
  "V4r": 0.0858459331496406,
  "K4p": 0.11645983361908371,
  "V5f": 0.23484996323294108,
  "K5s": 0.09219073590968677,
  "V5r": 0.05295640142559266,
  "K5p": 0.06473172271855279,
  "k_drain": 0.05603560940938437
}