{
  "k1": 4.522927125816373e-06,
  "Ki": 0.000942898808928592,
  "V2f": 0.0003508060561164794,
  "K2s": 0.0007667496398301457,
  "V2r": 5.497794577220814e-05,
  "K2p": 0.019289984541104626,
  "V3f": 0.009552542246785561,
  "K3s": 0.005243579582832349,
  "V3r": 0.00018387905475566291,
  "K3p": 0.007500026470672588,
  "V4f": 0.11245529327631039,
  "K4s": 0.002255406273049049,
  "V4r": 0.0008221791562991905,
  "K4p": 0.1344630907350607,
  "V5f": 0.004156286652435201,
  "K5s": 0.004630316245079828,
  "V5r": 0.0026982573119645422,
  "K5p": 0.17566856967987557,
  "k_drain": 0.009765312915594198
}