{
  "k1": 1.2367253587213997e-05,
  "Ki": 4.636285904609673,
  "V2f": 0.5098235331649215,
  "K2s": 0.10800880031859696,
  "V2r": 0.3302486163462408,
  "K2p": 0.09743661611083348,
  "V3f": 0.2747976868746627,
  "K3s": 0.11345966313426203,
  "V3r": 0.19298988736693717,
  "K3p": 0.0945849654222993,
  "V4f": 0.2916970190572993,
  "K4s": 0.11393701353560627,
  "V4r": 0.10724929411896486,
  "K4p": 0.07820938940184974,
  "V5f": 0.22201015464025006,
  "K5s": 0.09559986893281698,
  "V5r": 0.08643630299732476,
  "K5p": 0.08902484428473866,
  "k_drain": 0.10612873662563717
}