{
  "k1": 8.476884003874225e-06,
  "Ki": 0.0005966802196541457,
  "V2f": 0.0003032694676278072,
  "K2s": 0.00013495844211181332,
  "V2r": 1.9342438488064474e-05,
  "K2p": 0.029094035220778625,
  "V3f": 0.00450455298802546,
  "K3s": 0.0018979193378857874,
  "V3r": 8.074586034713651e-05,
  "K3p": 0.014960970722843114,
  "V4f": 0.10645703033290616,
  "K4s": 0.0015414101039361468,
  "V4r": 0.0004703259787162173,
  "K4p": 0.13455402146737788,
  "V5f": 0.007614455942038171,
  "K5s": 0.0037696862314906313,
  "V5r": 0.0014453363461457835,
  "K5p": 0.20039105677520064,
  "k_drain": 0.003277127337513847
}