{
  "k1": 1.2500144334573052e-05,
  "Ki": 4.615780904377365,
  "V2f": 0.4803186645681897,
  "K2s": 0.10989950579306522,
  "V2r": 0.2982851457509921,
  "K2p": 0.10609612139625428,
  "V3f": 0.30504244788330653,
  "K3s": 0.11187894044139977,
  "V3r": 0.19762297943177407,
  "K3p": 0.0990849325962387,
  "V4f": 0.27777900163342395,
  "K4s": 0.11162199498738616,
  "V4r": 0.10506587373697429,
  "K4p": 0.08422269173828534,
  "V5f": 0.21779108652843437,
  "K5s": 0.08850744150660499,
  "V5r": 0.0759102775388104,
  "K5p": 0.0843757659581653,
  "k_drain": 0.0991813876400221
}