{
  "k1": 1.2788767999310238e-05,
  "Ki": 4.3262721666714805,
  "V2f": 1.0580211079076496,
  "K2s": 0.13323250070356715,
  "V2r": 0.275995264855096,
  "K2p": 0.11086933608005552,
  "V3f": 0.3164388862506216,
  "K3s": 0.06044098974428279,
  "V3r": 0.23429985649048451,
  "K3p": 0.08182445480767934,
  "V4f": 0.45705675043095334,
  "K4s": 0.07448927993295319,
  "V4r": 0.0871988174185029,
  "K4p": 0.10779598271010005,
  "V5f": 0.22720900848633696,
  "K5s": 0.09902037637033537,
  "V5r": 0.04619161149161072,
  "K5p": 0.06346289844022235,
  "k_drain": 0.05222080737895743
}