{
  "k1": 1.1879882170371831e-05,
  "Ki": 4.757946930826145,
  "V2f": 0.5659100786510377,
  "K2s": 0.1007687544617449,
  "V2r": 0.33227459135510073,
  "K2p": 0.10387615333735084,
  "V3f": 0.30431260562791546,
  "K3s": 0.11974158919252842,
  "V3r": 0.17495017927227685,
  "K3p": 0.08901990464200439,
  "V4f": 0.28182242647591227,
  "K4s": 0.11168447633314285,
  "V4r": 0.11150905201716367,
  "K4p": 0.08986320415545455,
  "V5f": 0.20528094110100842,
  "K5s": 0.10464447482816835,
  "V5r": 0.09325136650748224,
  "K5p": 0.09497855856382849,
  "k_drain": 0.101093002261816
}