{
  "k1": 1.4012585311334142e-05,
  "Ki": 0.0028194911221055413,
  "V2f": 0.0005627444560787932,
  "K2s": 0.0017492263320775007,
  "V2r": 9.170412595453778e-05,
  "K2p": 0.0075433647153063665,
  "V3f": 0.009892820770891167,
  "K3s": 0.0027449046516814647,
  "V3r": 0.0006565706847053053,
  "K3p": 0.020292447951116396,
  "V4f": 0.20631041065076342,
  "K4s": 0.003948249569458278,
  "V4r": 0.000534583015818484,
  "K4p": 0.04824901179121774,
  "V5f": 0.003002991413952109,
  "K5s": 0.004366490410933054,
  "V5r": 0.0069689205157396706,
  "K5p": 0.333559492130328,
  "k_drain": 0.02366843235594615
}