{
  "k1": 1.2232759034712866e-05,
  "Ki": 4.9074258475691765,
  "V2f": 0.480966462090912,
  "K2s": 0.10881902113374259,
  "V2r": 0.28543497194053763,
  "K2p": 0.11515719042926004,
  "V3f": 0.3187373890577877,
  "K3s": 0.1122706598143131,
  "V3r": 0.2159147354382318,
  "K3p": 0.0964840414754073,
  "V4f": 0.34579043231090983,
  "K4s": 0.08969768537770352,
  "V4r": 0.07623401493488766,
  "K4p": 0.0854284217178015,
  "V5f": 0.2507137143704668,
  "K5s": 0.0919103106460861,
  "V5r": 0.07574952292335359,
  "K5p": 0.061250211950132846,
  "k_drain": 0.09367988238556116
}