{
  "k1": 8.882843315682349e-09,
  "Ki": 3.758217074233621e-06,
  "V2f": 5.7998470344779864e-05,
  "K2s": 4.358595233189785e-06,
  "V2r": 2.7387646148393547e-06,
  "K2p": 3.380015346726635e-05,
  "V3f": 0.016858224034779854,
  "K3s": 7.032232887070376e-05,
  "V3r": 7.7737445678382e-05,
  "K3p": 0.00013468785704679625,
  "V4f": 0.018565643299411187,
  "K4s": 0.00010804132949743857,
  "V4r": 4.091012865019173e-06,
  "K4p": 0.00031303150481173226,
  "V5f": 0.0003504023006947978,
  "K5s": 0.01030119924996763,
  "V5r": 4.2283494318585425e-06,
  "K5p": 0.0024077306624316693,
  "k_drain": 9.598775894503181e-06
}