{
  "k1": 1.503563043451654e-09,
  "Ki": 1.822071143576065e-07,
  "V2f": 2.471063247653793e-05,
  "K2s": 3.4154067317916348e-06,
  "V2r": 1.1848136225519013e-08,
  "K2p": 2.1809180217313716e-06,
  "V3f": 0.000383407617770685,
  "K3s": 9.169622984014898e-07,
  "V3r": 9.383184719307033e-06,
  "K3p": 8.948572946259359e-05,
  "V4f": 0.0018246012639226183,
  "K4s": 1.8510288443779364e-05,
  "V4r": 5.788522176084292e-06,
  "K4p": 0.00011862903225649762,
  "V5f": 0.00024177650710958777,
  "K5s": 9.113894357870408e-07,
  "V5r": 6.25299173943687e-08,
  "K5p": 1.1998720435268035e-05,
  "k_drain": 4.000139600552119e-07
}