{
  "k1": 1.1182001607841045e-05,
  "Ki": 4.893388172678747,
  "V2f": 0.6940235522646081,
  "K2s": 0.11481559863603182,
  "V2r": 0.23957486225280797,
  "K2p": 0.09621303372070394,
  "V3f": 0.34448407844959045,
  "K3s": 0.0956789042420146,
  "V3r": 0.21510996685067363,
  "K3p": 0.10955433120773177,
  "V4f": 0.30196565570642453,
  "K4s": 0.06465560130280931,
  "V4r": 0.0687620511380791,
  "K4p": 0.09368547741875534,
  "V5f": 0.20447061360949073,
  "K5s": 0.08267797249727984,
  "V5r": 0.0790184296240898,
  "K5p": 0.07409983536370542,
  "k_drain": 0.09508460510571089
}