{
  "k1": 1.4274988274800722e-05,
  "Ki": 5.78367327925437,
  "V2f": 0.865664317613014,
  "K2s": 0.16598284836656954,
  "V2r": 0.260171239738054,
  "K2p": 0.1355639824379323,
  "V3f": 0.3471009185137253,
  "K3s": 0.03690821684055974,
  "V3r": 0.2931559419974708,
  "K3p": 0.12056758055594945,
  "V4f": 0.41864616402759136,
  "K4s": 0.10661350397886116,
  "V4r": 0.06312492180718288,
  "K4p": 0.09520573703091964,
  "V5f": 0.1951670309331907,
  "K5s": 0.07883606110597005,
  "V5r": 0.04871670328291917,
  "K5p": 0.06149955427498614,
  "k_drain": 0.0510691045175024
}