{
  "k1": 1.0418349171655762e-05,
  "Ki": 4.313606210846958,
  "V2f": 0.996334347833799,
  "K2s": 0.13691998284272172,
  "V2r": 0.28776302091407374,
  "K2p": 0.11955310305087503,
  "V3f": 0.30458803120043754,
  "K3s": 0.05820450593325045,
  "V3r": 0.21786195550815404,
  "K3p": 0.0823932444660811,
  "V4f": 0.4362491331709367,
  "K4s": 0.083578894449436,
  "V4r": 0.085341615358095,
  "K4p": 0.10603772367427823,
  "V5f": 0.22155022617130657,
  "K5s": 0.09962125474799266,
  "V5r": 0.049159555819366214,
  "K5p": 0.06314766504794667,
  "k_drain": 0.05194821017537965
}