{
  "k1": 1.3795352448950356e-05,
  "Ki": 4.213692352152345,
  "V2f": 1.096027852568451,
  "K2s": 0.14030695608951158,
  "V2r": 0.26873397463365534,
  "K2p": 0.10110163849124493,
  "V3f": 0.32259888474768245,
  "K3s": 0.06796791031013646,
  "V3r": 0.23791189804192087,
  "K3p": 0.07913467674551107,
  "V4f": 0.461160735036014,
  "K4s": 0.07217633942802847,
  "V4r": 0.08119257675274372,
  "K4p": 0.11388667540787341,
  "V5f": 0.23113334140955302,
  "K5s": 0.09208091150564271,
  "V5r": 0.0540773630350624,
  "K5p": 0.06346175994502683,
  "k_drain": 0.05513157507564106
}