{
  "k1": 1.2160598625159883e-05,
  "Ki": 4.4366731527491226,
  "V2f": 0.4796566255855855,
  "K2s": 0.11170531284446313,
  "V2r": 0.310610601654379,
  "K2p": 0.10719289812660641,
  "V3f": 0.3178205408010973,
  "K3s": 0.11561169289467617,
  "V3r": 0.23326456652781652,
  "K3p": 0.11662704460054686,
  "V4f": 0.30020699251587357,
  "K4s": 0.09396549682620202,
  "V4r": 0.07676663065301301,
  "K4p": 0.09425340842900107,
  "V5f": 0.24940447648466874,
  "K5s": 0.10042337855641471,
  "V5r": 0.07553450419485257,
  "K5p": 0.06726450954376766,
  "k_drain": 0.09766120262140209
}