{
  "k1": 9.85933299412344e-09,
  "Ki": 6.005253673887512e-06,
  "V2f": 0.00010319663072563334,
  "K2s": 4.3412431129032596e-06,
  "V2r": 3.2190160141747855e-06,
  "K2p": 7.511793184292268e-05,
  "V3f": 0.007998176175444037,
  "K3s": 0.00032067796840172877,
  "V3r": 4.2039372604588746e-05,
  "K3p": 0.00015950924584099766,
  "V4f": 0.04745733855958781,
  "K4s": 0.00030952194441517973,
  "V4r": 1.68983365060573e-05,
  "K4p": 0.00014779231623364658,
  "V5f": 0.0008099454048091963,
  "K5s": 0.004384974571216129,
  "V5r": 8.920105387882943e-06,
  "K5p": 0.006087747456203586,
  "k_drain": 5.387770558996e-05
}