{
  "k1": 1.1499535896842916e-05,
  "Ki": 5.056411446366682,
  "V2f": 0.5240525996134865,
  "K2s": 0.10836477305500118,
  "V2r": 0.2918455989368214,
  "K2p": 0.11033292865313507,
  "V3f": 0.3252789152196631,
  "K3s": 0.10651745369598127,
  "V3r": 0.1785865735626765,
  "K3p": 0.1057320076896983,
  "V4f": 0.2935626161411993,
  "K4s": 0.10615079583945294,
  "V4r": 0.11160333446736152,
  "K4p": 0.08861088156908005,
  "V5f": 0.20370259429813753,
  "K5s": 0.1117043054933451,
  "V5r": 0.0903295122577085,
  "K5p": 0.1009678023768188,
  "k_drain": 0.11064260020061635
}