{
  "k1": 3.931907051017015e-05,
  "Ki": 0.016861289872689925,
  "V2f": 0.0013661191757261945,
  "K2s": 0.0027157113422843484,
  "V2r": 7.991495759544449e-05,
  "K2p": 0.041173599513488035,
  "V3f": 0.031249226758584145,
  "K3s": 0.006081550934395916,
  "V3r": 0.004307505657389912,
  "K3p": 0.08772470408321331,
  "V4f": 0.0840034594545331,
  "K4s": 0.002985105383392446,
  "V4r": 0.00013087761365773856,
  "K4p": 0.05307787594509665,
  "V5f": 0.005377587548860585,
  "K5s": 0.01013425143679625,
  "V5r": 0.03559942751496386,
  "K5p": 0.1691210408481295,
  "k_drain": 0.059938905781944135
}