{
  "k1": 1.216477892439164e-05,
  "Ki": 4.7157184729520445,
  "V2f": 0.6984006619912041,
  "K2s": 0.12373491371022965,
  "V2r": 0.22868138360895904,
  "K2p": 0.10291880392279826,
  "V3f": 0.3383071858079424,
  "K3s": 0.09883400599585221,
  "V3r": 0.20057017192193527,
  "K3p": 0.11192951907094949,
  "V4f": 0.3548621474420612,
  "K4s": 0.06416984923894793,
  "V4r": 0.05439123259519735,
  "K4p": 0.08694181321913196,
  "V5f": 0.19972005063344814,
  "K5s": 0.08716033162211345,
  "V5r": 0.06133285473994635,
  "K5p": 0.08080149402381817,
  "k_drain": 0.07623365605716224
}