{
  "k1": 3.192191094992458e-14,
  "Ki": 2.5533178693773447e-07,
  "V2f": 2.682477534151325e-06,
  "K2s": 7.401776721124166e-08,
  "V2r": 3.770892114215511e-09,
  "K2p": 5.9163830019503414e-05,
  "V3f": 0.00019320430872916627,
  "K3s": 4.821796983043287e-07,
  "V3r": 1.4658513610084581e-06,
  "K3p": 1.3727953043164334e-06,
  "V4f": 0.0004719995169486566,
  "K4s": 7.715289521920086e-07,
  "V4r": 1.7773893111278247e-06,
  "K4p": 6.977659540074099e-06,
  "V5f": 0.0018694169418128888,
  "K5s": 1.8719016830222964e-07,
  "V5r": 4.2123126261434866e-10,
  "K5p": 1.3187643661721666e-07,
  "k_drain": 3.909770652693124e-08
}