{
  "k1": 1.3117670289234529e-05,
  "Ki": 4.62308566717023,
  "V2f": 0.8962981593203689,
  "K2s": 0.14064431541429792,
  "V2r": 0.24850035894138156,
  "K2p": 0.10736837100933254,
  "V3f": 0.29702649253977403,
  "K3s": 0.07539049453419802,
  "V3r": 0.2109573522692928,
  "K3p": 0.09557123326317692,
  "V4f": 0.4797875970118677,
  "K4s": 0.07916680788076076,
  "V4r": 0.09027421228093245,
  "K4p": 0.09980901003220527,
  "V5f": 0.2366266182346443,
  "K5s": 0.09531100944134446,
  "V5r": 0.058576891288116634,
  "K5p": 0.06774628197233301,
  "k_drain": 0.0661005769254825
}