{
  "k1": 8.354176271076295e-09,
  "Ki": 5.221760030243324e-07,
  "V2f": 8.828631282098086e-05,
  "K2s": 1.074347067257397e-05,
  "V2r": 1.9845098337379667e-07,
  "K2p": 2.452321086645997e-05,
  "V3f": 0.002111494096356958,
  "K3s": 0.00015670776866435397,
  "V3r": 8.537127657165821e-05,
  "K3p": 0.0001335692330844313,
  "V4f": 0.016436941344290655,
  "K4s": 6.479698858999092e-05,
  "V4r": 2.960454851532709e-06,
  "K4p": 0.001185660830575643,
  "V5f": 0.00036937366313290155,
  "K5s": 0.0014149454584494073,
  "V5r": 2.1434814465782924e-06,
  "K5p": 0.000616940885416902,
  "k_drain": 7.767295779622051e-07
}