{
  "k1": 1.210004477640251e-05,
  "Ki": 5.580244746684889,
  "V2f": 0.4464745027368994,
  "K2s": 0.10789050033265693,
  "V2r": 0.27023947173124,
  "K2p": 0.11276598659593434,
  "V3f": 0.3145537486802636,
  "K3s": 0.11692330683962002,
  "V3r": 0.1967696671745913,
  "K3p": 0.0935403342279556,
  "V4f": 0.34635521698418165,
  "K4s": 0.08449869511072289,
  "V4r": 0.07779207987528979,
  "K4p": 0.08073511969440542,
  "V5f": 0.2371237894122805,
  "K5s": 0.08442780167297335,
  "V5r": 0.07114264532278994,
  "K5p": 0.0628893799545176,
  "k_drain": 0.09140589950041474
}