{
  "k1": 1.3551087975737255e-05,
  "Ki": 5.7581135764736295,
  "V2f": 0.853786284922547,
  "K2s": 0.17781138950694364,
  "V2r": 0.22640387124155506,
  "K2p": 0.12998662501740627,
  "V3f": 0.353855217815232,
  "K3s": 0.036909194367710806,
  "V3r": 0.29904112029508834,
  "K3p": 0.11053490743991116,
  "V4f": 0.37099150508251466,
  "K4s": 0.10886653310397273,
  "V4r": 0.06990155223216359,
  "K4p": 0.09767956412105953,
  "V5f": 0.19088528162165194,
  "K5s": 0.08547544168261877,
  "V5r": 0.04941001373330157,
  "K5p": 0.06155386084792889,
  "k_drain": 0.05270889684577361
}