{
  "k1": 1.4447662359788329e-05,
  "Ki": 6.009108858743443,
  "V2f": 0.899322352363183,
  "K2s": 0.17613446633569174,
  "V2r": 0.25599883493076947,
  "K2p": 0.1376558576787636,
  "V3f": 0.3496997134646086,
  "K3s": 0.03722642818142733,
  "V3r": 0.2835021757168701,
  "K3p": 0.11934363791412925,
  "V4f": 0.40086749883583356,
  "K4s": 0.10583768333678029,
  "V4r": 0.06478013937842267,
  "K4p": 0.09796040387270669,
  "V5f": 0.202795864576696,
  "K5s": 0.08008942264205796,
  "V5r": 0.048515684664188485,
  "K5p": 0.06436206439017776,
  "k_drain": 0.050442667535181035
}