{
  "k1": 4.759819092215603e-06,
  "Ki": 0.0012054240750349078,
  "V2f": 0.0003851786340317834,
  "K2s": 0.00018587296337720986,
  "V2r": 1.4216468653666228e-05,
  "K2p": 0.016266671867883952,
  "V3f": 0.01890854195071993,
  "K3s": 0.002923351223924776,
  "V3r": 9.382510606299974e-05,
  "K3p": 0.013556301339811177,
  "V4f": 0.16369030913413427,
  "K4s": 0.0014516961666976931,
  "V4r": 0.0005451039605403658,
  "K4p": 0.1305607961477098,
  "V5f": 0.0057036678858654495,
  "K5s": 0.0020663738894936366,
  "V5r": 0.0020004352831706883,
  "K5p": 0.48509197562974354,
  "k_drain": 0.0026264810899195366
}