{
  "k1": 1.2803937460979618e-05,
  "Ki": 4.4369923209167474,
  "V2f": 0.4971638784892485,
  "K2s": 0.11391794542678804,
  "V2r": 0.29674207680915454,
  "K2p": 0.10301386384756436,
  "V3f": 0.3114075093534631,
  "K3s": 0.10682575666145737,
  "V3r": 0.19166911298071826,
  "K3p": 0.09628222062532782,
  "V4f": 0.27961585132657374,
  "K4s": 0.11116960239672688,
  "V4r": 0.10752405208064143,
  "K4p": 0.08495159955032851,
  "V5f": 0.22666077655214104,
  "K5s": 0.08909188012715129,
  "V5r": 0.08230181807282215,
  "K5p": 0.0875366337888945,
  "k_drain": 0.10246582443447304
}