{
  "k1": 4.808119770638488e-09,
  "Ki": 5.012913204131192e-07,
  "V2f": 3.308087000708234e-05,
  "K2s": 1.1710837167902507e-05,
  "V2r": 1.9385060910061467e-08,
  "K2p": 2.315936168662671e-06,
  "V3f": 0.001042388997725884,
  "K3s": 8.978064625877787e-07,
  "V3r": 6.1198807850888475e-06,
  "K3p": 3.896259213761364e-05,
  "V4f": 0.0025354619028968585,
  "K4s": 9.933357757040209e-06,
  "V4r": 4.235391674169675e-06,
  "K4p": 7.103120204621989e-05,
  "V5f": 0.00022072187415230328,
  "K5s": 1.9205353035983453e-06,
  "V5r": 1.2844809520211833e-07,
  "K5p": 9.599435618818716e-06,
  "k_drain": 4.4469103856212447e-07
}