{
  "k1": 1.1641236662629053e-05,
  "Ki": 5.062139962926482,
  "V2f": 0.6857714987231921,
  "K2s": 0.11217981707473758,
  "V2r": 0.2506269050988691,
  "K2p": 0.09838668411337069,
  "V3f": 0.33633987138360105,
  "K3s": 0.10107611789092667,
  "V3r": 0.20897601834524804,
  "K3p": 0.10588298034049892,
  "V4f": 0.31914550295138244,
  "K4s": 0.06469521967068621,
  "V4r": 0.06663422773372822,
  "K4p": 0.08646550753570337,
  "V5f": 0.21374216585484387,
  "K5s": 0.08039616823046629,
  "V5r": 0.08132424323134471,
  "K5p": 0.0726486823964605,
  "k_drain": 0.10043015746985796
}