{
  "k1": 1.2406957151297766e-05,
  "Ki": 5.00863638073781,
  "V2f": 0.562390746638672,
  "K2s": 0.1256882510041014,
  "V2r": 0.27502608450418004,
  "K2p": 0.11576312061793774,
  "V3f": 0.33397047385793693,
  "K3s": 0.10497985987751642,
  "V3r": 0.20793099302517887,
  "K3p": 0.09384419880077419,
  "V4f": 0.2730988772836886,
  "K4s": 0.07366397212462933,
  "V4r": 0.06582790826500635,
  "K4p": 0.07501598265231366,
  "V5f": 0.23894844149095906,
  "K5s": 0.08586256926016328,
  "V5r": 0.07476779614118999,
  "K5p": 0.07387800502792384,
  "k_drain": 0.09362347235295256
}