{
  "k1": 4.673333561059065e-10,
  "Ki": 8.710011294370605e-07,
  "V2f": 3.529955759104288e-05,
  "K2s": 5.8590879784988225e-06,
  "V2r": 6.938412137037537e-08,
  "K2p": 2.4289259817774537e-06,
  "V3f": 0.0013916938889300319,
  "K3s": 1.9506905720980092e-06,
  "V3r": 1.6729862649227376e-05,
  "K3p": 2.407314317561689e-05,
  "V4f": 0.011858835053048997,
  "K4s": 7.619690701892968e-05,
  "V4r": 3.767563850789417e-05,
  "K4p": 0.0009034409299050291,
  "V5f": 0.0017815635321573216,
  "K5s": 3.2256239114612934e-05,
  "V5r": 3.9374892454354586e-07,
  "K5p": 1.3734571712921178e-05,
  "k_drain": 3.3499630996791045e-07
}