{
  "k1": 2.960908615702866e-14,
  "Ki": 6.571915466555248e-08,
  "V2f": 1.3338412530492218e-06,
  "K2s": 3.034717149639837e-08,
  "V2r": 1.6105214602004206e-08,
  "K2p": 2.2649936816767535e-05,
  "V3f": 0.00011198565250581069,
  "K3s": 1.6221184597430461e-07,
  "V3r": 6.484288720104078e-07,
  "K3p": 8.503641908908176e-07,
  "V4f": 0.0007150329648043978,
  "K4s": 1.7074743320344402e-06,
  "V4r": 5.942692986961861e-06,
  "K4p": 5.303135399849804e-06,
  "V5f": 0.00039102625576444195,
  "K5s": 9.453127911142257e-08,
  "V5r": 1.4815125432888056e-10,
  "K5p": 2.533332683044288e-08,
  "k_drain": 2.447096360430689e-08
}