{
  "k1": 1.3507650567973289e-05,
  "Ki": 4.686911559294192,
  "V2f": 0.7170234449375719,
  "K2s": 0.12494638836666119,
  "V2r": 0.25203375872368505,
  "K2p": 0.10470991061744528,
  "V3f": 0.29636538977919813,
  "K3s": 0.09003383877093134,
  "V3r": 0.19716897534618527,
  "K3p": 0.11960965969822188,
  "V4f": 0.36137964770762226,
  "K4s": 0.06637320847410601,
  "V4r": 0.059958275542889426,
  "K4p": 0.10097554323557457,
  "V5f": 0.21752862851961607,
  "K5s": 0.09970076148145295,
  "V5r": 0.06187574808454942,
  "K5p": 0.08195351911790467,
  "k_drain": 0.0695680801100375
}