{
  "k1": 1.1011528586539228e-05,
  "Ki": 4.764553892221629,
  "V2f": 1.0437145363528781,
  "K2s": 0.147274707947584,
  "V2r": 0.2706248693798224,
  "K2p": 0.13477990359189118,
  "V3f": 0.30477861376614795,
  "K3s": 0.05922783177997892,
  "V3r": 0.22897614787172108,
  "K3p": 0.08370422354715777,
  "V4f": 0.44064795926803096,
  "K4s": 0.08639982152139608,
  "V4r": 0.07812632621861211,
  "K4p": 0.1029934936508113,
  "V5f": 0.21703785671968343,
  "K5s": 0.09929314142793028,
  "V5r": 0.05194194622933876,
  "K5p": 0.07062368940060018,
  "k_drain": 0.051454644944006755
}