{
  "k1": 9.446586391312485e-06,
  "Ki": 5.462632462844522,
  "V2f": 0.49673125360879283,
  "K2s": 0.10049816356362866,
  "V2r": 0.3169537851447374,
  "K2p": 0.09994710792679676,
  "V3f": 0.3425060526326561,
  "K3s": 0.10135571209177835,
  "V3r": 0.18447951573806445,
  "K3p": 0.09862101520314445,
  "V4f": 0.31125308797085294,
  "K4s": 0.1056593571612413,
  "V4r": 0.10155771429988548,
  "K4p": 0.10394159229755136,
  "V5f": 0.18462888320925389,
  "K5s": 0.10294057514042278,
  "V5r": 0.09244202488477454,
  "K5p": 0.11046762051229193,
  "k_drain": 0.10760011107574609
}