{
  "k1": 2.3654715655380464e-05,
  "Ki": 0.4250399910352733,
  "V2f": 0.005778923700046657,
  "K2s": 0.009962618447766667,
  "V2r": 0.0008354431872283759,
  "K2p": 0.06552094389828526,
  "V3f": 0.04189135420333893,
  "K3s": 0.0410609317773598,
  "V3r": 0.0027284383907275143,
  "K3p": 0.12945583656023982,
  "V4f": 0.12264528573938399,
  "K4s": 0.0017542749450310652,
  "V4r": 0.0009588305888788901,
  "K4p": 0.12278817118453203,
  "V5f": 0.06841286143646308,
  "K5s": 0.03756316377195639,
  "V5r": 0.10095143098227764,
  "K5p": 0.4699688914073897,
  "k_drain": 0.07933482085280046
}