{
  "k1": 1.2689650762228965e-05,
  "Ki": 4.524748368624192,
  "V2f": 1.0251791057556385,
  "K2s": 0.13558691900739261,
  "V2r": 0.2656649146245962,
  "K2p": 0.10738086950654237,
  "V3f": 0.30930751098799114,
  "K3s": 0.06487265550435457,
  "V3r": 0.22746305080811308,
  "K3p": 0.0755300119270959,
  "V4f": 0.4557250776833741,
  "K4s": 0.07866676229768373,
  "V4r": 0.08676704043729747,
  "K4p": 0.12285204814584746,
  "V5f": 0.24157300831905107,
  "K5s": 0.09393764412878443,
  "V5r": 0.04844582924060383,
  "K5p": 0.06715598853167058,
  "k_drain": 0.054467689600100073
}