{
  "k1": 1.626593788783324e-05,
  "Ki": 5.306034817928885,
  "V2f": 0.8175210073521832,
  "K2s": 0.19788081872511168,
  "V2r": 0.2206787025436882,
  "K2p": 0.1473460563596394,
  "V3f": 0.4394822231717742,
  "K3s": 0.03750160278278175,
  "V3r": 0.2968947356290664,
  "K3p": 0.10876745947638485,
  "V4f": 0.3827758128080042,
  "K4s": 0.11132517702558503,
  "V4r": 0.054254281564225536,
  "K4p": 0.12223778663820177,
  "V5f": 0.18149029575102366,
  "K5s": 0.06433756731108513,
  "V5r": 0.06724171863855065,
  "K5p": 0.05515204558165776,
  "k_drain": 0.05504867090640855
}