{
  "k1": 1.1890859377204947e-05,
  "Ki": 4.915381614658414,
  "V2f": 0.6965199491532021,
  "K2s": 0.11386635453242235,
  "V2r": 0.2504148196403925,
  "K2p": 0.10276679753848604,
  "V3f": 0.34015201874966744,
  "K3s": 0.09905323608690914,
  "V3r": 0.20002469995453134,
  "K3p": 0.10210766293087564,
  "V4f": 0.31772565314474815,
  "K4s": 0.06473416136948495,
  "V4r": 0.06907005629624345,
  "K4p": 0.08630995732443603,
  "V5f": 0.21205096752676061,
  "K5s": 0.08036547675621168,
  "V5r": 0.08151118538639845,
  "K5p": 0.07325711755271141,
  "k_drain": 0.10305655288861486
}