{
  "k1": 3.86630128736345e-09,
  "Ki": 4.2434663475402945e-07,
  "V2f": 2.4158662987709984e-05,
  "K2s": 8.307338177582397e-06,
  "V2r": 3.105602850136101e-08,
  "K2p": 2.117837350553604e-06,
  "V3f": 0.0010391244793154792,
  "K3s": 8.454652886389308e-07,
  "V3r": 6.326084821589707e-06,
  "K3p": 2.8227461076025097e-05,
  "V4f": 0.0022437789889430924,
  "K4s": 1.4787772811404601e-05,
  "V4r": 7.570484041831703e-06,
  "K4p": 6.465984724656935e-05,
  "V5f": 0.00016811429917850768,
  "K5s": 3.5318321235289326e-06,
  "V5r": 1.0110013616715388e-07,
  "K5p": 1.4008255303913397e-05,
  "k_drain": 6.634391461322441e-07
}