{
  "k1": 1.0974342090684742e-05,
  "Ki": 4.054931558133519,
  "V2f": 0.9759174633712673,
  "K2s": 0.1289496372844556,
  "V2r": 0.28997043699581515,
  "K2p": 0.11363568913880458,
  "V3f": 0.3134272759605586,
  "K3s": 0.05861210674475375,
  "V3r": 0.23463172951027006,
  "K3p": 0.08574767921325524,
  "V4f": 0.44132223991644226,
  "K4s": 0.07877754883913064,
  "V4r": 0.08759769861235517,
  "K4p": 0.10428589134676902,
  "V5f": 0.22351447477299569,
  "K5s": 0.09938155719556219,
  "V5r": 0.04730715234619991,
  "K5p": 0.06522394701554639,
  "k_drain": 0.05286731327716438
}