{
  "k1": 1.295242705453808e-05,
  "Ki": 5.6075688125394505,
  "V2f": 0.8681021508478428,
  "K2s": 0.16698318727737116,
  "V2r": 0.30764731473557144,
  "K2p": 0.149130621662794,
  "V3f": 0.3466592945062868,
  "K3s": 0.046850092211442124,
  "V3r": 0.24229163978066365,
  "K3p": 0.08596008061006866,
  "V4f": 0.4353520337465245,
  "K4s": 0.09029458218106123,
  "V4r": 0.0750411737265788,
  "K4p": 0.09224938909696244,
  "V5f": 0.24285640982921414,
  "K5s": 0.08103014463045959,
  "V5r": 0.04679317067763483,
  "K5p": 0.06859863658791085,
  "k_drain": 0.05433728543977112
}