{
  "k1": 1.5995388272125244e-11,
  "Ki": 3.970190501499647e-07,
  "V2f": 1.6547153343070923e-05,
  "K2s": 8.884203049861014e-07,
  "V2r": 2.870169678373289e-09,
  "K2p": 3.139298814039346e-05,
  "V3f": 0.00047414742309930577,
  "K3s": 2.1635085333958304e-06,
  "V3r": 1.8600669840669534e-06,
  "K3p": 3.3979483173099974e-05,
  "V4f": 0.005779325307466228,
  "K4s": 1.2158296231285688e-05,
  "V4r": 4.610173287038261e-06,
  "K4p": 0.00011710066991091933,
  "V5f": 0.000497054112778245,
  "K5s": 5.746490210058512e-07,
  "V5r": 1.9960021155150047e-08,
  "K5p": 1.000319790181891e-06,
  "k_drain": 3.124719917984936e-07
}