{
  "k1": 1.1624317454909905e-05,
  "Ki": 5.384702038291463,
  "V2f": 0.7617084814821754,
  "K2s": 0.1277115814932426,
  "V2r": 0.2669879917396355,
  "K2p": 0.09542438198136079,
  "V3f": 0.34526883963773813,
  "K3s": 0.09677552804097392,
  "V3r": 0.19737662238139778,
  "K3p": 0.10734285571523203,
  "V4f": 0.31263150576327137,
  "K4s": 0.06801029662269462,
  "V4r": 0.06222430677715308,
  "K4p": 0.09164639050324784,
  "V5f": 0.19166659302394579,
  "K5s": 0.07490824336944221,
  "V5r": 0.07414925747886561,
  "K5p": 0.07362086715466139,
  "k_drain": 0.0868718933326649
}