{
  "k1": 1.3679700879115481e-05,
  "Ki": 4.5837772455299985,
  "V2f": 0.9377393157570775,
  "K2s": 0.145799071584799,
  "V2r": 0.24514399810734017,
  "K2p": 0.11108528291035613,
  "V3f": 0.30729161758207507,
  "K3s": 0.07498798955168128,
  "V3r": 0.23645432765196056,
  "K3p": 0.09236972847740003,
  "V4f": 0.46379463405942534,
  "K4s": 0.07782211167956854,
  "V4r": 0.08803187936618519,
  "K4p": 0.10288211318346331,
  "V5f": 0.240842584063775,
  "K5s": 0.09864072354369198,
  "V5r": 0.055960944600745174,
  "K5p": 0.06545260588927611,
  "k_drain": 0.06539245715416503
}