{
  "k1": 1.3432870019454124e-05,
  "Ki": 5.803955962620753,
  "V2f": 0.8739707975824534,
  "K2s": 0.16518988329404677,
  "V2r": 0.23913473699670634,
  "K2p": 0.14031400950778458,
  "V3f": 0.355310812401291,
  "K3s": 0.034014206264723824,
  "V3r": 0.31119416187657933,
  "K3p": 0.11662799372738122,
  "V4f": 0.4010532132988756,
  "K4s": 0.10259912950940521,
  "V4r": 0.07518465798302014,
  "K4p": 0.1075085895100166,
  "V5f": 0.19296098747225143,
  "K5s": 0.08250499725382715,
  "V5r": 0.04572357121852378,
  "K5p": 0.06180816274912504,
  "k_drain": 0.04813493894729644
}