{
  "k1": 1.74427598930751e-05,
  "Ki": 0.19196926695738797,
  "V2f": 0.011482297142152192,
  "K2s": 0.0032985260613673023,
  "V2r": 0.00035200041173616176,
  "K2p": 0.10437711874115103,
  "V3f": 0.02238600960874107,
  "K3s": 0.12083609719442896,
  "V3r": 0.003130403471086678,
  "K3p": 0.21934966061650119,
  "V4f": 0.4493683955247905,
  "K4s": 0.0009315385668945237,
  "V4r": 0.0013105478198076192,
  "K4p": 0.170045767573601,
  "V5f": 0.01432722303597282,
  "K5s": 0.0587598977185819,
  "V5r": 0.1000769943448456,
  "K5p": 0.14602698704845002,
  "k_drain": 0.10781601901480578
}