{
  "k1": 1.117629426953599e-05,
  "Ki": 5.5589673705893,
  "V2f": 0.5014987135100464,
  "K2s": 0.09485046528612669,
  "V2r": 0.3093266593885885,
  "K2p": 0.10509580507241453,
  "V3f": 0.3513435997638949,
  "K3s": 0.11001729074977522,
  "V3r": 0.18604145810122555,
  "K3p": 0.09684587084628721,
  "V4f": 0.2985597701065234,
  "K4s": 0.09697946028641849,
  "V4r": 0.10803130948190878,
  "K4p": 0.09897038376541133,
  "V5f": 0.18783607524042442,
  "K5s": 0.1080352330442484,
  "V5r": 0.07782432499897372,
  "K5p": 0.11803802468828078,
  "k_drain": 0.10326021994884264
}