{
  "k1": 1.212271653188012e-05,
  "Ki": 5.671744361500602,
  "V2f": 0.9571074684732384,
  "K2s": 0.16119940045310882,
  "V2r": 0.31386343515589965,
  "K2p": 0.1349434718407022,
  "V3f": 0.32372437894625383,
  "K3s": 0.05117488819514865,
  "V3r": 0.2476761286618009,
  "K3p": 0.08743800759728497,
  "V4f": 0.4579513671514559,
  "K4s": 0.09238030334133043,
  "V4r": 0.07529045972287315,
  "K4p": 0.09012604636707178,
  "V5f": 0.22811857721548393,
  "K5s": 0.08298093002300405,
  "V5r": 0.05013514858920803,
  "K5p": 0.06733593426282908,
  "k_drain": 0.05298049962530444
}