{
  "k1": 1.2595454208319448e-05,
  "Ki": 4.507588258468461,
  "V2f": 0.49361816534378355,
  "K2s": 0.1107051161028764,
  "V2r": 0.2980455246585863,
  "K2p": 0.10836916586819549,
  "V3f": 0.29875863234581324,
  "K3s": 0.11515387657822088,
  "V3r": 0.2001078443471307,
  "K3p": 0.1013829749930653,
  "V4f": 0.27761693052551795,
  "K4s": 0.10959286683243087,
  "V4r": 0.1038446345502648,
  "K4p": 0.082937639570255,
  "V5f": 0.22415019179778883,
  "K5s": 0.08594790070623025,
  "V5r": 0.07682297105147716,
  "K5p": 0.08550409570296656,
  "k_drain": 0.10010412224659637
}