{
  "k1": 7.078897075857833e-06,
  "Ki": 0.00040328007406665835,
  "V2f": 0.00032409327034229907,
  "K2s": 0.00015254720501906585,
  "V2r": 1.4808275637672796e-05,
  "K2p": 0.020732045866309595,
  "V3f": 0.004216275177479099,
  "K3s": 0.0020397807158921925,
  "V3r": 9.284275293313932e-05,
  "K3p": 0.007497623610564079,
  "V4f": 0.09447290586043193,
  "K4s": 0.0014976580360191222,
  "V4r": 0.0005550164086011945,
  "K4p": 0.08692859771483921,
  "V5f": 0.01130077207699169,
  "K5s": 0.0035217500072302617,
  "V5r": 0.001713631275207361,
  "K5p": 0.21062244686757442,
  "k_drain": 0.002851661132995523
}