{
  "k1": 1.599715734596813e-09,
  "Ki": 1.0667292270357813e-06,
  "V2f": 2.8848170326914406e-05,
  "K2s": 8.305429618955509e-06,
  "V2r": 9.878936118975404e-08,
  "K2p": 1.4810133243518248e-06,
  "V3f": 0.00047738778229410825,
  "K3s": 6.790187016601733e-07,
  "V3r": 1.042582333060856e-05,
  "K3p": 2.3862302898896015e-05,
  "V4f": 0.007997023544692903,
  "K4s": 2.3785559775422335e-05,
  "V4r": 7.030621614030071e-06,
  "K4p": 0.00025933100205171304,
  "V5f": 0.00023361267584298212,
  "K5s": 1.0384826927614853e-05,
  "V5r": 3.6624022401920604e-07,
  "K5p": 1.1146543680146139e-05,
  "k_drain": 4.2460039101944255e-07
}