{
  "k1": 1.2279387694122759e-05,
  "Ki": 4.983125746732765,
  "V2f": 0.6188091162143887,
  "K2s": 0.11643772299727553,
  "V2r": 0.24984472441183989,
  "K2p": 0.11058532772788943,
  "V3f": 0.32369951672561886,
  "K3s": 0.10865474803126483,
  "V3r": 0.1999183149970465,
  "K3p": 0.09235009515127575,
  "V4f": 0.286409494897225,
  "K4s": 0.06687308201132476,
  "V4r": 0.06836379447187539,
  "K4p": 0.08580393915191276,
  "V5f": 0.2338465272925213,
  "K5s": 0.08209656877515177,
  "V5r": 0.08066684587544656,
  "K5p": 0.07589813212175885,
  "k_drain": 0.10362848643911658
}