{
  "k1": 1.2550940937480153e-05,
  "Ki": 4.955587574029399,
  "V2f": 0.5873659303393769,
  "K2s": 0.12015225563886266,
  "V2r": 0.27248764636152356,
  "K2p": 0.11943244740011905,
  "V3f": 0.3403913033368382,
  "K3s": 0.10343957056166357,
  "V3r": 0.20705065377496376,
  "K3p": 0.09076682310691872,
  "V4f": 0.28814663049475564,
  "K4s": 0.07482043722200821,
  "V4r": 0.06638844268643602,
  "K4p": 0.07567021317667837,
  "V5f": 0.24178710408617857,
  "K5s": 0.08792873456531188,
  "V5r": 0.07695463783720555,
  "K5p": 0.07206858121725683,
  "k_drain": 0.09278884064384585
}