{
  "k1": 3.823862312649462e-10,
  "Ki": 8.949851271700496e-07,
  "V2f": 2.0253336991407206e-05,
  "K2s": 6.488673357634824e-06,
  "V2r": 9.198615209808942e-08,
  "K2p": 4.391040561180396e-06,
  "V3f": 0.0010254701335449333,
  "K3s": 5.009051470488495e-06,
  "V3r": 3.5024821866777056e-05,
  "K3p": 1.765172942529694e-05,
  "V4f": 0.009043638217238612,
  "K4s": 7.196189182075701e-05,
  "V4r": 5.123185523477311e-05,
  "K4p": 0.0004283200459761019,
  "V5f": 0.002294501355654507,
  "K5s": 2.1553879433711104e-05,
  "V5r": 2.0436141885905268e-07,
  "K5p": 2.064900116637972e-05,
  "k_drain": 2.7097118819149437e-07
}