{
  "k1": 4.687893689174266e-10,
  "Ki": 1.2101035409078675e-06,
  "V2f": 3.2596558421812105e-05,
  "K2s": 1.0574048674705255e-05,
  "V2r": 1.717635134583427e-07,
  "K2p": 2.409053614532446e-06,
  "V3f": 0.0008915115136561695,
  "K3s": 1.596025788048671e-06,
  "V3r": 1.674483393012786e-05,
  "K3p": 1.1044533329210969e-05,
  "V4f": 0.019828921880479473,
  "K4s": 8.859206821428753e-05,
  "V4r": 2.018655380825058e-05,
  "K4p": 0.0004756049002535704,
  "V5f": 0.0006647346675412352,
  "K5s": 2.8422152077227466e-05,
  "V5r": 6.628273771888449e-07,
  "K5p": 6.275767602677075e-06,
  "k_drain": 3.072382999369035e-07
}