{
  "k1": 1.1913483419320857e-05,
  "Ki": 5.138189754351216,
  "V2f": 0.5472175124782295,
  "K2s": 0.11865988921781205,
  "V2r": 0.265931835708345,
  "K2p": 0.11452480458288579,
  "V3f": 0.3457768181142811,
  "K3s": 0.11475797121512665,
  "V3r": 0.2143289757711401,
  "K3p": 0.09170506135921426,
  "V4f": 0.2705803234014598,
  "K4s": 0.07195071725460755,
  "V4r": 0.06545532054161612,
  "K4p": 0.07745791462584657,
  "V5f": 0.23713306064884657,
  "K5s": 0.08412650685855437,
  "V5r": 0.07403021888488273,
  "K5p": 0.07513740997343034,
  "k_drain": 0.09840856043303388
}