{
  "k1": 1.2253866778273723e-05,
  "Ki": 4.239154330868651,
  "V2f": 0.48115650736962523,
  "K2s": 0.103540910056522,
  "V2r": 0.31733608455846213,
  "K2p": 0.11203984343860969,
  "V3f": 0.2983977127637439,
  "K3s": 0.11900438043477402,
  "V3r": 0.2146232284146343,
  "K3p": 0.10104345976763933,
  "V4f": 0.2855573839828177,
  "K4s": 0.10838272108774866,
  "V4r": 0.09612820693554895,
  "K4p": 0.08584642418359363,
  "V5f": 0.21623838690908248,
  "K5s": 0.09025742682361396,
  "V5r": 0.07401154528142889,
  "K5p": 0.08105570626081333,
  "k_drain": 0.10353834436052284
}