{
  "k1": 1.2842030816082675e-06,
  "Ki": 0.0004220215108240082,
  "V2f": 8.027123248546574e-05,
  "K2s": 0.0002933426872917054,
  "V2r": 1.1812324444918607e-05,
  "K2p": 0.041442161911045584,
  "V3f": 0.0027037329623948283,
  "K3s": 0.0010801653776137104,
  "V3r": 1.7525577620416798e-05,
  "K3p": 0.003628755407522287,
  "V4f": 0.03224299344377503,
  "K4s": 0.0009211634528613089,
  "V4r": 0.0001385105495543445,
  "K4p": 0.02057612009333072,
  "V5f": 0.0034315613988195252,
  "K5s": 0.003468752000900604,
  "V5r": 0.00034251912368209745,
  "K5p": 0.18051340075002906,
  "k_drain": 0.0014258085503436406
}