{
  "k1": 1.3512235106804185e-05,
  "Ki": 4.408854724250462,
  "V2f": 0.4653293517386909,
  "K2s": 0.10375096415097096,
  "V2r": 0.3130976417862675,
  "K2p": 0.10181796537210182,
  "V3f": 0.31279731379156933,
  "K3s": 0.11680265473805752,
  "V3r": 0.23094161587597098,
  "K3p": 0.11246965239535935,
  "V4f": 0.2605900645314119,
  "K4s": 0.10096327734481375,
  "V4r": 0.07917879896975213,
  "K4p": 0.10142879077022653,
  "V5f": 0.2200781837575349,
  "K5s": 0.09361931171838563,
  "V5r": 0.06983026261309716,
  "K5p": 0.06376286863981999,
  "k_drain": 0.09803321506522446
}