{
  "k1": 1.1354003767787516e-07,
  "Ki": 0.00014675069826958946,
  "V2f": 8.31439967800848e-05,
  "K2s": 1.7858404105925606e-05,
  "V2r": 7.5041093172147894e-06,
  "K2p": 0.0025423439310863567,
  "V3f": 0.008948906434603327,
  "K3s": 0.00015768638951685972,
  "V3r": 3.0330617070662135e-05,
  "K3p": 0.0011397934841584265,
  "V4f": 0.051297576160170534,
  "K4s": 0.0003103440151648308,
  "V4r": 1.9677631964483885e-05,
  "K4p": 0.0035428734848396443,
  "V5f": 0.0020751885052040244,
  "K5s": 0.002350675658826703,
  "V5r": 0.00036100027129468945,
  "K5p": 0.013951279961264726,
  "k_drain": 0.00021576026011649766
}