{
  "k1": 9.729148638864725e-06,
  "Ki": 5.432492690005274,
  "V2f": 1.0714535847608007,
  "K2s": 0.13626050566432066,
  "V2r": 0.27842473653256855,
  "K2p": 0.14274955683360627,
  "V3f": 0.30534554976505857,
  "K3s": 0.060321477762370936,
  "V3r": 0.24071205539946836,
  "K3p": 0.08029846770562121,
  "V4f": 0.4722772288820262,
  "K4s": 0.0844878497811187,
  "V4r": 0.07839272393098945,
  "K4p": 0.09587246694151257,
  "V5f": 0.22808814152142795,
  "K5s": 0.08612644124196374,
  "V5r": 0.05261223655784825,
  "K5p": 0.06422894948527932,
  "k_drain": 0.05060758712023737
}