{
  "k1": 1.1717893963077216e-05,
  "Ki": 5.663188642442661,
  "V2f": 0.9362229891756689,
  "K2s": 0.15952905204364398,
  "V2r": 0.31608744419095375,
  "K2p": 0.13607469223535526,
  "V3f": 0.32113566720218945,
  "K3s": 0.05004062919129733,
  "V3r": 0.24388802541915477,
  "K3p": 0.08655942213504383,
  "V4f": 0.4542069085585633,
  "K4s": 0.09219059622106068,
  "V4r": 0.07455064409767845,
  "K4p": 0.09456934821960358,
  "V5f": 0.22692200722018435,
  "K5s": 0.08559876946014398,
  "V5r": 0.049130911727731194,
  "K5p": 0.06563845647804106,
  "k_drain": 0.0534260695692068
}