{
  "k1": 1.5705839950756206e-05,
  "Ki": 5.191746474365287,
  "V2f": 0.8300955422465078,
  "K2s": 0.18516023238017326,
  "V2r": 0.2103940871319547,
  "K2p": 0.14390661282686676,
  "V3f": 0.44991370659387714,
  "K3s": 0.03702112355391669,
  "V3r": 0.3038077126251229,
  "K3p": 0.10823681255341973,
  "V4f": 0.3884272633985567,
  "K4s": 0.10484090847041587,
  "V4r": 0.055949526736071904,
  "K4p": 0.11969916488476066,
  "V5f": 0.18139370835867963,
  "K5s": 0.06536901918054085,
  "V5r": 0.0663789707814637,
  "K5p": 0.05615030782563377,
  "k_drain": 0.05204440157660151
}