{
  "k1": 1.1982291249303242e-05,
  "Ki": 4.442316030933283,
  "V2f": 0.46973417514014776,
  "K2s": 0.11011186856810472,
  "V2r": 0.3106728718940334,
  "K2p": 0.10951331731356169,
  "V3f": 0.30957748972136273,
  "K3s": 0.11315449298729337,
  "V3r": 0.2319604491317484,
  "K3p": 0.10905941904359927,
  "V4f": 0.30574468515870007,
  "K4s": 0.09158157058439592,
  "V4r": 0.07524077661613367,
  "K4p": 0.09778769976751367,
  "V5f": 0.25250979569476073,
  "K5s": 0.09505144936534586,
  "V5r": 0.07449628870014749,
  "K5p": 0.06632700602469564,
  "k_drain": 0.09352249846099847
}