{
  "k1": 1.4069779640356144e-08,
  "Ki": 5.515040900714666e-06,
  "V2f": 8.839231295674921e-05,
  "K2s": 2.3620896988438594e-06,
  "V2r": 3.9904070363096935e-06,
  "K2p": 6.410695411176259e-05,
  "V3f": 0.014820791302436976,
  "K3s": 0.00010751628350513575,
  "V3r": 7.244398018321234e-05,
  "K3p": 0.000217056041990322,
  "V4f": 0.0913682679585519,
  "K4s": 0.00012025765832042915,
  "V4r": 3.4313789958709674e-05,
  "K4p": 0.00011466525660021002,
  "V5f": 0.0012299603254666116,
  "K5s": 0.0033003232492763734,
  "V5r": 9.094101984828144e-06,
  "K5p": 0.009467735847583278,
  "k_drain": 6.957877103635198e-05
}