{
  "k1": 4.180368613638463e-05,
  "Ki": 0.04776293964026446,
  "V2f": 0.001464429697425011,
  "K2s": 0.015585173387302568,
  "V2r": 0.0002027267885540464,
  "K2p": 0.05042103956680374,
  "V3f": 0.03046089986705783,
  "K3s": 0.0117907636458484,
  "V3r": 0.0023146263385742404,
  "K3p": 0.06165140321840976,
  "V4f": 0.06584210353727922,
  "K4s": 0.0012990591069986762,
  "V4r": 0.0004462531147914901,
  "K4p": 0.04743105952113116,
  "V5f": 0.012240983226965558,
  "K5s": 0.04938124011021681,
  "V5r": 0.06589002383096265,
  "K5p": 0.5096622935252006,
  "k_drain": 0.037387931169139174
}