{
  "k1": 1.1649406133893905e-05,
  "Ki": 4.724724225216597,
  "V2f": 0.48771516999448616,
  "K2s": 0.10300241000108666,
  "V2r": 0.30682349668446485,
  "K2p": 0.11473363086528497,
  "V3f": 0.31286236019786645,
  "K3s": 0.11175515319389959,
  "V3r": 0.17981557678052992,
  "K3p": 0.09882720631598568,
  "V4f": 0.2884766851764359,
  "K4s": 0.10423967254794694,
  "V4r": 0.10830049767966728,
  "K4p": 0.08975406685101522,
  "V5f": 0.1897162846512937,
  "K5s": 0.11378797123657104,
  "V5r": 0.0841450902206598,
  "K5p": 0.10671238162911022,
  "k_drain": 0.1124131438453442
}