{
  "k1": 9.338880965622397e-14,
  "Ki": 5.995716187108884e-08,
  "V2f": 1.03060792246652e-05,
  "K2s": 1.232783770585023e-07,
  "V2r": 2.299300477598631e-09,
  "K2p": 1.8333070497031338e-05,
  "V3f": 0.00034704480379699063,
  "K3s": 7.199891411976836e-07,
  "V3r": 1.9756194918774747e-06,
  "K3p": 3.5063754390685546e-06,
  "V4f": 0.0002550190241692545,
  "K4s": 1.2109067257259922e-06,
  "V4r": 3.3102961596995667e-06,
  "K4p": 3.142040481635101e-05,
  "V5f": 0.005070005255558328,
  "K5s": 1.1851134517887944e-07,
  "V5r": 1.7486779298200883e-09,
  "K5p": 5.091254117133579e-07,
  "k_drain": 3.83801353456291e-08
}