{
  "k1": 1.1953996057383167e-05,
  "Ki": 4.970210139542644,
  "V2f": 0.7108778423228314,
  "K2s": 0.12040596729716718,
  "V2r": 0.23127514229395607,
  "K2p": 0.09938207701290805,
  "V3f": 0.33097018634560255,
  "K3s": 0.09846904133502754,
  "V3r": 0.2051136565562937,
  "K3p": 0.11067371899491575,
  "V4f": 0.3594901680851273,
  "K4s": 0.0633382561833961,
  "V4r": 0.057926885293316306,
  "K4p": 0.08093951018571624,
  "V5f": 0.18344968569266543,
  "K5s": 0.08177105958675461,
  "V5r": 0.06579307133566409,
  "K5p": 0.07987725236643597,
  "k_drain": 0.09090626407066653
}