{
  "k1": 1.0151933795027801e-05,
  "Ki": 5.071268436825601,
  "V2f": 0.4936642958315675,
  "K2s": 0.10293705486286518,
  "V2r": 0.3002040078888427,
  "K2p": 0.10112679741533147,
  "V3f": 0.3974076227413092,
  "K3s": 0.09777570305273633,
  "V3r": 0.196616259142903,
  "K3p": 0.10280324971018454,
  "V4f": 0.29247206570789064,
  "K4s": 0.09769515393315553,
  "V4r": 0.09704750017126686,
  "K4p": 0.09838047519169663,
  "V5f": 0.19990732200351405,
  "K5s": 0.1000654179381318,
  "V5r": 0.09621565875753697,
  "K5p": 0.09904485639118622,
  "k_drain": 0.10052095021166421
}