{
  "k1": 1.7723149245263012e-05,
  "Ki": 0.7250529643220862,
  "V2f": 0.022759130784899977,
  "K2s": 0.025493077356114634,
  "V2r": 0.0085006168345854,
  "K2p": 0.0941974466004311,
  "V3f": 0.024318021385620326,
  "K3s": 0.4447505181474685,
  "V3r": 0.020584428926647816,
  "K3p": 0.15220079841054035,
  "V4f": 1.2516942185892652,
  "K4s": 0.001918313241246194,
  "V4r": 0.01457017420132437,
  "K4p": 0.05603923784391722,
  "V5f": 1.335837720885521,
  "K5s": 0.08792350144569405,
  "V5r": 0.07409968087571395,
  "K5p": 0.06180520016919762,
  "k_drain": 0.22498494052283133
}