{
  "k1": 1.1411008201603542e-05,
  "Ki": 4.561085835577709,
  "V2f": 0.7465517931569099,
  "K2s": 0.1271650162116005,
  "V2r": 0.23062573527063474,
  "K2p": 0.1140607595208443,
  "V3f": 0.2844447393650569,
  "K3s": 0.09098493384413936,
  "V3r": 0.18438332324011825,
  "K3p": 0.11990842463516008,
  "V4f": 0.38577291595574187,
  "K4s": 0.0748565542029242,
  "V4r": 0.06746955611912599,
  "K4p": 0.10353791432445876,
  "V5f": 0.2378210619649433,
  "K5s": 0.09871304333398304,
  "V5r": 0.0652753483434441,
  "K5p": 0.08665254808187611,
  "k_drain": 0.07297437417431811
}