{
  "k1": 6.90213753259653e-15,
  "Ki": 2.3742658304640875e-08,
  "V2f": 2.003583831413702e-07,
  "K2s": 6.547433376089303e-08,
  "V2r": 1.2688015818049582e-08,
  "K2p": 2.173744282009399e-05,
  "V3f": 2.4909104406980316e-05,
  "K3s": 1.6681113015585503e-07,
  "V3r": 2.618527390722051e-07,
  "K3p": 1.271107479975313e-07,
  "V4f": 0.0003818438317103119,
  "K4s": 9.73661361447915e-06,
  "V4r": 2.4438292443912862e-05,
  "K4p": 7.707074499823795e-06,
  "V5f": 0.00011181372081894234,
  "K5s": 1.1586381933475127e-08,
  "V5r": 1.8220233619347406e-10,
  "K5p": 5.2925900398547975e-09,
  "k_drain": 2.6694575940200727e-08
}