{
  "k1": 2.476161128674325e-13,
  "Ki": 2.1393201092591135e-07,
  "V2f": 1.733139300857904e-05,
  "K2s": 7.34539732334129e-07,
  "V2r": 1.5650041520812492e-09,
  "K2p": 1.5294568509546107e-05,
  "V3f": 0.0003317726304294491,
  "K3s": 2.385355002084823e-06,
  "V3r": 1.4732934603777696e-06,
  "K3p": 1.0540245461895883e-05,
  "V4f": 0.00016681145732659223,
  "K4s": 1.0923145600121215e-06,
  "V4r": 2.1217708708074864e-06,
  "K4p": 2.2976721779216475e-05,
  "V5f": 0.002534537133357081,
  "K5s": 7.892210013383391e-08,
  "V5r": 6.826611556557292e-09,
  "K5p": 6.763474634312153e-07,
  "k_drain": 5.831906396725944e-08
}