{
  "k1": 1.1071701151180318e-05,
  "Ki": 5.097159879898767,
  "V2f": 0.6912597263308313,
  "K2s": 0.11641780298431498,
  "V2r": 0.25219898518059675,
  "K2p": 0.10196649885916473,
  "V3f": 0.34254014233920077,
  "K3s": 0.09583110408582107,
  "V3r": 0.20362960152609136,
  "K3p": 0.10722484778015177,
  "V4f": 0.3313932387389421,
  "K4s": 0.06746765080652778,
  "V4r": 0.06034131494279994,
  "K4p": 0.08629898802537936,
  "V5f": 0.19471017407748353,
  "K5s": 0.07963778731925632,
  "V5r": 0.06516725840917761,
  "K5p": 0.07931327008130194,
  "k_drain": 0.09168847030776055
}