{
  "k1": 4.798814063169494e-05,
  "Ki": 0.0509067248926901,
  "V2f": 0.0011052018924805243,
  "K2s": 0.01021038956963704,
  "V2r": 0.00014455755872903254,
  "K2p": 0.07050435976255776,
  "V3f": 0.023206356559596814,
  "K3s": 0.015655021236250507,
  "V3r": 0.0028704213949193847,
  "K3p": 0.06312836391075773,
  "V4f": 0.09973861656115386,
  "K4s": 0.0019971880868191847,
  "V4r": 0.0003973204845673021,
  "K4p": 0.053759485437067885,
  "V5f": 0.00715255443445467,
  "K5s": 0.05031764270958865,
  "V5r": 0.0362388732243261,
  "K5p": 0.440742274881463,
  "k_drain": 0.028506938333043876
}