{
  "k1": 1.188720356251472e-05,
  "Ki": 4.946553862174217,
  "V2f": 0.4937776736001094,
  "K2s": 0.10403885708413921,
  "V2r": 0.30366384342342573,
  "K2p": 0.11051485514536118,
  "V3f": 0.3342315046779352,
  "K3s": 0.11409792903277013,
  "V3r": 0.17748085296853666,
  "K3p": 0.0983036422098628,
  "V4f": 0.29613170578395615,
  "K4s": 0.10236847119313441,
  "V4r": 0.111198334602557,
  "K4p": 0.0889924795709096,
  "V5f": 0.19214407450054397,
  "K5s": 0.11538900303058598,
  "V5r": 0.08110268273720443,
  "K5p": 0.1066830124555377,
  "k_drain": 0.11209909880324093
}