{
  "k1": 1.3404214660911463e-05,
  "Ki": 4.582294622178454,
  "V2f": 0.9106839685652413,
  "K2s": 0.13784304318075005,
  "V2r": 0.23686533047920522,
  "K2p": 0.10613509888478367,
  "V3f": 0.31615822501540586,
  "K3s": 0.07572735870302978,
  "V3r": 0.23136925193893598,
  "K3p": 0.08663301966101195,
  "V4f": 0.44078221335911755,
  "K4s": 0.07759598310772237,
  "V4r": 0.08997107438995393,
  "K4p": 0.10346346310867902,
  "V5f": 0.24233189533644123,
  "K5s": 0.0984746702135426,
  "V5r": 0.055891280681043924,
  "K5p": 0.06384980633393149,
  "k_drain": 0.06059633288607848
}