{
  "k1": 1.2297212147566224e-05,
  "Ki": 4.521646256125772,
  "V2f": 0.5131354083443384,
  "K2s": 0.10729419120738963,
  "V2r": 0.3287593524149644,
  "K2p": 0.10200138225760362,
  "V3f": 0.28096045104908224,
  "K3s": 0.11472731348363568,
  "V3r": 0.19627997055881796,
  "K3p": 0.09450878328114508,
  "V4f": 0.29117870894728515,
  "K4s": 0.11194755148462979,
  "V4r": 0.10661242435771368,
  "K4p": 0.07858503391613,
  "V5f": 0.21898303413167214,
  "K5s": 0.09724958787336163,
  "V5r": 0.08604279874102554,
  "K5p": 0.08605371662269536,
  "k_drain": 0.1013920689155855
}