{
  "k1": 5.413766076904178e-06,
  "Ki": 0.0009806352640115428,
  "V2f": 0.0004078930438386051,
  "K2s": 0.0008150336767977265,
  "V2r": 6.726383527964548e-05,
  "K2p": 0.012620350613864732,
  "V3f": 0.013773998187121338,
  "K3s": 0.0027505082004305155,
  "V3r": 0.00018510857605525262,
  "K3p": 0.010230560348184863,
  "V4f": 0.11587252455825525,
  "K4s": 0.0015735573761686806,
  "V4r": 0.000924985586133021,
  "K4p": 0.12782889125676727,
  "V5f": 0.0027541146978511746,
  "K5s": 0.002591207101850345,
  "V5r": 0.0034027314976746875,
  "K5p": 0.17576366108895175,
  "k_drain": 0.010319694443840814
}