{
  "k1": 1.4857407986617999e-05,
  "Ki": 5.617876950934242,
  "V2f": 0.8228306320901536,
  "K2s": 0.15822175746372655,
  "V2r": 0.28394121247536125,
  "K2p": 0.1546119949914554,
  "V3f": 0.32869351230871885,
  "K3s": 0.03995128455328215,
  "V3r": 0.26661998162689765,
  "K3p": 0.10560483659845846,
  "V4f": 0.4260711659434529,
  "K4s": 0.1001790935037673,
  "V4r": 0.06843940790169181,
  "K4p": 0.09752020921298996,
  "V5f": 0.2407835834447852,
  "K5s": 0.0817135810884168,
  "V5r": 0.04567305215391066,
  "K5p": 0.07418633167339289,
  "k_drain": 0.05278882944903946
}