{
  "k1": 1.7417831133887477e-08,
  "Ki": 8.018537008370587e-06,
  "V2f": 7.095974116927774e-05,
  "K2s": 1.893904358685571e-06,
  "V2r": 5.146942770959169e-06,
  "K2p": 6.743383549821574e-05,
  "V3f": 0.007809908389608755,
  "K3s": 0.00021341944792737784,
  "V3r": 7.822592673033915e-05,
  "K3p": 0.00018653850230080353,
  "V4f": 0.025861104632469344,
  "K4s": 0.00010536274471451298,
  "V4r": 7.446994105908963e-06,
  "K4p": 0.0002149374445828741,
  "V5f": 0.00036389564755961426,
  "K5s": 0.005618434372230969,
  "V5r": 2.606814721166789e-06,
  "K5p": 0.0038910136671076517,
  "k_drain": 1.596574972251608e-05
}