{
  "k1": 1.2619100316121884e-05,
  "Ki": 4.443958137851251,
  "V2f": 0.44129883407059745,
  "K2s": 0.10441365663838495,
  "V2r": 0.3222127880059848,
  "K2p": 0.11386842809981162,
  "V3f": 0.3156061256633233,
  "K3s": 0.10824858946993608,
  "V3r": 0.21824852708138814,
  "K3p": 0.1083589751462275,
  "V4f": 0.33604104328761214,
  "K4s": 0.0904006918012122,
  "V4r": 0.0752442104164052,
  "K4p": 0.09366203574708856,
  "V5f": 0.24127265554713107,
  "K5s": 0.09372554435676575,
  "V5r": 0.07103421543015521,
  "K5p": 0.06571277590776171,
  "k_drain": 0.09385748560603152
}