{
  "k1": 1.2800101002138708e-05,
  "Ki": 4.263905094703219,
  "V2f": 0.447966386031299,
  "K2s": 0.11567329472173775,
  "V2r": 0.30290677719582587,
  "K2p": 0.10729794078963793,
  "V3f": 0.31807124734442277,
  "K3s": 0.11200995612332962,
  "V3r": 0.2345107155898972,
  "K3p": 0.10878157063668517,
  "V4f": 0.2790781007990903,
  "K4s": 0.09551468000964428,
  "V4r": 0.07688706970071973,
  "K4p": 0.09185363016722164,
  "V5f": 0.2438646901150934,
  "K5s": 0.10050367546227111,
  "V5r": 0.07453936076046044,
  "K5p": 0.06713318727834315,
  "k_drain": 0.10249323100705042
}