{
  "k1": 3.369574036960675e-08,
  "Ki": 2.007101074644883e-05,
  "V2f": 5.634516316238493e-05,
  "K2s": 6.0023298964862e-06,
  "V2r": 2.3383531525227386e-06,
  "K2p": 0.00014712274952278516,
  "V3f": 0.01070422317479606,
  "K3s": 0.00025007647522246236,
  "V3r": 5.521193039808646e-05,
  "K3p": 0.00024733643523337654,
  "V4f": 0.048974911811848265,
  "K4s": 0.00027499498864078586,
  "V4r": 1.888635436409565e-05,
  "K4p": 0.0006235040969508312,
  "V5f": 0.0016782452560740342,
  "K5s": 0.0077204303934793155,
  "V5r": 1.585806426374933e-05,
  "K5p": 0.008643832376118692,
  "k_drain": 0.00010265920632743626
}