{
  "k1": 1.7831227585053443e-05,
  "Ki": 0.003660167805802533,
  "V2f": 0.0008776972839569636,
  "K2s": 0.0022381944612875045,
  "V2r": 0.00013766783869951393,
  "K2p": 0.014494576502509689,
  "V3f": 0.014867215824506041,
  "K3s": 0.0053942354502791515,
  "V3r": 0.0014874557456192874,
  "K3p": 0.019905974430767966,
  "V4f": 0.13839703103800607,
  "K4s": 0.004503769389743154,
  "V4r": 0.00038659722923449957,
  "K4p": 0.05464263005454683,
  "V5f": 0.0020954449300220933,
  "K5s": 0.004695289723482656,
  "V5r": 0.013276178455554668,
  "K5p": 0.2410688752896021,
  "k_drain": 0.017657281802259256
}