{
  "k1": 1.2118580860502702e-05,
  "Ki": 4.474674146508609,
  "V2f": 0.5742858498435919,
  "K2s": 0.10659862167309925,
  "V2r": 0.3216462823906444,
  "K2p": 0.10425661439697471,
  "V3f": 0.3105808750799302,
  "K3s": 0.11500171868935191,
  "V3r": 0.17430220090568188,
  "K3p": 0.09577017471691066,
  "V4f": 0.3050788117263107,
  "K4s": 0.10394271454967065,
  "V4r": 0.11181482276709337,
  "K4p": 0.08907700476535933,
  "V5f": 0.1987432406933249,
  "K5s": 0.10661956716144783,
  "V5r": 0.08827936065676062,
  "K5p": 0.09352454257088419,
  "k_drain": 0.10199346402185486
}