{
  "k1": 1.662721441390886e-05,
  "Ki": 0.5386611293923126,
  "V2f": 0.002696671749906708,
  "K2s": 0.025254153456967524,
  "V2r": 0.002852731471410603,
  "K2p": 0.10581452221281519,
  "V3f": 0.019064020628124213,
  "K3s": 0.07134618799301569,
  "V3r": 0.0027285332121133347,
  "K3p": 0.186527784164454,
  "V4f": 0.23233460655408067,
  "K4s": 0.0014920633669234093,
  "V4r": 0.0009933034489081375,
  "K4p": 0.1074607098751914,
  "V5f": 0.14789131463514307,
  "K5s": 0.03246434535856614,
  "V5r": 0.0676975855222056,
  "K5p": 0.2486415877208637,
  "k_drain": 0.1260714104832702
}