{
  "k1": 9.703697031933342e-06,
  "Ki": 5.423384940436853,
  "V2f": 0.5211198097964244,
  "K2s": 0.09805674646674106,
  "V2r": 0.29528180840204293,
  "K2p": 0.09871419289219757,
  "V3f": 0.34816949173682327,
  "K3s": 0.09918433393283856,
  "V3r": 0.1779867067944734,
  "K3p": 0.1057367623703875,
  "V4f": 0.3103059694599507,
  "K4s": 0.10238203360215971,
  "V4r": 0.10529441103123227,
  "K4p": 0.1005833155829045,
  "V5f": 0.182673116463989,
  "K5s": 0.10503518172445502,
  "V5r": 0.09257389597350828,
  "K5p": 0.10481969896768646,
  "k_drain": 0.10690082007248006
}