{
  "k1": 1.4013418977887215e-05,
  "Ki": 0.14781390173536457,
  "V2f": 0.01115872829863431,
  "K2s": 0.00376282541334716,
  "V2r": 0.0003498399883417673,
  "K2p": 0.0800184107426878,
  "V3f": 0.03791106546254572,
  "K3s": 0.1268914708448406,
  "V3r": 0.004282716506401907,
  "K3p": 0.1498576959381219,
  "V4f": 0.3194156642355996,
  "K4s": 0.0006235578249758607,
  "V4r": 0.0020294212373032743,
  "K4p": 0.11900501901686694,
  "V5f": 0.020644929982682435,
  "K5s": 0.052051154978750055,
  "V5r": 0.12920115891266737,
  "K5p": 0.16759060527197991,
  "k_drain": 0.18719212218541995
}