{
  "k1": 1.1307051000809026e-05,
  "Ki": 5.520405606258018,
  "V2f": 0.49222675302581304,
  "K2s": 0.09391141918101459,
  "V2r": 0.30878587843794636,
  "K2p": 0.1027664724641388,
  "V3f": 0.350560798336493,
  "K3s": 0.10683195229430187,
  "V3r": 0.1853636747066496,
  "K3p": 0.09775248036013513,
  "V4f": 0.302494781710735,
  "K4s": 0.09911065152315345,
  "V4r": 0.10590469204374088,
  "K4p": 0.10119624463102897,
  "V5f": 0.19020900640341631,
  "K5s": 0.10685472038204936,
  "V5r": 0.08136537571578448,
  "K5p": 0.11940797632225003,
  "k_drain": 0.10256179285912817
}