{
  "k1": 1.3122255788564836e-05,
  "Ki": 5.662913714768829,
  "V2f": 0.8471757702414213,
  "K2s": 0.16398523040867896,
  "V2r": 0.29792680414560535,
  "K2p": 0.15321247212858694,
  "V3f": 0.3457176505019512,
  "K3s": 0.04423128973833124,
  "V3r": 0.25543086524226905,
  "K3p": 0.08928470926294177,
  "V4f": 0.4321748088509874,
  "K4s": 0.09231518511503359,
  "V4r": 0.07875615143074614,
  "K4p": 0.09094531412368206,
  "V5f": 0.23683164736043577,
  "K5s": 0.07670366245652614,
  "V5r": 0.04633252036572311,
  "K5p": 0.07447401336830448,
  "k_drain": 0.052167462059568674
}