{
  "k1": 1.3169695087892816e-05,
  "Ki": 4.7517500764846465,
  "V2f": 0.8595926677091551,
  "K2s": 0.14529678227066983,
  "V2r": 0.24235622475707064,
  "K2p": 0.10391456637848163,
  "V3f": 0.2956732055732693,
  "K3s": 0.08016779981603905,
  "V3r": 0.21858952564039083,
  "K3p": 0.09783845614224955,
  "V4f": 0.5085992138271054,
  "K4s": 0.0798356058545825,
  "V4r": 0.08678746957245341,
  "K4p": 0.10267530061355581,
  "V5f": 0.22840717220193227,
  "K5s": 0.09245392565448428,
  "V5r": 0.06017331570078961,
  "K5p": 0.06882137175405363,
  "k_drain": 0.06502632201428465
}