{
  "k1": 2.5226428784953604e-09,
  "Ki": 2.4806197742231325e-07,
  "V2f": 3.022843667757543e-05,
  "K2s": 6.818708706194391e-06,
  "V2r": 9.267511668691036e-09,
  "K2p": 1.8206449933121634e-06,
  "V3f": 0.00035521717404414814,
  "K3s": 6.745627378867186e-07,
  "V3r": 7.372599277794239e-06,
  "K3p": 7.055137418240554e-05,
  "V4f": 0.0013768180030756915,
  "K4s": 1.8046414009910315e-05,
  "V4r": 3.872575417672542e-06,
  "K4p": 9.323343615554353e-05,
  "V5f": 0.0003770844087091315,
  "K5s": 1.2698006394490782e-06,
  "V5r": 9.869659382663964e-08,
  "K5p": 1.5345298312261293e-05,
  "k_drain": 2.8100380747906376e-07
}