{
  "k1": 1.1187860597130614e-05,
  "Ki": 4.854587158319537,
  "V2f": 0.7021711781523444,
  "K2s": 0.11241233187870524,
  "V2r": 0.23546856997382282,
  "K2p": 0.09591345302438069,
  "V3f": 0.33942807673388814,
  "K3s": 0.09522985378930478,
  "V3r": 0.21174251109198058,
  "K3p": 0.11168071155139228,
  "V4f": 0.3091185592248412,
  "K4s": 0.06607047751149585,
  "V4r": 0.06894719032145409,
  "K4p": 0.0900553297414467,
  "V5f": 0.20666821200362248,
  "K5s": 0.0805761107219989,
  "V5r": 0.07852310709060742,
  "K5p": 0.0745831557411448,
  "k_drain": 0.09574973962863975
}