{
  "k1": 1.3549788233211514e-05,
  "Ki": 4.349295237619058,
  "V2f": 0.9228764001717337,
  "K2s": 0.13680854395587214,
  "V2r": 0.25667443520847233,
  "K2p": 0.10552498481922194,
  "V3f": 0.3257417834869448,
  "K3s": 0.07716874130590494,
  "V3r": 0.23260233493408916,
  "K3p": 0.08582872664133248,
  "V4f": 0.4382451141344792,
  "K4s": 0.07595763928004376,
  "V4r": 0.08753838719505373,
  "K4p": 0.10342086149886992,
  "V5f": 0.22834712333362286,
  "K5s": 0.102168741142935,
  "V5r": 0.0562182665029592,
  "K5p": 0.06324259913301086,
  "k_drain": 0.05988175485349064
}