{
  "k1": 1.3229160186476291e-05,
  "Ki": 4.542241367476922,
  "V2f": 0.8824657329149128,
  "K2s": 0.14463175238361134,
  "V2r": 0.2450307559324965,
  "K2p": 0.11172072643957194,
  "V3f": 0.2934962894331871,
  "K3s": 0.07835295617123547,
  "V3r": 0.21115342465991155,
  "K3p": 0.09358428057835017,
  "V4f": 0.49064172622942864,
  "K4s": 0.08096576572803346,
  "V4r": 0.08669311677406517,
  "K4p": 0.10102278431848749,
  "V5f": 0.23292557222518623,
  "K5s": 0.09456229099856577,
  "V5r": 0.05875138596121907,
  "K5p": 0.06606356648443103,
  "k_drain": 0.06458458939232391
}