{
  "k1": 2.245860185692547e-14,
  "Ki": 5.709442998372807e-09,
  "V2f": 1.3325824163931272e-07,
  "K2s": 3.3776803352435916e-08,
  "V2r": 1.1998515728735863e-09,
  "K2p": 8.353581755320338e-06,
  "V3f": 5.0113830667292674e-05,
  "K3s": 5.972243643315228e-07,
  "V3r": 3.6260726332039954e-08,
  "K3p": 1.4860876086912289e-08,
  "V4f": 0.00015910705086803637,
  "K4s": 1.1795480898612945e-05,
  "V4r": 1.0950248751622113e-05,
  "K4p": 3.709341170866876e-06,
  "V5f": 6.548016290521832e-05,
  "K5s": 4.441526183931407e-09,
  "V5r": 5.8120042253249035e-11,
  "K5p": 7.508444237936572e-09,
  "k_drain": 1.2527996242968824e-08
}