{
  "k1": 1.1443202810759584e-05,
  "Ki": 4.5983433084088325,
  "V2f": 0.6768121568406368,
  "K2s": 0.12934892837786174,
  "V2r": 0.2547755325974859,
  "K2p": 0.10454896346566006,
  "V3f": 0.273619547667161,
  "K3s": 0.08886666197147486,
  "V3r": 0.18894257440243964,
  "K3p": 0.1163949564911554,
  "V4f": 0.38434388934363933,
  "K4s": 0.08025178229547718,
  "V4r": 0.07469270977152717,
  "K4p": 0.10002409969185386,
  "V5f": 0.2478331786804028,
  "K5s": 0.09571332972560324,
  "V5r": 0.06428014002538131,
  "K5p": 0.08142505564345341,
  "k_drain": 0.06797443719890785
}