{
  "k1": 1.4798099498853356e-05,
  "Ki": 5.919360104651823,
  "V2f": 0.8771073882766622,
  "K2s": 0.168939672203409,
  "V2r": 0.2593551402102229,
  "K2p": 0.13312790876760508,
  "V3f": 0.36412983731245835,
  "K3s": 0.03817636594732605,
  "V3r": 0.27909884213710767,
  "K3p": 0.1177456112202607,
  "V4f": 0.4062779810439096,
  "K4s": 0.11434971067450637,
  "V4r": 0.06241823599689243,
  "K4p": 0.0930800792051808,
  "V5f": 0.20161440583017173,
  "K5s": 0.07978860343511923,
  "V5r": 0.04813176832813353,
  "K5p": 0.06635593935056112,
  "k_drain": 0.0491124516338237
}