{
  "k1": 1.3200603967117513e-05,
  "Ki": 4.319214644030837,
  "V2f": 0.47577268197125333,
  "K2s": 0.10539885981774101,
  "V2r": 0.3126633733671228,
  "K2p": 0.09826057132035672,
  "V3f": 0.3126595869587318,
  "K3s": 0.11891367441865452,
  "V3r": 0.23108157569355703,
  "K3p": 0.1116322714518578,
  "V4f": 0.2730091537204169,
  "K4s": 0.10107057902258922,
  "V4r": 0.07765250591868882,
  "K4p": 0.0997268094746208,
  "V5f": 0.2200559125668681,
  "K5s": 0.0978498430672986,
  "V5r": 0.06863136197704058,
  "K5p": 0.06455984338909955,
  "k_drain": 0.09871298167205002
}