{
  "k1": 9.468852842816718e-08,
  "Ki": 0.00010013080404445167,
  "V2f": 6.102949182681878e-05,
  "K2s": 1.8186917163005433e-05,
  "V2r": 6.339842770775339e-06,
  "K2p": 0.005011884037053779,
  "V3f": 0.015354363260064209,
  "K3s": 0.00016446374194864597,
  "V3r": 3.49816447007767e-05,
  "K3p": 0.0020921456762962097,
  "V4f": 0.09506618388911477,
  "K4s": 0.0004484530973863137,
  "V4r": 3.2372812665105235e-05,
  "K4p": 0.003961821515196836,
  "V5f": 0.0030939136767700955,
  "K5s": 0.001674482906250937,
  "V5r": 0.000457873879624136,
  "K5p": 0.012210361692359237,
  "k_drain": 0.00019279342303036854
}