{
  "k1": 1.4757233177418771e-05,
  "Ki": 5.969043217426605,
  "V2f": 0.8372305865592122,
  "K2s": 0.16374351724727676,
  "V2r": 0.26241725107607483,
  "K2p": 0.13341659481903795,
  "V3f": 0.36531410578652646,
  "K3s": 0.03993563664250123,
  "V3r": 0.26792195731643426,
  "K3p": 0.10884929468976604,
  "V4f": 0.4107577231802564,
  "K4s": 0.1111929997568121,
  "V4r": 0.06528249539434383,
  "K4p": 0.0986210654370441,
  "V5f": 0.21350183984427495,
  "K5s": 0.07858057059879583,
  "V5r": 0.04630111951717848,
  "K5p": 0.06938078468595854,
  "k_drain": 0.052913847600501974
}