{
  "k1": 1.3236931090922243e-05,
  "Ki": 4.500121330791909,
  "V2f": 0.8881908620458224,
  "K2s": 0.14270383672615475,
  "V2r": 0.246993010939362,
  "K2p": 0.1081686856809678,
  "V3f": 0.30111100423912696,
  "K3s": 0.0749082337758008,
  "V3r": 0.20930841944907466,
  "K3p": 0.09575709917854883,
  "V4f": 0.4800734505327901,
  "K4s": 0.07811011286389076,
  "V4r": 0.09017281307117607,
  "K4p": 0.10010692121363989,
  "V5f": 0.2342622907800244,
  "K5s": 0.09383350925561314,
  "V5r": 0.05869048677766591,
  "K5p": 0.06796165916730408,
  "k_drain": 0.06616130090737639
}