{
  "k1": 1.0537601082909675e-05,
  "Ki": 4.426229665388971,
  "V2f": 1.0013523850149522,
  "K2s": 0.14397010277250244,
  "V2r": 0.28589360792631874,
  "K2p": 0.12844219904532816,
  "V3f": 0.2956126310592564,
  "K3s": 0.05765760222212823,
  "V3r": 0.2282874469621829,
  "K3p": 0.0814334451202669,
  "V4f": 0.4324339868279353,
  "K4s": 0.0855794888063351,
  "V4r": 0.08208784522352938,
  "K4p": 0.10521260130923797,
  "V5f": 0.2275136819685562,
  "K5s": 0.0969084816019281,
  "V5r": 0.050204830278575925,
  "K5p": 0.06179459198088676,
  "k_drain": 0.05085789270128137
}