{
  "k1": 1.4271722744750728e-05,
  "Ki": 5.23412468705529,
  "V2f": 0.832639253391535,
  "K2s": 0.15926636449157036,
  "V2r": 0.27403302640930033,
  "K2p": 0.14505068956707715,
  "V3f": 0.34300237809357037,
  "K3s": 0.04078788371518713,
  "V3r": 0.2589266448340377,
  "K3p": 0.10263032627937625,
  "V4f": 0.4145267416292716,
  "K4s": 0.0931521398920533,
  "V4r": 0.07332735334923791,
  "K4p": 0.08740712597781115,
  "V5f": 0.25538440139233165,
  "K5s": 0.08048350559452112,
  "V5r": 0.04833178186634527,
  "K5p": 0.07343181518486891,
  "k_drain": 0.05083944604018305
}