{
  "k1": 1.1431350084812334e-05,
  "Ki": 5.688336622010681,
  "V2f": 0.7947597330865935,
  "K2s": 0.12446754857808646,
  "V2r": 0.2354228799883775,
  "K2p": 0.09564270726926645,
  "V3f": 0.35162867283472365,
  "K3s": 0.09683877496389684,
  "V3r": 0.2107310187665386,
  "K3p": 0.10799379806169758,
  "V4f": 0.29795484906004543,
  "K4s": 0.06631399747170097,
  "V4r": 0.06521717498679713,
  "K4p": 0.09152632011920399,
  "V5f": 0.20808170110621785,
  "K5s": 0.08209908088767597,
  "V5r": 0.07287985907092163,
  "K5p": 0.07154287434201966,
  "k_drain": 0.08783693032194612
}