{
  "k1": 1.1391234205066395e-10,
  "Ki": 1.5510212020741936e-07,
  "V2f": 1.1167639304058078e-05,
  "K2s": 1.0528912509539195e-06,
  "V2r": 5.235701925030692e-09,
  "K2p": 2.524570368495092e-05,
  "V3f": 0.0006905659400988267,
  "K3s": 2.8079605655811023e-06,
  "V3r": 3.070442128301462e-06,
  "K3p": 7.67403870067505e-05,
  "V4f": 0.0027951152496940284,
  "K4s": 1.1009481776193571e-05,
  "V4r": 3.657241461592668e-06,
  "K4p": 0.00016864163984753433,
  "V5f": 0.0007455749076102676,
  "K5s": 1.0694509066705751e-06,
  "V5r": 2.619006391607737e-08,
  "K5p": 2.036432659242598e-06,
  "k_drain": 8.417681738823478e-07
}