{
  "k1": 3.6766453372442164e-09,
  "Ki": 8.756896440232142e-07,
  "V2f": 2.2806616408211076e-05,
  "K2s": 7.613450747097017e-06,
  "V2r": 5.002685620473036e-08,
  "K2p": 3.1038258276890833e-06,
  "V3f": 0.00041151117474397833,
  "K3s": 6.893388187341869e-07,
  "V3r": 3.954363494872472e-06,
  "K3p": 1.9399773610971116e-05,
  "V4f": 0.004372303166175514,
  "K4s": 2.3898823970611885e-05,
  "V4r": 4.1051697317220334e-06,
  "K4p": 0.00031278112418893896,
  "V5f": 0.00010495754305221538,
  "K5s": 4.695155594190133e-06,
  "V5r": 9.496906840991711e-08,
  "K5p": 1.0078326609754242e-05,
  "k_drain": 2.6570217628350845e-07
}