{
  "k1": 1.177517177861856e-05,
  "Ki": 4.99726523645437,
  "V2f": 0.6657983593865912,
  "K2s": 0.11947793952331545,
  "V2r": 0.26009072528589117,
  "K2p": 0.10414135477278602,
  "V3f": 0.3504289587428114,
  "K3s": 0.0990874421715933,
  "V3r": 0.20349893337398312,
  "K3p": 0.09842048597491132,
  "V4f": 0.31623051218225007,
  "K4s": 0.06465572842674291,
  "V4r": 0.0683097179434905,
  "K4p": 0.08545412877635983,
  "V5f": 0.21945789461762938,
  "K5s": 0.07720741350095318,
  "V5r": 0.08231059758185637,
  "K5p": 0.07678266452942557,
  "k_drain": 0.10340726260977559
}