{
  "k1": 1.2593133889261599e-05,
  "Ki": 4.38467574756134,
  "V2f": 0.792343338526837,
  "K2s": 0.1439019971220401,
  "V2r": 0.24417384658851576,
  "K2p": 0.11444410419014338,
  "V3f": 0.2819096298673949,
  "K3s": 0.07425977305384271,
  "V3r": 0.22097216300840608,
  "K3p": 0.1028139636348551,
  "V4f": 0.4382045160339634,
  "K4s": 0.07732403563577267,
  "V4r": 0.07758099135994044,
  "K4p": 0.10031994024600216,
  "V5f": 0.2545497549477471,
  "K5s": 0.09858405677815223,
  "V5r": 0.057552315870249,
  "K5p": 0.07563264704148187,
  "k_drain": 0.06559082219904673
}