{
  "k1": 1.144705200189843e-05,
  "Ki": 5.510918136770102,
  "V2f": 0.727642275323089,
  "K2s": 0.11800243436664669,
  "V2r": 0.22477925739232368,
  "K2p": 0.10147288361129961,
  "V3f": 0.34844180690472354,
  "K3s": 0.09926931953743298,
  "V3r": 0.2100358331026474,
  "K3p": 0.11135154421170186,
  "V4f": 0.295440809203942,
  "K4s": 0.06738905296348491,
  "V4r": 0.06713507152112821,
  "K4p": 0.08788088944729106,
  "V5f": 0.20007658847996274,
  "K5s": 0.0819253759293709,
  "V5r": 0.077737483993433,
  "K5p": 0.06872643472080364,
  "k_drain": 0.08640846829262483
}