{
  "k1": 2.0221739465383244e-10,
  "Ki": 1.9736507903386323e-07,
  "V2f": 1.2007678707559511e-05,
  "K2s": 1.8436694820533307e-06,
  "V2r": 2.3385783245868805e-08,
  "K2p": 7.498592861855552e-06,
  "V3f": 0.00086735433962871,
  "K3s": 2.1982206032133505e-06,
  "V3r": 8.141181458202675e-06,
  "K3p": 0.00014402902370345874,
  "V4f": 0.0008074171813008341,
  "K4s": 1.3859482547916458e-05,
  "V4r": 4.041489638717279e-06,
  "K4p": 0.00014109464246494954,
  "V5f": 0.000519395732935396,
  "K5s": 9.667565140763768e-07,
  "V5r": 2.5403253190044617e-08,
  "K5p": 1.7675121312085663e-06,
  "k_drain": 1.0259143654945204e-06
}