{
  "k1": 1.4081293811546457e-05,
  "Ki": 6.128282641881705,
  "V2f": 0.869100285405683,
  "K2s": 0.17157342319697866,
  "V2r": 0.25357437894645485,
  "K2p": 0.1270462659148521,
  "V3f": 0.3377572419446801,
  "K3s": 0.03819857253244593,
  "V3r": 0.29815341255955635,
  "K3p": 0.11855759379071654,
  "V4f": 0.40993224698298286,
  "K4s": 0.10504567516587399,
  "V4r": 0.06501420334315691,
  "K4p": 0.09136499070169928,
  "V5f": 0.18976250357270083,
  "K5s": 0.08475883183543166,
  "V5r": 0.051849065302876134,
  "K5p": 0.0633601897454732,
  "k_drain": 0.04945500358252754
}