{
  "k1": 1.4317825636409059e-05,
  "Ki": 5.786530683466187,
  "V2f": 0.8777083361009859,
  "K2s": 0.1803469648159824,
  "V2r": 0.23400325711461764,
  "K2p": 0.13152721385025223,
  "V3f": 0.35874299622217404,
  "K3s": 0.03740851880872034,
  "V3r": 0.28597920540967886,
  "K3p": 0.10717884554941956,
  "V4f": 0.36933143947765096,
  "K4s": 0.10586335223207154,
  "V4r": 0.0673643374346139,
  "K4p": 0.09527703276354459,
  "V5f": 0.1892114478342361,
  "K5s": 0.0825391156190011,
  "V5r": 0.05169082727383442,
  "K5p": 0.06040125456148469,
  "k_drain": 0.05249875582443439
}