{
  "k1": 1.2555979226843943e-05,
  "Ki": 5.049840730477171,
  "V2f": 0.5701798107200076,
  "K2s": 0.12378261865624197,
  "V2r": 0.28539073355373673,
  "K2p": 0.11265245851312407,
  "V3f": 0.31883430587019435,
  "K3s": 0.09948787823526396,
  "V3r": 0.234223702135863,
  "K3p": 0.0951050927412067,
  "V4f": 0.2976648440070504,
  "K4s": 0.07626192745407764,
  "V4r": 0.06858725474301258,
  "K4p": 0.07232738297102163,
  "V5f": 0.22414732280567512,
  "K5s": 0.08430736991696758,
  "V5r": 0.07901499225451844,
  "K5p": 0.07059695628578351,
  "k_drain": 0.09126067692217188
}