{
  "k1": 2.887647715210481e-09,
  "Ki": 2.1309430855715093e-06,
  "V2f": 6.062898097645762e-05,
  "K2s": 7.673264324906695e-06,
  "V2r": 1.7431260107127869e-07,
  "K2p": 3.337505043564132e-06,
  "V3f": 0.0008615288921275837,
  "K3s": 1.4810856987010824e-05,
  "V3r": 4.268646857868592e-05,
  "K3p": 5.876164813435845e-05,
  "V4f": 0.02802823953312216,
  "K4s": 0.0001593513670916076,
  "V4r": 3.038899420312251e-05,
  "K4p": 0.00040767207314221254,
  "V5f": 0.0008609538960493479,
  "K5s": 9.011289722487038e-05,
  "V5r": 8.427002780563684e-08,
  "K5p": 2.834766626953142e-05,
  "k_drain": 6.010013682051526e-07
}