{
  "k1": 6.437111669219617e-06,
  "Ki": 0.0009477607911815674,
  "V2f": 0.0005310281771833284,
  "K2s": 0.00023435978210314522,
  "V2r": 1.404321974514602e-05,
  "K2p": 0.02399696304644087,
  "V3f": 0.013692855975048455,
  "K3s": 0.0017103049879980748,
  "V3r": 9.758813674053558e-05,
  "K3p": 0.017921812238820143,
  "V4f": 0.10696554919764267,
  "K4s": 0.0021446148830683125,
  "V4r": 0.00029863223653609866,
  "K4p": 0.15846504833064334,
  "V5f": 0.005792999344266192,
  "K5s": 0.003061213740526576,
  "V5r": 0.002226151425554821,
  "K5p": 0.5462558752787217,
  "k_drain": 0.0032995748488048454
}