{
  "k1": 1.2854247370130699e-05,
  "Ki": 4.622455419632173,
  "V2f": 0.4818715613767379,
  "K2s": 0.11695958884027814,
  "V2r": 0.29617729854062996,
  "K2p": 0.10395524539045238,
  "V3f": 0.30985800338204517,
  "K3s": 0.10626699304005231,
  "V3r": 0.19320475075336976,
  "K3p": 0.09908075815716907,
  "V4f": 0.28348480798985537,
  "K4s": 0.10949640331563107,
  "V4r": 0.1072172892690069,
  "K4p": 0.08686495809114365,
  "V5f": 0.2192501579138447,
  "K5s": 0.08674303521501912,
  "V5r": 0.07925535748265357,
  "K5p": 0.0864719367535341,
  "k_drain": 0.09839091730542646
}