{
  "k1": 9.633891597931347e-06,
  "Ki": 5.4527047130274005,
  "V2f": 0.4990194255916648,
  "K2s": 0.09763915645549694,
  "V2r": 0.3236338876483823,
  "K2p": 0.10282669280866054,
  "V3f": 0.3469080173886643,
  "K3s": 0.10364602640061152,
  "V3r": 0.1891992930229518,
  "K3p": 0.09712045474518453,
  "V4f": 0.32714259963480474,
  "K4s": 0.10366258301760067,
  "V4r": 0.10305870001449484,
  "K4p": 0.10154619703927077,
  "V5f": 0.1839253987591699,
  "K5s": 0.10679423073774438,
  "V5r": 0.09034471027305536,
  "K5p": 0.11631807209480906,
  "k_drain": 0.10732402403766127
}