{
  "k1": 2.0197099687807847e-05,
  "Ki": 0.5093736285958426,
  "V2f": 0.007467493891990826,
  "K2s": 0.006869226301613078,
  "V2r": 0.0008954945271723014,
  "K2p": 0.08954757902478978,
  "V3f": 0.05304647007304713,
  "K3s": 0.04810532747599046,
  "V3r": 0.0038527880526577915,
  "K3p": 0.17476381340931174,
  "V4f": 0.17353665861084985,
  "K4s": 0.0016141311643539627,
  "V4r": 0.0011614385055177582,
  "K4p": 0.11163931735987574,
  "V5f": 0.046948724400104676,
  "K5s": 0.03977316058079658,
  "V5r": 0.09757234260241424,
  "K5p": 0.29652750553571394,
  "k_drain": 0.11820219956258946
}