{
  "k1": 3.189071024972921e-14,
  "Ki": 2.5773089580727453e-07,
  "V2f": 2.021144650574826e-06,
  "K2s": 6.698402512327134e-08,
  "V2r": 1.6039575855798888e-08,
  "K2p": 2.9482644403031746e-05,
  "V3f": 0.0002444846954137096,
  "K3s": 2.3686194185917177e-07,
  "V3r": 1.5188569491925744e-06,
  "K3p": 1.4530720972731971e-06,
  "V4f": 0.0008795181379449489,
  "K4s": 1.6037351576582775e-06,
  "V4r": 2.5060630386084924e-06,
  "K4p": 5.720427446230423e-06,
  "V5f": 0.0006284281138617429,
  "K5s": 2.1949637325353475e-07,
  "V5r": 4.1152092520478007e-10,
  "K5p": 1.6242378774000538e-07,
  "k_drain": 1.3916636646303948e-08
}