{
  "k1": 1.3442851457285326e-05,
  "Ki": 4.758169277931323,
  "V2f": 0.7330697287454371,
  "K2s": 0.12896804929888453,
  "V2r": 0.24987895209528835,
  "K2p": 0.10481028365097089,
  "V3f": 0.3136387286439632,
  "K3s": 0.09307503828567644,
  "V3r": 0.1953846268846425,
  "K3p": 0.1088149691621292,
  "V4f": 0.3485524279826476,
  "K4s": 0.06880798876740736,
  "V4r": 0.05550559836661711,
  "K4p": 0.09212783674015926,
  "V5f": 0.2078952836020131,
  "K5s": 0.09316665604959308,
  "V5r": 0.06136152532817956,
  "K5p": 0.08780957783063473,
  "k_drain": 0.07065741063876721
}