{
  "k1": 1.200338312924074e-05,
  "Ki": 5.569407321792072,
  "V2f": 0.45548921725491087,
  "K2s": 0.10510124865060418,
  "V2r": 0.2720343856740585,
  "K2p": 0.11671541716504473,
  "V3f": 0.31567474592907613,
  "K3s": 0.11512188387495864,
  "V3r": 0.20188651035355792,
  "K3p": 0.09543556261182727,
  "V4f": 0.35139159692900307,
  "K4s": 0.08717656644870193,
  "V4r": 0.0750217808494866,
  "K4p": 0.0826787895030484,
  "V5f": 0.23804365119675636,
  "K5s": 0.08603035869237022,
  "V5r": 0.0718837851578509,
  "K5p": 0.06538265577871531,
  "k_drain": 0.09346693769230713
}