{
  "k1": 7.820777749501849e-09,
  "Ki": 9.117356572920471e-07,
  "V2f": 0.00014453207768279236,
  "K2s": 1.2137982567424292e-05,
  "V2r": 1.4572371145634035e-07,
  "K2p": 4.004466028904914e-05,
  "V3f": 0.0022727555250055477,
  "K3s": 0.00012398078285904735,
  "V3r": 6.204392119887168e-05,
  "K3p": 0.00010174325555084035,
  "V4f": 0.012273053372239608,
  "K4s": 5.1992750727847515e-05,
  "V4r": 2.168887971924454e-06,
  "K4p": 0.000898254955117397,
  "V5f": 0.000279523489778272,
  "K5s": 0.0027357350993172,
  "V5r": 2.6738493803772872e-06,
  "K5p": 0.0008046182228051813,
  "k_drain": 1.5364256842255477e-06
}