{
  "k1": 1.0576437908460799e-05,
  "Ki": 4.208909301604968,
  "V2f": 0.9798424330104745,
  "K2s": 0.13497514195736787,
  "V2r": 0.280704190385042,
  "K2p": 0.11770618291694318,
  "V3f": 0.31042870123224625,
  "K3s": 0.05685031762602384,
  "V3r": 0.22517761307243528,
  "K3p": 0.08581149724394545,
  "V4f": 0.43674992728614287,
  "K4s": 0.08147292943513972,
  "V4r": 0.08445305089788256,
  "K4p": 0.10729585096525072,
  "V5f": 0.22370847524472517,
  "K5s": 0.09914067724133603,
  "V5r": 0.04800680695329223,
  "K5p": 0.06361936305925736,
  "k_drain": 0.0524333298054547
}