{
  "k1": 4.0829143858091805e-05,
  "Ki": 0.01245152426120327,
  "V2f": 0.001990059430399123,
  "K2s": 0.0029310307268230295,
  "V2r": 7.809667814613028e-05,
  "K2p": 0.0331556932205993,
  "V3f": 0.0338681513389697,
  "K3s": 0.005136534496520998,
  "V3r": 0.004421437596846211,
  "K3p": 0.08097223912882229,
  "V4f": 0.12221072472423555,
  "K4s": 0.003547236213271387,
  "V4r": 0.00018260582667753054,
  "K4p": 0.06351569020040929,
  "V5f": 0.005718585496920566,
  "K5s": 0.010175944649603155,
  "V5r": 0.02386759404882601,
  "K5p": 0.11678514575392161,
  "k_drain": 0.07502836705797129
}