{
  "k1": 1.1542474941829967e-05,
  "Ki": 5.1942098697779455,
  "V2f": 0.5420806552806728,
  "K2s": 0.11276493515452347,
  "V2r": 0.29036059240717427,
  "K2p": 0.1103347508994637,
  "V3f": 0.3301299379001426,
  "K3s": 0.10659232033668724,
  "V3r": 0.18008752901812028,
  "K3p": 0.10267157821286234,
  "V4f": 0.29327542598553874,
  "K4s": 0.10651490798150279,
  "V4r": 0.11510083539488915,
  "K4p": 0.0878171747487599,
  "V5f": 0.20631527883101705,
  "K5s": 0.10964805283896868,
  "V5r": 0.09026886941425397,
  "K5p": 0.10084834354509795,
  "k_drain": 0.11127630012500445
}