{
  "k1": 1.1842115305354413e-05,
  "Ki": 4.994524302688239,
  "V2f": 0.5018600343846017,
  "K2s": 0.1064969125700998,
  "V2r": 0.29846980006987156,
  "K2p": 0.11055315775387353,
  "V3f": 0.32344136340942803,
  "K3s": 0.11316756393785274,
  "V3r": 0.1794601354110243,
  "K3p": 0.10114808292222557,
  "V4f": 0.2841740545746599,
  "K4s": 0.10410543453593224,
  "V4r": 0.11149127609784926,
  "K4p": 0.08833419720447545,
  "V5f": 0.19928092882188708,
  "K5s": 0.11198474553192647,
  "V5r": 0.08182122952659811,
  "K5p": 0.11069522161662217,
  "k_drain": 0.11202217048487836
}