{
  "k1": 5.313034615832499e-05,
  "Ki": 0.0633996271462369,
  "V2f": 0.0018449811851352226,
  "K2s": 0.006876809683624289,
  "V2r": 0.0002792814245061815,
  "K2p": 0.09981706715203788,
  "V3f": 0.016082842885062863,
  "K3s": 0.02103170202455894,
  "V3r": 0.005481028462221648,
  "K3p": 0.04228028294695999,
  "V4f": 0.11898026021358454,
  "K4s": 0.001820096126452447,
  "V4r": 0.0006548883603743436,
  "K4p": 0.07099756999601754,
  "V5f": 0.010572474967453787,
  "K5s": 0.035638293919171435,
  "V5r": 0.055446383595109484,
  "K5p": 0.33224933355256037,
  "k_drain": 0.025806299653758333
}