{
  "k1": 1.225435350195381e-05,
  "Ki": 4.360238927325647,
  "V2f": 0.7463157669010043,
  "K2s": 0.1313211111637237,
  "V2r": 0.2584574722691113,
  "K2p": 0.11314834782665416,
  "V3f": 0.29713417597023833,
  "K3s": 0.07738073591600826,
  "V3r": 0.22172021299343103,
  "K3p": 0.0978148102563387,
  "V4f": 0.4345493297624831,
  "K4s": 0.07872451948059311,
  "V4r": 0.07543888726200172,
  "K4p": 0.10141417419902338,
  "V5f": 0.25847836456392936,
  "K5s": 0.10575639667289434,
  "V5r": 0.05660242719290389,
  "K5p": 0.07758027341088093,
  "k_drain": 0.06695158486691916
}