{
  "k1": 8.850156495299515e-14,
  "Ki": 1.2632503707729188e-07,
  "V2f": 1.1338086304386552e-05,
  "K2s": 1.9038853049944817e-07,
  "V2r": 2.176793134522389e-09,
  "K2p": 1.6206966385933564e-05,
  "V3f": 0.00021485669506775008,
  "K3s": 8.321554622247697e-07,
  "V3r": 2.191114125730905e-06,
  "K3p": 3.038325568467365e-06,
  "V4f": 0.00023317291845367395,
  "K4s": 1.3723737700987504e-06,
  "V4r": 3.3771691538291824e-06,
  "K4p": 3.557654036226647e-05,
  "V5f": 0.004189994657454796,
  "K5s": 1.0073319197879121e-07,
  "V5r": 2.0680890914501344e-09,
  "K5p": 1.2145532918816002e-06,
  "k_drain": 5.798112014873961e-08
}