{
  "k1": 1.1333170947862089e-05,
  "Ki": 5.104659583700326,
  "V2f": 0.6815250925819853,
  "K2s": 0.11622237281643165,
  "V2r": 0.23540114262128317,
  "K2p": 0.09532775669779128,
  "V3f": 0.3341500543831456,
  "K3s": 0.0964052272448856,
  "V3r": 0.19917789154317422,
  "K3p": 0.11106116287061775,
  "V4f": 0.3545941870364055,
  "K4s": 0.0627661480296593,
  "V4r": 0.06141738408875734,
  "K4p": 0.08526807238246198,
  "V5f": 0.18533095946034855,
  "K5s": 0.08123397647205374,
  "V5r": 0.066636094854479,
  "K5p": 0.07871791843444205,
  "k_drain": 0.09097974434163004
}