{
  "k1": 3.179599213571055e-08,
  "Ki": 9.653727827247692e-06,
  "V2f": 8.46277170548269e-05,
  "K2s": 6.436046396865306e-06,
  "V2r": 2.004061282020413e-06,
  "K2p": 5.969531847741801e-05,
  "V3f": 0.009772986826861375,
  "K3s": 0.00025047791504549877,
  "V3r": 6.953502220694912e-05,
  "K3p": 0.000382390697522466,
  "V4f": 0.025930380197690835,
  "K4s": 0.00021134238073625513,
  "V4r": 1.1605758173541266e-05,
  "K4p": 0.00028657485261342425,
  "V5f": 0.0025695936981264566,
  "K5s": 0.004105271823195177,
  "V5r": 8.97425800003791e-06,
  "K5p": 0.007756409241139637,
  "k_drain": 8.182159287966557e-05
}