{
  "k1": 1.2583371121724846e-05,
  "Ki": 4.423057404682222,
  "V2f": 0.46025630093745523,
  "K2s": 0.11640138401337573,
  "V2r": 0.3085823282859961,
  "K2p": 0.10046199101294512,
  "V3f": 0.31089222695092356,
  "K3s": 0.113395248547345,
  "V3r": 0.23467321591179932,
  "K3p": 0.11149951419044772,
  "V4f": 0.29102295723830784,
  "K4s": 0.09461141738265869,
  "V4r": 0.07743002456541612,
  "K4p": 0.09236373759877693,
  "V5f": 0.23995263252687066,
  "K5s": 0.10057110943934729,
  "V5r": 0.0716123606431661,
  "K5p": 0.06691310590783783,
  "k_drain": 0.0959734689157156
}