{
  "k1": 1.2835022777831804e-05,
  "Ki": 5.104811369342447,
  "V2f": 0.47382452780490036,
  "K2s": 0.10901952851473813,
  "V2r": 0.2724835628443824,
  "K2p": 0.10908932592618552,
  "V3f": 0.3318294749602649,
  "K3s": 0.1078357437067257,
  "V3r": 0.1987030785172433,
  "K3p": 0.09794717400023518,
  "V4f": 0.3126428290269997,
  "K4s": 0.08604864852146973,
  "V4r": 0.0745662195719647,
  "K4p": 0.07726105524267608,
  "V5f": 0.22026162380078615,
  "K5s": 0.083033135815093,
  "V5r": 0.07228601629699062,
  "K5p": 0.06282156560478341,
  "k_drain": 0.09844584346257396
}