{
  "k1": 4.423360071349945e-09,
  "Ki": 7.590180363645131e-07,
  "V2f": 8.147004262183074e-05,
  "K2s": 6.768688567965062e-06,
  "V2r": 3.219583182836111e-07,
  "K2p": 5.650612114248159e-06,
  "V3f": 0.0018589310744961238,
  "K3s": 7.1584704088166e-05,
  "V3r": 6.675513847345291e-05,
  "K3p": 0.0001923316485631993,
  "V4f": 0.0304138730705676,
  "K4s": 9.225964089379229e-05,
  "V4r": 4.482153211332846e-06,
  "K4p": 0.001863364710737658,
  "V5f": 0.0009527103451508803,
  "K5s": 0.0008007747804484866,
  "V5r": 5.864835917890364e-07,
  "K5p": 0.0004250179551425529,
  "k_drain": 1.1106413127006645e-06
}