{
  "k1": 6.314278553109079e-06,
  "Ki": 0.0009180083379290214,
  "V2f": 0.0002823973419636425,
  "K2s": 0.0007728625017575137,
  "V2r": 3.681269687545696e-05,
  "K2p": 0.015476309349058786,
  "V3f": 0.01137304925000868,
  "K3s": 0.0061856708958474334,
  "V3r": 0.00019934109866460544,
  "K3p": 0.005861960272706105,
  "V4f": 0.10323944585927433,
  "K4s": 0.0020266763228830634,
  "V4r": 0.0008943637388136804,
  "K4p": 0.09023540369328599,
  "V5f": 0.005555249166936654,
  "K5s": 0.003417064452747552,
  "V5r": 0.002571244437487151,
  "K5p": 0.14527069861781544,
  "k_drain": 0.007606640511072794
}