{
  "k1": 1.2512021635057384e-05,
  "Ki": 4.568175385733195,
  "V2f": 0.5141432259918071,
  "K2s": 0.10545256500156,
  "V2r": 0.3285092645860144,
  "K2p": 0.0957815818705805,
  "V3f": 0.28197851760406994,
  "K3s": 0.11655620443557867,
  "V3r": 0.18653289077397928,
  "K3p": 0.0940907400785451,
  "V4f": 0.2893752460572835,
  "K4s": 0.11231381094274642,
  "V4r": 0.10731807537454244,
  "K4p": 0.07968794260087356,
  "V5f": 0.21886193961067316,
  "K5s": 0.09965652947758476,
  "V5r": 0.0877070750274455,
  "K5p": 0.08869082931227533,
  "k_drain": 0.10631491699253101
}