{
  "k1": 1.464448389429324e-05,
  "Ki": 5.3950078386927425,
  "V2f": 0.8301467781046329,
  "K2s": 0.15851858355808723,
  "V2r": 0.2763873390154123,
  "K2p": 0.14635965167783394,
  "V3f": 0.3377136274275174,
  "K3s": 0.04171497824757899,
  "V3r": 0.25657526776235184,
  "K3p": 0.10021758211225824,
  "V4f": 0.42802320547927813,
  "K4s": 0.09601061496944131,
  "V4r": 0.07112913462695333,
  "K4p": 0.09017429140699992,
  "V5f": 0.2494598103865272,
  "K5s": 0.0823343888590032,
  "V5r": 0.04633843243851441,
  "K5p": 0.07234823514572838,
  "k_drain": 0.04820122091893818
}