{
  "k1": 1.1671234866045684e-06,
  "Ki": 0.0005021221015924269,
  "V2f": 7.13572957409511e-05,
  "K2s": 0.00025653873204614376,
  "V2r": 1.3022490334637012e-05,
  "K2p": 0.01670054250710946,
  "V3f": 0.002623186185503773,
  "K3s": 0.002343936720367901,
  "V3r": 1.1812198465364565e-05,
  "K3p": 0.004066107937784852,
  "V4f": 0.05129940405386505,
  "K4s": 0.0021185637420169444,
  "V4r": 0.0002664386520099866,
  "K4p": 0.068417894178409,
  "V5f": 0.003734277767592575,
  "K5s": 0.006371628576783339,
  "V5r": 0.0005445279228547885,
  "K5p": 0.18794283630815234,
  "k_drain": 0.0014679650524444554
}