{
  "k1": 1.2840424185244793e-05,
  "Ki": 4.150946712318364,
  "V2f": 0.4863519290199902,
  "K2s": 0.10365582902383914,
  "V2r": 0.30924552620222406,
  "K2p": 0.11484456727232271,
  "V3f": 0.29526855686186765,
  "K3s": 0.11911672489057945,
  "V3r": 0.21894075187042647,
  "K3p": 0.10059000327590507,
  "V4f": 0.2894177665861366,
  "K4s": 0.11291340432714615,
  "V4r": 0.0966917327410093,
  "K4p": 0.0814186913365593,
  "V5f": 0.21993366982682566,
  "K5s": 0.08915334153774482,
  "V5r": 0.07645249240771476,
  "K5p": 0.0831611356170267,
  "k_drain": 0.1012253334090111
}