{
  "k1": 1.3613422270655037e-05,
  "Ki": 4.579005731325308,
  "V2f": 0.9491709894163903,
  "K2s": 0.14197569932322057,
  "V2r": 0.2454217290530684,
  "K2p": 0.11152501287938833,
  "V3f": 0.3177328689195328,
  "K3s": 0.07572800672357036,
  "V3r": 0.23532121361043692,
  "K3p": 0.09016241809804683,
  "V4f": 0.45784653891965005,
  "K4s": 0.07931740059569438,
  "V4r": 0.08814254251426412,
  "K4p": 0.10514923701423358,
  "V5f": 0.24276888615933592,
  "K5s": 0.10085554735825122,
  "V5r": 0.05594258202226173,
  "K5p": 0.06451990831819446,
  "k_drain": 0.06556041712022641
}