{
  "k1": 1.1594257306372146e-05,
  "Ki": 5.007333076587839,
  "V2f": 0.7160149050187988,
  "K2s": 0.12462478291646903,
  "V2r": 0.25439936482089726,
  "K2p": 0.10029171398960506,
  "V3f": 0.37806774588211906,
  "K3s": 0.10367131363849556,
  "V3r": 0.20061411349108269,
  "K3p": 0.11477187475589262,
  "V4f": 0.3152719891946501,
  "K4s": 0.06798308097918768,
  "V4r": 0.06145800989108798,
  "K4p": 0.08679297954167378,
  "V5f": 0.19024242593329047,
  "K5s": 0.07923386509004011,
  "V5r": 0.06418567660402119,
  "K5p": 0.07653520992451156,
  "k_drain": 0.08948559395142174
}