{
  "k1": 2.5611609177329817e-12,
  "Ki": 4.1858847837147485e-07,
  "V2f": 3.625853450502124e-05,
  "K2s": 4.38106818113194e-07,
  "V2r": 2.165024521135636e-09,
  "K2p": 4.0518540948399275e-05,
  "V3f": 0.0005181476584645153,
  "K3s": 2.0399383913486656e-06,
  "V3r": 1.8459087436246222e-06,
  "K3p": 1.4625498150563024e-05,
  "V4f": 0.0004036936905679001,
  "K4s": 3.901542791505697e-06,
  "V4r": 1.0231704253390488e-06,
  "K4p": 0.0001340955573878863,
  "V5f": 0.001176720112983264,
  "K5s": 9.632634298361098e-08,
  "V5r": 2.4765625519696943e-08,
  "K5p": 4.902125580148774e-07,
  "k_drain": 2.1669552283463925e-07
}