{
  "k1": 1.2027922465454148e-05,
  "Ki": 4.582041893270248,
  "V2f": 0.575654589508648,
  "K2s": 0.10242822541483719,
  "V2r": 0.32956249146723465,
  "K2p": 0.10211655731297614,
  "V3f": 0.3124547139241756,
  "K3s": 0.11541765001065395,
  "V3r": 0.1758768116778474,
  "K3p": 0.09233582130006814,
  "V4f": 0.2980529982483303,
  "K4s": 0.10239116784930392,
  "V4r": 0.11052519378926523,
  "K4p": 0.08982848023158141,
  "V5f": 0.1982139559560337,
  "K5s": 0.10748315003137161,
  "V5r": 0.08879559132858494,
  "K5p": 0.0935588146652213,
  "k_drain": 0.1002173477438958
}