{
  "k1": 2.1957596496704993e-05,
  "Ki": 0.004255565816475713,
  "V2f": 0.0007642057830115199,
  "K2s": 0.0025534841743646798,
  "V2r": 8.355953503294708e-05,
  "K2p": 0.01020159574138295,
  "V3f": 0.014227936400175245,
  "K3s": 0.003973308674898629,
  "V3r": 0.0014939773995588158,
  "K3p": 0.010667205233488398,
  "V4f": 0.11136845540657485,
  "K4s": 0.005954292768979074,
  "V4r": 0.00040414442302739913,
  "K4p": 0.041984586951829654,
  "V5f": 0.002511956709194869,
  "K5s": 0.003920302939468824,
  "V5r": 0.015349706007976341,
  "K5p": 0.20872732031180152,
  "k_drain": 0.020426664689096333
}