{
  "k1": 7.3872293033645175e-06,
  "Ki": 0.0005266789563170285,
  "V2f": 0.0005139083868244068,
  "K2s": 0.0010361828171200568,
  "V2r": 7.167716883090321e-05,
  "K2p": 0.02289679066806126,
  "V3f": 0.008846197955922851,
  "K3s": 0.009090223342264772,
  "V3r": 0.0005780711815879847,
  "K3p": 0.00769922529327888,
  "V4f": 0.19584829698843806,
  "K4s": 0.0020717964062608534,
  "V4r": 0.0005077674243067185,
  "K4p": 0.06379399341463034,
  "V5f": 0.00436613220843996,
  "K5s": 0.006754149208798862,
  "V5r": 0.002234164214777835,
  "K5p": 0.14103958938068112,
  "k_drain": 0.00992807783509908
}