{
  "k1": 1.2309369790899545e-05,
  "Ki": 4.411715643506772,
  "V2f": 0.5581105055050715,
  "K2s": 0.10245086007490226,
  "V2r": 0.3266057214151044,
  "K2p": 0.09591231458862194,
  "V3f": 0.27928475239741624,
  "K3s": 0.11796246326200864,
  "V3r": 0.18600411869012634,
  "K3p": 0.08969745956726202,
  "V4f": 0.3011144805102356,
  "K4s": 0.10775282798241691,
  "V4r": 0.10945261387057754,
  "K4p": 0.08105797152627651,
  "V5f": 0.21120513893390533,
  "K5s": 0.10176304504924832,
  "V5r": 0.09107568924258132,
  "K5p": 0.09026337583353478,
  "k_drain": 0.10373013186864469
}