{
  "k1": 8.076551306442718e-15,
  "Ki": 1.1518574863585052e-07,
  "V2f": 2.052097551310835e-08,
  "K2s": 9.30821345192909e-09,
  "V2r": 8.386863790819862e-10,
  "K2p": 1.1290856219751906e-05,
  "V3f": 1.4178802527016906e-05,
  "K3s": 9.009277321641612e-08,
  "V3r": 5.448401009427699e-08,
  "K3p": 2.896593069480992e-08,
  "V4f": 0.0001251578905061174,
  "K4s": 9.341912595277944e-06,
  "V4r": 2.769758768327497e-06,
  "K4p": 4.627377988601911e-06,
  "V5f": 5.414460131563394e-05,
  "K5s": 8.006336926248524e-09,
  "V5r": 5.0116155771973e-11,
  "K5p": 1.5896316521079947e-09,
  "k_drain": 8.770645931575437e-09
}