{
  "k1": 1.1753049363461502e-05,
  "Ki": 4.240427351263094,
  "V2f": 0.7623014437300771,
  "K2s": 0.13601781513975242,
  "V2r": 0.26594212376408866,
  "K2p": 0.10908561785418974,
  "V3f": 0.3065020551108961,
  "K3s": 0.0755394871185765,
  "V3r": 0.21659081374814024,
  "K3p": 0.09153592549267946,
  "V4f": 0.42048933176665815,
  "K4s": 0.08005140765654703,
  "V4r": 0.07949058635250983,
  "K4p": 0.09818278016356463,
  "V5f": 0.2490948859183138,
  "K5s": 0.10429915577439383,
  "V5r": 0.05825655015686045,
  "K5p": 0.08085774623610838,
  "k_drain": 0.06764885056697924
}