{
  "k1": 1.1068852305447508e-05,
  "Ki": 4.457103902867042,
  "V2f": 0.6426477695969444,
  "K2s": 0.13196637207670167,
  "V2r": 0.25151349353256347,
  "K2p": 0.10460048990426513,
  "V3f": 0.28636857945244865,
  "K3s": 0.08689777739978226,
  "V3r": 0.19793901728724494,
  "K3p": 0.11212268961454439,
  "V4f": 0.3910091645825513,
  "K4s": 0.08333460048497535,
  "V4r": 0.07717605911127269,
  "K4p": 0.10144440389643361,
  "V5f": 0.255840568473437,
  "K5s": 0.09814314217488006,
  "V5r": 0.06210318613127422,
  "K5p": 0.08153150059485645,
  "k_drain": 0.0668276735837883
}