{
  "k1": 9.148158823958344e-15,
  "Ki": 6.0154344241552115e-09,
  "V2f": 1.2472536725253428e-07,
  "K2s": 2.256679729320366e-08,
  "V2r": 2.5320197790810528e-09,
  "K2p": 5.221938739065496e-06,
  "V3f": 3.464752143321132e-05,
  "K3s": 6.584509100896758e-07,
  "V3r": 3.719843282946993e-08,
  "K3p": 1.0302328740808379e-08,
  "V4f": 0.0001382940260932554,
  "K4s": 5.208601087757162e-06,
  "V4r": 8.661711069050626e-06,
  "K4p": 2.581501987322691e-06,
  "V5f": 7.503977458894615e-05,
  "K5s": 2.261946881912223e-09,
  "V5r": 9.66209020011297e-11,
  "K5p": 4.21147704114473e-09,
  "k_drain": 1.0287430194768825e-08
}