{
  "k1": 2.368447575175744e-14,
  "Ki": 4.997687269066048e-08,
  "V2f": 9.068233339455549e-07,
  "K2s": 4.7860200366005707e-08,
  "V2r": 2.4003703679907837e-08,
  "K2p": 3.1484960934525865e-05,
  "V3f": 0.00016269255995800735,
  "K3s": 1.0020031191726774e-07,
  "V3r": 1.0664533092870802e-06,
  "K3p": 4.293431953867994e-07,
  "V4f": 0.001417505023345088,
  "K4s": 2.9493565211153704e-06,
  "V4r": 7.429198284847702e-06,
  "K4p": 6.223025814021113e-06,
  "V5f": 0.000359580613825098,
  "K5s": 4.826564271973283e-08,
  "V5r": 1.81324732081227e-10,
  "K5p": 2.3356123572417332e-08,
  "k_drain": 2.0671764790056603e-08
}