{
  "k1": 1.319206762222591e-05,
  "Ki": 4.347891449434309,
  "V2f": 0.7039580647472019,
  "K2s": 0.1274129485133535,
  "V2r": 0.2522389236949063,
  "K2p": 0.10509037944096379,
  "V3f": 0.3020076193343954,
  "K3s": 0.08683308604110596,
  "V3r": 0.18987103479093126,
  "K3p": 0.12066056932681338,
  "V4f": 0.3605999206674337,
  "K4s": 0.06776882499685166,
  "V4r": 0.06063565476849624,
  "K4p": 0.09784827344344121,
  "V5f": 0.22099361567176645,
  "K5s": 0.09645207807408208,
  "V5r": 0.061591381911586404,
  "K5p": 0.08164485981280033,
  "k_drain": 0.06975500364553687
}