{
  "k1": 1.5551292880344415e-05,
  "Ki": 5.571447310332243,
  "V2f": 0.9002145033422806,
  "K2s": 0.16045159428452083,
  "V2r": 0.21503805196750336,
  "K2p": 0.142088260055464,
  "V3f": 0.42372223069612375,
  "K3s": 0.04031973610332091,
  "V3r": 0.31335862214187393,
  "K3p": 0.110714551977855,
  "V4f": 0.38974350110687866,
  "K4s": 0.10249767519864102,
  "V4r": 0.060348748422121845,
  "K4p": 0.10647660253006032,
  "V5f": 0.18215532768814607,
  "K5s": 0.06625512765249177,
  "V5r": 0.05956746321999859,
  "K5p": 0.056444245495156434,
  "k_drain": 0.05438565625989847
}