{
  "k1": 1.2950074090427774e-05,
  "Ki": 4.513327246798111,
  "V2f": 1.0095752158919478,
  "K2s": 0.13900335642202538,
  "V2r": 0.26872984542924006,
  "K2p": 0.10738262200420645,
  "V3f": 0.31418191662433603,
  "K3s": 0.06627794432523124,
  "V3r": 0.22226073214194975,
  "K3p": 0.07600596158532817,
  "V4f": 0.46545148267209296,
  "K4s": 0.07822995736829683,
  "V4r": 0.08744714402179185,
  "K4p": 0.11728745872988983,
  "V5f": 0.23716103114079196,
  "K5s": 0.09476570930161864,
  "V5r": 0.04825770426261372,
  "K5p": 0.06636569488332823,
  "k_drain": 0.05289886665094142
}