{
  "k1": 4.8218226363434056e-14,
  "Ki": 1.9404057734349474e-07,
  "V2f": 3.4364379507984332e-06,
  "K2s": 8.379198784246488e-08,
  "V2r": 3.026423352389266e-09,
  "K2p": 2.7177534903266172e-05,
  "V3f": 0.0001869664859294142,
  "K3s": 4.39799157723745e-07,
  "V3r": 2.412906666321066e-06,
  "K3p": 2.1259506858074687e-06,
  "V4f": 0.0003795279761268539,
  "K4s": 6.574499117030125e-07,
  "V4r": 1.4024735888447727e-06,
  "K4p": 1.3062552191737476e-05,
  "V5f": 0.002063234999449391,
  "K5s": 1.8666419096137317e-07,
  "V5r": 6.127421672334855e-10,
  "K5p": 1.397654326358841e-07,
  "k_drain": 2.4712574931907774e-08
}