{
  "k1": 1.189548595106541e-05,
  "Ki": 4.6422029571072105,
  "V2f": 0.6910014286556895,
  "K2s": 0.12145046048806596,
  "V2r": 0.22829161011575258,
  "K2p": 0.10426619018226889,
  "V3f": 0.3212462237823146,
  "K3s": 0.09685415330348443,
  "V3r": 0.20482362433892698,
  "K3p": 0.11596260221289974,
  "V4f": 0.3482545699301443,
  "K4s": 0.06190540053557601,
  "V4r": 0.05601360995638814,
  "K4p": 0.08457544644654238,
  "V5f": 0.19173388983581677,
  "K5s": 0.08679683780011847,
  "V5r": 0.06372306438449148,
  "K5p": 0.07856551978819465,
  "k_drain": 0.08127624059530254
}