{
  "k1": 1.0592315064644919e-05,
  "Ki": 4.373898310915686,
  "V2f": 0.6707737407135567,
  "K2s": 0.12653411283476773,
  "V2r": 0.22764041022774475,
  "K2p": 0.10944844741014316,
  "V3f": 0.2754442258745458,
  "K3s": 0.09206569880390236,
  "V3r": 0.19195143842582896,
  "K3p": 0.12189015363831109,
  "V4f": 0.38656737261687146,
  "K4s": 0.08038508148548659,
  "V4r": 0.07105703097737678,
  "K4p": 0.1070992908525678,
  "V5f": 0.2383398793396097,
  "K5s": 0.1007566437908798,
  "V5r": 0.06434021062262472,
  "K5p": 0.07882762836339068,
  "k_drain": 0.07006113809464024
}