{
  "k1": 8.559624837032597e-15,
  "Ki": 1.8492927259803192e-08,
  "V2f": 2.58991173754378e-07,
  "K2s": 5.109330855045009e-08,
  "V2r": 2.0703360101691356e-09,
  "K2p": 3.602242284732561e-05,
  "V3f": 2.4005004830437406e-05,
  "K3s": 7.405047942425868e-07,
  "V3r": 1.0333565979665e-07,
  "K3p": 9.598952053491689e-08,
  "V4f": 0.00015742666559290252,
  "K4s": 8.013618858638659e-06,
  "V4r": 1.0720849966533243e-05,
  "K4p": 1.1246019648992721e-05,
  "V5f": 5.1330247263801846e-05,
  "K5s": 5.8957114634922325e-09,
  "V5r": 7.679278519967952e-11,
  "K5p": 7.287457706738563e-09,
  "k_drain": 1.5738787594995446e-08
}