{
  "k1": 1.4567482909586181e-05,
  "Ki": 6.109991837451692,
  "V2f": 0.8438955536623197,
  "K2s": 0.16371605735845865,
  "V2r": 0.26727765257927477,
  "K2p": 0.14764706618559303,
  "V3f": 0.34387602161465225,
  "K3s": 0.039578219809843565,
  "V3r": 0.2707945525390513,
  "K3p": 0.10873709775901733,
  "V4f": 0.3943315517460838,
  "K4s": 0.10271893805333945,
  "V4r": 0.06836386430869304,
  "K4p": 0.09553607340460168,
  "V5f": 0.21850961002747576,
  "K5s": 0.07640065193001686,
  "V5r": 0.04818466252947436,
  "K5p": 0.07158121107663501,
  "k_drain": 0.053047354081228355
}