{
  "k1": 1.4805338409980795e-05,
  "Ki": 5.908059333270305,
  "V2f": 0.8714712090159363,
  "K2s": 0.1725422888201947,
  "V2r": 0.2621664209703462,
  "K2p": 0.13816211569510092,
  "V3f": 0.3461782102485108,
  "K3s": 0.03706913646679365,
  "V3r": 0.28677488828321557,
  "K3p": 0.12028664590135732,
  "V4f": 0.4180195631927962,
  "K4s": 0.1071707404210973,
  "V4r": 0.06293444788976625,
  "K4p": 0.09638170962424908,
  "V5f": 0.2046462143190121,
  "K5s": 0.07880239296491866,
  "V5r": 0.04741553918271602,
  "K5p": 0.06489034414769179,
  "k_drain": 0.05023885881520567
}