{
  "k1": 1.2434069946055028e-05,
  "Ki": 5.009589384183253,
  "V2f": 0.5783515705932423,
  "K2s": 0.121260128726463,
  "V2r": 0.2920994626212699,
  "K2p": 0.12027370495719683,
  "V3f": 0.3213317217318559,
  "K3s": 0.10156619415041586,
  "V3r": 0.22345449482952956,
  "K3p": 0.09063639127177996,
  "V4f": 0.29032730877260654,
  "K4s": 0.07719420632864717,
  "V4r": 0.06667736399842242,
  "K4p": 0.0746899476215822,
  "V5f": 0.23492361561164585,
  "K5s": 0.08593325075434935,
  "V5r": 0.07516135124317373,
  "K5p": 0.06998217021492002,
  "k_drain": 0.09058620563271333
}