{
  "k1": 1.046652222745302e-09,
  "Ki": 1.0631319329017011e-06,
  "V2f": 1.9358073854858827e-05,
  "K2s": 4.148416099757649e-06,
  "V2r": 1.4088321862274355e-07,
  "K2p": 4.047557457937687e-06,
  "V3f": 0.001191193383672918,
  "K3s": 9.260049411561512e-06,
  "V3r": 6.18926442698888e-05,
  "K3p": 6.602634358279326e-05,
  "V4f": 0.012979779519191333,
  "K4s": 9.140138575680774e-05,
  "V4r": 4.042075122654051e-05,
  "K4p": 0.0005223663595054106,
  "V5f": 0.001319530690584214,
  "K5s": 2.1489287230712394e-05,
  "V5r": 1.0058385013075298e-07,
  "K5p": 1.828822058933337e-05,
  "k_drain": 5.885335877876024e-07
}