{
  "k1": 1.3436445463452034e-05,
  "Ki": 4.709280201924122,
  "V2f": 0.8764518713098435,
  "K2s": 0.14695981511948492,
  "V2r": 0.24329374062238843,
  "K2p": 0.10785078768387774,
  "V3f": 0.2917961072022497,
  "K3s": 0.07870021813559698,
  "V3r": 0.2243479033632039,
  "K3p": 0.09573760295841231,
  "V4f": 0.512994051700521,
  "K4s": 0.07736906245976904,
  "V4r": 0.08903289196801437,
  "K4p": 0.10234699360964869,
  "V5f": 0.23399896621279287,
  "K5s": 0.09262339537976408,
  "V5r": 0.061794437020094135,
  "K5p": 0.06730179706652986,
  "k_drain": 0.0667082179539734
}