{
  "k1": 1.2586806502978827e-05,
  "Ki": 4.343395180702732,
  "V2f": 0.44629069427818796,
  "K2s": 0.1048636301971696,
  "V2r": 0.32290376838881607,
  "K2p": 0.10955684275399014,
  "V3f": 0.30241092068956316,
  "K3s": 0.11986959284042278,
  "V3r": 0.21948007643539463,
  "K3p": 0.09784985608607141,
  "V4f": 0.29506916903606667,
  "K4s": 0.10030114612244519,
  "V4r": 0.09095361257231815,
  "K4p": 0.08740945494346232,
  "V5f": 0.22494257592701014,
  "K5s": 0.09122465624374869,
  "V5r": 0.06902309435093154,
  "K5p": 0.07322088988070236,
  "k_drain": 0.09451771375797537
}