{
  "k1": 3.372296369106572e-07,
  "Ki": 0.0002630063799666248,
  "V2f": 0.0002519654575643061,
  "K2s": 0.00018086316893606183,
  "V2r": 8.736846623577946e-06,
  "K2p": 0.03170177148367238,
  "V3f": 0.0033070843495144795,
  "K3s": 0.00033668216604553495,
  "V3r": 3.6331296859948104e-05,
  "K3p": 0.003510612992315713,
  "V4f": 0.12539785844016077,
  "K4s": 0.0005444640418397064,
  "V4r": 0.00019608273122959823,
  "K4p": 0.015274966732500535,
  "V5f": 0.0015354529341837615,
  "K5s": 0.003031513306213525,
  "V5r": 0.00040743815860158346,
  "K5p": 0.04256721237954561,
  "k_drain": 0.0010830476024266508
}