{
  "k1": 1.070692271784543e-05,
  "Ki": 5.05487046627954,
  "V2f": 1.01894374963206,
  "K2s": 0.1410346004450281,
  "V2r": 0.2887655254149163,
  "K2p": 0.13723639983092342,
  "V3f": 0.3093570438032087,
  "K3s": 0.06114041482659492,
  "V3r": 0.22248723635193024,
  "K3p": 0.08874130234514163,
  "V4f": 0.4533150562449305,
  "K4s": 0.08544677060609229,
  "V4r": 0.08265278279664351,
  "K4p": 0.1077726908629983,
  "V5f": 0.21170422489284677,
  "K5s": 0.09124164112385101,
  "V5r": 0.0548435945985056,
  "K5p": 0.06901041694923296,
  "k_drain": 0.05362184191625744
}