{
  "k1": 5.213988866422148e-08,
  "Ki": 7.547517012101734e-05,
  "V2f": 6.563111849977977e-05,
  "K2s": 1.2282028216213585e-05,
  "V2r": 8.346953633714145e-06,
  "K2p": 0.0006584349806966195,
  "V3f": 0.003919789004129028,
  "K3s": 0.00024362537281605944,
  "V3r": 2.7202327941284695e-05,
  "K3p": 0.0011128180343973587,
  "V4f": 0.02267913213300682,
  "K4s": 0.00048792835450023125,
  "V4r": 2.3377488658317545e-05,
  "K4p": 0.0017887045481901202,
  "V5f": 0.0019188696681221144,
  "K5s": 0.004572904756011993,
  "V5r": 0.0001960208911305063,
  "K5p": 0.008253244287746129,
  "k_drain": 0.00026344005216111336
}