{
  "k1": 1.3246595635499505e-05,
  "Ki": 4.4105525504220155,
  "V2f": 0.446762647198597,
  "K2s": 0.10892591945520648,
  "V2r": 0.3070975171855695,
  "K2p": 0.105178051003042,
  "V3f": 0.31420896022045386,
  "K3s": 0.12162593865059362,
  "V3r": 0.23197684995491813,
  "K3p": 0.11826334874249288,
  "V4f": 0.2690250089197305,
  "K4s": 0.1021262264531229,
  "V4r": 0.07927570548936115,
  "K4p": 0.09626349055773112,
  "V5f": 0.21971032687785633,
  "K5s": 0.08899627503424214,
  "V5r": 0.0707071561816276,
  "K5p": 0.061408146719504925,
  "k_drain": 0.10137921672801707
}