{
  "k1": 8.622096077025118e-06,
  "Ki": 0.0006372876347667763,
  "V2f": 0.00030643452744191335,
  "K2s": 0.0007560484634500968,
  "V2r": 8.929443634968359e-05,
  "K2p": 0.014280749113768962,
  "V3f": 0.011654981650727514,
  "K3s": 0.007128584296077421,
  "V3r": 0.0005427195252875268,
  "K3p": 0.010614815906590597,
  "V4f": 0.17622178752745268,
  "K4s": 0.0016452547029356056,
  "V4r": 0.0004751239872335007,
  "K4p": 0.07356738684598188,
  "V5f": 0.002975844309707341,
  "K5s": 0.0032050222316500443,
  "V5r": 0.0031046676793395293,
  "K5p": 0.28611511894219993,
  "k_drain": 0.016881739428940598
}