{
  "k1": 1.2058943142869723e-05,
  "Ki": 4.634526893619978,
  "V2f": 0.5555370069407106,
  "K2s": 0.10082938111242942,
  "V2r": 0.33193487839039065,
  "K2p": 0.09995094218738174,
  "V3f": 0.28477495732390584,
  "K3s": 0.11376648260265301,
  "V3r": 0.18022091927722886,
  "K3p": 0.09059593846492561,
  "V4f": 0.2912320705957681,
  "K4s": 0.10667529439258563,
  "V4r": 0.11242922147792124,
  "K4p": 0.0839055548789814,
  "V5f": 0.20307107415769413,
  "K5s": 0.10041460734287082,
  "V5r": 0.0986936291533649,
  "K5p": 0.09103717229160138,
  "k_drain": 0.10179456978330649
}