{
  "k1": 1.412341575808177e-05,
  "Ki": 5.610033277299249,
  "V2f": 0.8291425438143599,
  "K2s": 0.15431034987996253,
  "V2r": 0.27641422832531126,
  "K2p": 0.15373549867282715,
  "V3f": 0.32833375945323506,
  "K3s": 0.040220875057876554,
  "V3r": 0.2569942188564705,
  "K3p": 0.10206201450967846,
  "V4f": 0.4344151515157555,
  "K4s": 0.09866293769937802,
  "V4r": 0.06895008119923823,
  "K4p": 0.09462222369855994,
  "V5f": 0.2460309632423969,
  "K5s": 0.08090562841442883,
  "V5r": 0.045937113151224486,
  "K5p": 0.07323968160203563,
  "k_drain": 0.05118764901110842
}