{
  "k1": 1.0978710641326062e-05,
  "Ki": 4.8640267437332865,
  "V2f": 1.0503935084444198,
  "K2s": 0.14069631770965924,
  "V2r": 0.2769349914840896,
  "K2p": 0.13539083353329337,
  "V3f": 0.3007835900952855,
  "K3s": 0.05988502257373746,
  "V3r": 0.22251963863794397,
  "K3p": 0.08467910358412468,
  "V4f": 0.4325486098575079,
  "K4s": 0.08532023571628954,
  "V4r": 0.08243129831394057,
  "K4p": 0.10658966598919492,
  "V5f": 0.21863659248493728,
  "K5s": 0.09646217754275327,
  "V5r": 0.053414238485448455,
  "K5p": 0.06775174888270749,
  "k_drain": 0.0520261518524201
}