{
  "k1": 1.3674292568761757e-05,
  "Ki": 5.734035785253821,
  "V2f": 0.8658486212615679,
  "K2s": 0.16476940437436183,
  "V2r": 0.21855695171283218,
  "K2p": 0.13996778216237188,
  "V3f": 0.3301564378055084,
  "K3s": 0.03358247534968007,
  "V3r": 0.3195043333936561,
  "K3p": 0.11876380011048943,
  "V4f": 0.3992073898285723,
  "K4s": 0.09966895789608506,
  "V4r": 0.07387682238752277,
  "K4p": 0.10222018685640044,
  "V5f": 0.1993335879164792,
  "K5s": 0.08276291221497681,
  "V5r": 0.04848150177816105,
  "K5p": 0.06206179729792877,
  "k_drain": 0.045177433737852456
}