{
  "k1": 1.1855055888294361e-05,
  "Ki": 4.207508292856503,
  "V2f": 1.021411265415823,
  "K2s": 0.1320203937998262,
  "V2r": 0.28113477774163564,
  "K2p": 0.107115965255058,
  "V3f": 0.3057517741060613,
  "K3s": 0.061044936082465924,
  "V3r": 0.23227664998154313,
  "K3p": 0.0839827113836609,
  "V4f": 0.45040124957531325,
  "K4s": 0.07512541238600821,
  "V4r": 0.0870608058481314,
  "K4p": 0.10750057422364427,
  "V5f": 0.21914015636688094,
  "K5s": 0.09717874623429879,
  "V5r": 0.046205829187962816,
  "K5p": 0.06371433145082182,
  "k_drain": 0.055117294832664886
}