{
  "k1": 3.5020650705071064e-05,
  "Ki": 0.21011272379774898,
  "V2f": 0.007537790676823163,
  "K2s": 0.005359184691874486,
  "V2r": 0.0006614355017946175,
  "K2p": 0.088901294882138,
  "V3f": 0.03976890474225026,
  "K3s": 0.0742097088733512,
  "V3r": 0.004777149541554325,
  "K3p": 0.21879846692033472,
  "V4f": 0.24349133504455814,
  "K4s": 0.0013518490679451482,
  "V4r": 0.001612800192636008,
  "K4p": 0.1286825209441862,
  "V5f": 0.014084360192460633,
  "K5s": 0.04521489688004051,
  "V5r": 0.12243778010780328,
  "K5p": 0.18992548552589916,
  "k_drain": 0.1609867733397568
}