{
  "k1": 1.0206039258691172e-05,
  "Ki": 5.502008071844467,
  "V2f": 0.4870241079696262,
  "K2s": 0.0946724658837517,
  "V2r": 0.31539603203112077,
  "K2p": 0.10252592179802045,
  "V3f": 0.35077935384280196,
  "K3s": 0.11017404933677892,
  "V3r": 0.18988105393575813,
  "K3p": 0.09470744016216623,
  "V4f": 0.31054309485235393,
  "K4s": 0.10058604730841764,
  "V4r": 0.10394705598825497,
  "K4p": 0.09652859853826382,
  "V5f": 0.18925280483146012,
  "K5s": 0.10716553260036037,
  "V5r": 0.0853878769237646,
  "K5p": 0.11672733735196682,
  "k_drain": 0.10431427367767881
}