{
  "k1": 9.791359728518996e-06,
  "Ki": 5.526467172974657,
  "V2f": 0.5451708998316542,
  "K2s": 0.099646189661372,
  "V2r": 0.28950761232311534,
  "K2p": 0.09972736891997656,
  "V3f": 0.35240471946094276,
  "K3s": 0.09771376371781655,
  "V3r": 0.18154716953384495,
  "K3p": 0.10677094742966972,
  "V4f": 0.30213606644653956,
  "K4s": 0.09877086073820167,
  "V4r": 0.10319699985538942,
  "K4p": 0.09987523606870512,
  "V5f": 0.18642415489971814,
  "K5s": 0.1056915023144805,
  "V5r": 0.09586218485327996,
  "K5p": 0.10421910376139815,
  "k_drain": 0.1064163092210573
}