{
  "k1": 1.831973085023391e-05,
  "Ki": 0.8539220697697252,
  "V2f": 0.0023503984884765414,
  "K2s": 0.0193299152300246,
  "V2r": 0.005135641249899901,
  "K2p": 0.08318321934539032,
  "V3f": 0.024102322104804026,
  "K3s": 0.12274083516189269,
  "V3r": 0.0048003535683953736,
  "K3p": 0.15451028631686856,
  "V4f": 0.1925820642587036,
  "K4s": 0.0013839935945110053,
  "V4r": 0.0009483464226275245,
  "K4p": 0.16283737995313552,
  "V5f": 0.10570242416419881,
  "K5s": 0.027716978876970166,
  "V5r": 0.06247921370769108,
  "K5p": 0.4142989704970937,
  "k_drain": 0.15843632236282237
}