{
  "k1": 1.2660873750396865e-05,
  "Ki": 4.08271299152434,
  "V2f": 0.5050565553222499,
  "K2s": 0.10445083995985194,
  "V2r": 0.320621224435811,
  "K2p": 0.11132027093804502,
  "V3f": 0.2973309192555473,
  "K3s": 0.11548628709107624,
  "V3r": 0.21534677432624436,
  "K3p": 0.1003081644560339,
  "V4f": 0.2799710987941609,
  "K4s": 0.11213754871249908,
  "V4r": 0.09966135955818284,
  "K4p": 0.08322841740017445,
  "V5f": 0.22043294940611644,
  "K5s": 0.08980313185349974,
  "V5r": 0.07868181616907742,
  "K5p": 0.08382004462875481,
  "k_drain": 0.10089284315348505
}