{
  "k1": 1.5266522693111992e-06,
  "Ki": 0.0008974292007790708,
  "V2f": 5.861064736798787e-05,
  "K2s": 0.0001863452755997771,
  "V2r": 1.0282728306927844e-05,
  "K2p": 0.022558696973020393,
  "V3f": 0.0026906584604195335,
  "K3s": 0.003665121023339353,
  "V3r": 8.496343422799153e-06,
  "K3p": 0.0027488727661666244,
  "V4f": 0.035401697740755175,
  "K4s": 0.0019424230471160042,
  "V4r": 0.000307355830509915,
  "K4p": 0.06556596468424042,
  "V5f": 0.004050787667351594,
  "K5s": 0.0045485515175467915,
  "V5r": 0.00043274706497506047,
  "K5p": 0.1824664622759956,
  "k_drain": 0.0016781237908241103
}