{
  "k1": 1.0117648581571618e-05,
  "Ki": 5.21815272532603,
  "V2f": 0.4985779464057798,
  "K2s": 0.1006975395597866,
  "V2r": 0.3084845843220893,
  "K2p": 0.10097757801597095,
  "V3f": 0.378233020170427,
  "K3s": 0.09653086603888972,
  "V3r": 0.19521125545374982,
  "K3p": 0.10114134813527188,
  "V4f": 0.2927061497486113,
  "K4s": 0.09376221047376301,
  "V4r": 0.10055301744100507,
  "K4p": 0.0986961877839838,
  "V5f": 0.20058112091271318,
  "K5s": 0.09924215145606803,
  "V5r": 0.09451280688054171,
  "K5p": 0.1006765435479797,
  "k_drain": 0.1015569900653426
}