{
  "k1": 1.7465210612069996e-05,
  "Ki": 0.5078635370165013,
  "V2f": 0.01912966942180861,
  "K2s": 0.03343930206413069,
  "V2r": 0.010599217963801592,
  "K2p": 0.07497283588848273,
  "V3f": 0.03625703361059454,
  "K3s": 0.6132556999792396,
  "V3r": 0.021027569549049784,
  "K3p": 0.1281702469007692,
  "V4f": 0.6445869677770507,
  "K4s": 0.001977703144045093,
  "V4r": 0.01291061489931891,
  "K4p": 0.0788778033302527,
  "V5f": 0.7503904271519556,
  "K5s": 0.07336893301511148,
  "V5r": 0.03994831571649011,
  "K5p": 0.08629811890785637,
  "k_drain": 0.3147778565795104
}