{
  "k1": 1.1344518599698241e-05,
  "Ki": 5.143963722938086,
  "V2f": 0.49693607419887864,
  "K2s": 0.1051936000190291,
  "V2r": 0.3051633444767942,
  "K2p": 0.11593382186490496,
  "V3f": 0.31562519664774386,
  "K3s": 0.10681661031559331,
  "V3r": 0.17023936102275963,
  "K3p": 0.10893810715696157,
  "V4f": 0.29346947955647323,
  "K4s": 0.10370042123007753,
  "V4r": 0.10935371852649173,
  "K4p": 0.08787418525749387,
  "V5f": 0.20238844454726246,
  "K5s": 0.10975061899707231,
  "V5r": 0.09018902426430954,
  "K5p": 0.10303096880850407,
  "k_drain": 0.10634042025921904
}