{
  "k1": 3.4329937281574364e-05,
  "Ki": 0.01817353465985922,
  "V2f": 0.0015646098842352902,
  "K2s": 0.005221787004201412,
  "V2r": 0.0001086680756545608,
  "K2p": 0.05757210105244168,
  "V3f": 0.02295695800706213,
  "K3s": 0.01068970669433832,
  "V3r": 0.005394451570059701,
  "K3p": 0.06501194500769227,
  "V4f": 0.10734232762037707,
  "K4s": 0.002527826412650945,
  "V4r": 0.00023061424853366202,
  "K4p": 0.03993151897714582,
  "V5f": 0.009746182059230746,
  "K5s": 0.019192615646908412,
  "V5r": 0.06052680507287048,
  "K5p": 0.12585115034316666,
  "k_drain": 0.04001523018535842
}