{
  "k1": 1.531832634057338e-05,
  "Ki": 5.454780523024797,
  "V2f": 0.8404792459194169,
  "K2s": 0.1736324324205189,
  "V2r": 0.21688318009912128,
  "K2p": 0.13577580069976397,
  "V3f": 0.4410468005434813,
  "K3s": 0.03802639086012008,
  "V3r": 0.30233925080203095,
  "K3p": 0.11082923499522235,
  "V4f": 0.38921545400288315,
  "K4s": 0.10213706709722316,
  "V4r": 0.06064382468306768,
  "K4p": 0.11332005407576724,
  "V5f": 0.1723047528226314,
  "K5s": 0.06574323370215068,
  "V5r": 0.06522325750341444,
  "K5p": 0.057630925207952335,
  "k_drain": 0.054764034490019854
}