{
  "k1": 1.1859797420999462e-05,
  "Ki": 4.766959622230689,
  "V2f": 0.46835181860773906,
  "K2s": 0.10784598858022874,
  "V2r": 0.31527259037927047,
  "K2p": 0.11526361740606868,
  "V3f": 0.30491287899357067,
  "K3s": 0.11229232422955335,
  "V3r": 0.18477779485299192,
  "K3p": 0.10105601292165468,
  "V4f": 0.2910277601674427,
  "K4s": 0.10662094721056775,
  "V4r": 0.10891444408385481,
  "K4p": 0.09022125294585098,
  "V5f": 0.19285140231169548,
  "K5s": 0.11524273995249097,
  "V5r": 0.0857317318590293,
  "K5p": 0.10643915289815303,
  "k_drain": 0.10768124193822697
}