{
  "k1": 2.7077724572402208e-05,
  "Ki": 0.05138190207693404,
  "V2f": 0.0015062139486795188,
  "K2s": 0.01919008847000967,
  "V2r": 0.0001325192536754792,
  "K2p": 0.07498274938627363,
  "V3f": 0.016610858062715967,
  "K3s": 0.0165292531000782,
  "V3r": 0.0031609307586860525,
  "K3p": 0.06726764276518117,
  "V4f": 0.09002193434410097,
  "K4s": 0.001149968083838706,
  "V4r": 0.00038301540370779295,
  "K4p": 0.04442825245690501,
  "V5f": 0.010995263846642343,
  "K5s": 0.04894638176281651,
  "V5r": 0.043874005488788566,
  "K5p": 0.3958218677389938,
  "k_drain": 0.03736458954221466
}