{
  "k1": 1.3362686910236548e-05,
  "Ki": 4.511537686764148,
  "V2f": 1.0638402869247636,
  "K2s": 0.1418277193757403,
  "V2r": 0.26946721714867716,
  "K2p": 0.09992495801606914,
  "V3f": 0.31400738645027854,
  "K3s": 0.06469065841554344,
  "V3r": 0.25039317670847905,
  "K3p": 0.07978455212459504,
  "V4f": 0.4403925115964229,
  "K4s": 0.08042674925150925,
  "V4r": 0.08376612791404695,
  "K4p": 0.11556328165243131,
  "V5f": 0.2322494957641082,
  "K5s": 0.08920939714808947,
  "V5r": 0.050507410849409407,
  "K5p": 0.06622748575523581,
  "k_drain": 0.05412330365138156
}