{
  "k1": 2.0457530125022655e-09,
  "Ki": 4.085490488760382e-07,
  "V2f": 0.00015735512010770446,
  "K2s": 2.2100101789368226e-05,
  "V2r": 6.412774921825932e-07,
  "K2p": 4.668277221032657e-06,
  "V3f": 0.003058373564628394,
  "K3s": 1.565574539672255e-05,
  "V3r": 4.729314269181216e-05,
  "K3p": 0.00016759962890124124,
  "V4f": 0.02063495054167897,
  "K4s": 5.292480719653468e-05,
  "V4r": 1.4882312009702868e-05,
  "K4p": 0.0010961119790583104,
  "V5f": 0.001091330689413653,
  "K5s": 0.00014131209263638583,
  "V5r": 1.0249950626319419e-07,
  "K5p": 7.449736406146365e-05,
  "k_drain": 5.756927616279125e-07
}