{
  "k1": 1.2568000189925623e-05,
  "Ki": 5.35752947075202,
  "V2f": 0.5033486597953302,
  "K2s": 0.11924496073983218,
  "V2r": 0.2793891608663246,
  "K2p": 0.10896913217223195,
  "V3f": 0.3289323334757491,
  "K3s": 0.10229461066320719,
  "V3r": 0.22376179709036545,
  "K3p": 0.09945737726607397,
  "V4f": 0.3254828948496987,
  "K4s": 0.07763812351125726,
  "V4r": 0.0761761703386556,
  "K4p": 0.07561838415813496,
  "V5f": 0.21195313168648722,
  "K5s": 0.08020250521571934,
  "V5r": 0.07033534153590654,
  "K5p": 0.06560173701997536,
  "k_drain": 0.08912798760667662
}