{
  "k1": 1.219363582248963e-05,
  "Ki": 5.065904026258816,
  "V2f": 0.5561504546484549,
  "K2s": 0.11111457915298743,
  "V2r": 0.2637348465016573,
  "K2p": 0.11208566017342546,
  "V3f": 0.3208756253088854,
  "K3s": 0.11363790892500648,
  "V3r": 0.21503025144592752,
  "K3p": 0.09313406672082054,
  "V4f": 0.2652956731736714,
  "K4s": 0.06951720903813721,
  "V4r": 0.06649945351166701,
  "K4p": 0.082711579239518,
  "V5f": 0.22772880934015433,
  "K5s": 0.08287609073080981,
  "V5r": 0.07977628612218272,
  "K5p": 0.07589078230515513,
  "k_drain": 0.09840743977612322
}