{
  "k1": 9.542480936516383e-10,
  "Ki": 1.7374397510584033e-06,
  "V2f": 2.267595456530569e-05,
  "K2s": 8.364162016288104e-06,
  "V2r": 9.604511901609813e-08,
  "K2p": 2.0599304814283093e-06,
  "V3f": 0.000770715616682421,
  "K3s": 1.085325305668204e-06,
  "V3r": 1.0841375369834945e-05,
  "K3p": 2.5785771204721274e-05,
  "V4f": 0.0299699965368638,
  "K4s": 2.7108397197765545e-05,
  "V4r": 5.955029253016721e-06,
  "K4p": 0.0005390531807225543,
  "V5f": 0.0006736100092905603,
  "K5s": 9.765330446701387e-06,
  "V5r": 6.431216765561383e-07,
  "K5p": 2.568037317870929e-05,
  "k_drain": 3.7828373308096673e-07
}