{
  "k1": 1.119354138494395e-14,
  "Ki": 9.57417422331256e-09,
  "V2f": 2.819471577908599e-07,
  "K2s": 4.4242867027007336e-08,
  "V2r": 1.906010857985007e-09,
  "K2p": 3.6814480521228185e-05,
  "V3f": 3.461711285298149e-05,
  "K3s": 9.477538790543347e-07,
  "V3r": 9.518978141187174e-08,
  "K3p": 5.594566425465139e-08,
  "V4f": 0.0001946967584957388,
  "K4s": 9.7878160049355e-06,
  "V4r": 7.585419963886303e-06,
  "K4p": 1.618286879236252e-05,
  "V5f": 4.804399399158963e-05,
  "K5s": 4.198874915458125e-09,
  "V5r": 1.1416904387728159e-10,
  "K5p": 1.0097803758382577e-08,
  "k_drain": 9.811794607245973e-09
}