{
  "k1": 1.0923207758205329e-05,
  "Ki": 4.471759428780613,
  "V2f": 0.6802177392531462,
  "K2s": 0.12760475075622582,
  "V2r": 0.2290324265466151,
  "K2p": 0.10778403981468904,
  "V3f": 0.27043388745998964,
  "K3s": 0.09427727163793467,
  "V3r": 0.19285534878319835,
  "K3p": 0.1214867127835874,
  "V4f": 0.39020632303122826,
  "K4s": 0.08197304382181622,
  "V4r": 0.07042506971235998,
  "K4p": 0.10356660257091309,
  "V5f": 0.23744771454940178,
  "K5s": 0.0991302566090067,
  "V5r": 0.06225228673413609,
  "K5p": 0.07983696870868483,
  "k_drain": 0.06966365642678507
}