{
  "k1": 5.107649822935704e-09,
  "Ki": 9.792680029180211e-07,
  "V2f": 6.424222486934763e-05,
  "K2s": 4.896394003795644e-06,
  "V2r": 3.1829848422180727e-07,
  "K2p": 4.108777989323398e-05,
  "V3f": 0.004225676211466217,
  "K3s": 8.702509939387762e-05,
  "V3r": 4.0601993484931136e-05,
  "K3p": 6.470144672187416e-05,
  "V4f": 0.014595370771142105,
  "K4s": 4.260714387060819e-05,
  "V4r": 4.6699434538441445e-06,
  "K4p": 0.0009303461769061198,
  "V5f": 0.00027391103305654367,
  "K5s": 0.0063905961734695175,
  "V5r": 3.5686935174888557e-06,
  "K5p": 0.0006077259849834126,
  "k_drain": 2.907852454499823e-06
}