{
  "k1": 1.230222147937222e-05,
  "Ki": 5.1885967912292745,
  "V2f": 0.46434702950867063,
  "K2s": 0.11090357537196044,
  "V2r": 0.2723646267226231,
  "K2p": 0.11947664493215024,
  "V3f": 0.31143928648259167,
  "K3s": 0.11445750972749942,
  "V3r": 0.19699794091968512,
  "K3p": 0.09251109535900635,
  "V4f": 0.3534952120260703,
  "K4s": 0.08922022011761913,
  "V4r": 0.07667881267634939,
  "K4p": 0.08163419084747295,
  "V5f": 0.23871565400114886,
  "K5s": 0.08618657453030026,
  "V5r": 0.07441328634443943,
  "K5p": 0.06338454801305887,
  "k_drain": 0.08889133082040387
}