{
  "k1": 4.6728022497156414e-11,
  "Ki": 3.2422540563130005e-07,
  "V2f": 2.2498074054729214e-05,
  "K2s": 7.434988165297888e-07,
  "V2r": 2.939278018511812e-09,
  "K2p": 4.121695785242318e-05,
  "V3f": 0.0004533753637200107,
  "K3s": 1.6382896616831945e-06,
  "V3r": 1.3569280489167998e-06,
  "K3p": 2.4884654660527463e-05,
  "V4f": 0.003506585871685037,
  "K4s": 1.59794221243476e-05,
  "V4r": 6.087199362870296e-06,
  "K4p": 0.00034832824527316014,
  "V5f": 0.0003375105117908225,
  "K5s": 1.3923351850439884e-06,
  "V5r": 2.10841128478149e-08,
  "K5p": 9.899452310852574e-07,
  "k_drain": 2.67294279368922e-07
}