{
  "k1": 1.1179533895071349e-05,
  "Ki": 5.766051822956792,
  "V2f": 0.7740084606700842,
  "K2s": 0.12382818701294832,
  "V2r": 0.2576269800519345,
  "K2p": 0.09565565495737988,
  "V3f": 0.3410388525157769,
  "K3s": 0.09366981894324382,
  "V3r": 0.20332398969610233,
  "K3p": 0.11146500899153038,
  "V4f": 0.3099273648121235,
  "K4s": 0.06927192600376304,
  "V4r": 0.06344077599313074,
  "K4p": 0.09321693192839708,
  "V5f": 0.20148777707544108,
  "K5s": 0.07892653334585936,
  "V5r": 0.07665887604054732,
  "K5p": 0.07459923593323513,
  "k_drain": 0.08903815100868354
}