{
  "k1": 1.5861411084722923e-08,
  "Ki": 4.61153852952846e-06,
  "V2f": 8.166301030937199e-05,
  "K2s": 3.868342947168014e-06,
  "V2r": 3.4830625172091723e-06,
  "K2p": 2.5879361513293755e-05,
  "V3f": 0.014323903330651295,
  "K3s": 8.824573170816043e-05,
  "V3r": 6.077068059464526e-05,
  "K3p": 0.000204810131885705,
  "V4f": 0.025236750197183327,
  "K4s": 9.879922811698139e-05,
  "V4r": 1.1988457357877617e-05,
  "K4p": 0.0001518511238814125,
  "V5f": 0.0007877867711676854,
  "K5s": 0.004145004818898376,
  "V5r": 4.558515690087326e-06,
  "K5p": 0.0038295133640949973,
  "k_drain": 1.7593511991871282e-05
}