{
  "k1": 1.2909925885722329e-05,
  "Ki": 4.812844902970205,
  "V2f": 0.45814795263819735,
  "K2s": 0.10671271057139899,
  "V2r": 0.3101011142276582,
  "K2p": 0.11275652392825836,
  "V3f": 0.3251273436103248,
  "K3s": 0.11098301350122056,
  "V3r": 0.21670576484923312,
  "K3p": 0.10123859578439809,
  "V4f": 0.3527480072652224,
  "K4s": 0.08785368035306641,
  "V4r": 0.07452951625264262,
  "K4p": 0.08671184367023531,
  "V5f": 0.23833379306168997,
  "K5s": 0.09380865725482056,
  "V5r": 0.07849627817965928,
  "K5p": 0.06458850942248859,
  "k_drain": 0.09610908730942633
}