{
  "k1": 1.0488913982262063e-05,
  "Ki": 4.333022952634327,
  "V2f": 0.9822601133743678,
  "K2s": 0.1424431128964171,
  "V2r": 0.2866014246466813,
  "K2p": 0.12321948380663099,
  "V3f": 0.3022845428435355,
  "K3s": 0.05645047334601791,
  "V3r": 0.22354876426034076,
  "K3p": 0.08437434238513368,
  "V4f": 0.4499482114976001,
  "K4s": 0.08565927653454297,
  "V4r": 0.08510714376105202,
  "K4p": 0.1087773891165524,
  "V5f": 0.21875987334941738,
  "K5s": 0.09861040718259806,
  "V5r": 0.0504565538562158,
  "K5p": 0.06234779906689163,
  "k_drain": 0.0524304151423844
}