{
  "k1": 3.5232281756433334e-07,
  "Ki": 0.00021025084099634503,
  "V2f": 0.00022387055647839704,
  "K2s": 0.00014047000878374304,
  "V2r": 1.1831834375324668e-05,
  "K2p": 0.02297571238261484,
  "V3f": 0.005843031146986169,
  "K3s": 0.00015181951930989275,
  "V3r": 5.7101413178824516e-05,
  "K3p": 0.003290155229400171,
  "V4f": 0.09466987852840929,
  "K4s": 0.000481589997484176,
  "V4r": 0.00026577752362206246,
  "K4p": 0.009373551807447403,
  "V5f": 0.003545674448345168,
  "K5s": 0.004061969144193463,
  "V5r": 0.0005643050519777507,
  "K5p": 0.029491636413163946,
  "k_drain": 0.00042188777681963105
}