{
  "k1": 1.2948154833102452e-05,
  "Ki": 4.626216676805287,
  "V2f": 0.46106665291108445,
  "K2s": 0.10940242734745395,
  "V2r": 0.3298706592212463,
  "K2p": 0.10979031891803132,
  "V3f": 0.2967867012713382,
  "K3s": 0.11677481644769737,
  "V3r": 0.22795212040897903,
  "K3p": 0.10390228311096748,
  "V4f": 0.288507009770943,
  "K4s": 0.09644493755018929,
  "V4r": 0.0922941968833869,
  "K4p": 0.09335931985151773,
  "V5f": 0.22521678238075057,
  "K5s": 0.09289564919683707,
  "V5r": 0.06688692237079448,
  "K5p": 0.07287015252281456,
  "k_drain": 0.09256289734580432
}