{
  "k1": 1.617872375318715e-14,
  "Ki": 3.072138460425536e-07,
  "V2f": 2.066083436089405e-06,
  "K2s": 3.6496545185963724e-08,
  "V2r": 6.466723023417551e-09,
  "K2p": 7.603628293629233e-05,
  "V3f": 0.00015938440926028478,
  "K3s": 2.752079454567952e-07,
  "V3r": 1.929070794957457e-06,
  "K3p": 1.815933710662772e-06,
  "V4f": 0.00046649540716299493,
  "K4s": 4.621117644957466e-07,
  "V4r": 1.2959259670686055e-06,
  "K4p": 4.899560962274351e-06,
  "V5f": 0.0006669334408374271,
  "K5s": 1.2671099098062883e-07,
  "V5r": 9.033872726228145e-10,
  "K5p": 7.357931530193026e-08,
  "k_drain": 2.4713715834659252e-08
}