{
  "k1": 1.240636300226753e-05,
  "Ki": 4.687302177490702,
  "V2f": 0.7363050510542818,
  "K2s": 0.12222115196205914,
  "V2r": 0.23466198418394574,
  "K2p": 0.10100339575623057,
  "V3f": 0.3430736983730133,
  "K3s": 0.09222820771131184,
  "V3r": 0.19152337464960822,
  "K3p": 0.10762779052188333,
  "V4f": 0.34956959687607475,
  "K4s": 0.06446423996852067,
  "V4r": 0.051836278015577976,
  "K4p": 0.08995608349504208,
  "V5f": 0.1901914600958385,
  "K5s": 0.08683883913888145,
  "V5r": 0.062125338086728536,
  "K5p": 0.08532623366182869,
  "k_drain": 0.07328893482229087
}