{
  "k1": 7.407828217137498e-09,
  "Ki": 1.2503319211652294e-06,
  "V2f": 7.048791843059012e-05,
  "K2s": 3.596032443539722e-06,
  "V2r": 6.217089934837775e-07,
  "K2p": 6.72333891886674e-05,
  "V3f": 0.008495739188176074,
  "K3s": 5.190319275663175e-05,
  "V3r": 5.1102902054880275e-05,
  "K3p": 7.294689513617576e-05,
  "V4f": 0.014441007815774417,
  "K4s": 5.9678664447209445e-05,
  "V4r": 2.4097625640393577e-06,
  "K4p": 0.0006130047115738341,
  "V5f": 0.0006602493897460458,
  "K5s": 0.010091882731967558,
  "V5r": 5.2319724449931195e-06,
  "K5p": 0.0008034784688437671,
  "k_drain": 5.040113590320579e-06
}