{
  "k1": 1.246550044972613e-05,
  "Ki": 4.911077988589892,
  "V2f": 0.48369391123692607,
  "K2s": 0.11041444816518428,
  "V2r": 0.27641327921874725,
  "K2p": 0.11565835961049194,
  "V3f": 0.32122633460250977,
  "K3s": 0.11493740288115643,
  "V3r": 0.20252371660471055,
  "K3p": 0.09211134941703811,
  "V4f": 0.3434797453120476,
  "K4s": 0.0843654212227651,
  "V4r": 0.07694745525542168,
  "K4p": 0.08347534083892966,
  "V5f": 0.23841416457020784,
  "K5s": 0.08810985462443972,
  "V5r": 0.07153441425339363,
  "K5p": 0.061152949864615676,
  "k_drain": 0.09064860854600855
}