{
  "k1": 1.431134332822329e-05,
  "Ki": 6.037153774373789,
  "V2f": 0.8356470677110913,
  "K2s": 0.16019557585689181,
  "V2r": 0.2633751390657412,
  "K2p": 0.1428901892405637,
  "V3f": 0.3483399921731005,
  "K3s": 0.04002610765054528,
  "V3r": 0.27433234275414115,
  "K3p": 0.10920694714818374,
  "V4f": 0.40846505406671135,
  "K4s": 0.1051648905239007,
  "V4r": 0.06791053966851633,
  "K4p": 0.09786696324398993,
  "V5f": 0.22067445623485146,
  "K5s": 0.07785823297669833,
  "V5r": 0.04813466930357632,
  "K5p": 0.06979318996888284,
  "k_drain": 0.05344065452625433
}