{
  "k1": 1.1818367556035632e-05,
  "Ki": 4.5707839104268535,
  "V2f": 0.6832038639557845,
  "K2s": 0.12996212215494246,
  "V2r": 0.24935789450165988,
  "K2p": 0.10631382577603742,
  "V3f": 0.2808965823352857,
  "K3s": 0.09250642649076554,
  "V3r": 0.18959726686861603,
  "K3p": 0.11703997202322607,
  "V4f": 0.39326834158044105,
  "K4s": 0.08077362522624072,
  "V4r": 0.07415612720651443,
  "K4p": 0.10152145905227379,
  "V5f": 0.248435438314396,
  "K5s": 0.09809820369784174,
  "V5r": 0.06549812194688125,
  "K5p": 0.08054764114352873,
  "k_drain": 0.06837864613494231
}