{
  "k1": 1.5929899358154558e-14,
  "Ki": 9.223756293604976e-09,
  "V2f": 1.1956219401695573e-07,
  "K2s": 5.270364767128646e-08,
  "V2r": 1.0705749588511143e-09,
  "K2p": 7.070193102451992e-06,
  "V3f": 6.147950138673951e-05,
  "K3s": 4.792811091057147e-07,
  "V3r": 5.6323945930487756e-08,
  "K3p": 1.6763899112759145e-08,
  "V4f": 0.00013809991090580896,
  "K4s": 1.4002951977960311e-05,
  "V4r": 8.406964857223402e-06,
  "K4p": 5.993130362726435e-06,
  "V5f": 6.610839803865125e-05,
  "K5s": 3.765241966077111e-09,
  "V5r": 4.12454351913139e-11,
  "K5p": 5.854492394454439e-09,
  "k_drain": 1.2612672193739674e-08
}