{
  "k1": 1.1617771320823591e-05,
  "Ki": 4.975037110721685,
  "V2f": 0.7237822392144865,
  "K2s": 0.12568422924626182,
  "V2r": 0.26134038458535125,
  "K2p": 0.0965593849340659,
  "V3f": 0.3655410818194145,
  "K3s": 0.10217930515705986,
  "V3r": 0.201288529410227,
  "K3p": 0.11860766193460526,
  "V4f": 0.32211552651939995,
  "K4s": 0.06581984003363753,
  "V4r": 0.06308092235348385,
  "K4p": 0.08802348555385862,
  "V5f": 0.19043805466931177,
  "K5s": 0.07843436311175714,
  "V5r": 0.06952346341174509,
  "K5p": 0.07804519289515582,
  "k_drain": 0.08878720882658585
}