{
  "k1": 8.160540881434672e-12,
  "Ki": 5.380118175426375e-07,
  "V2f": 2.86422264201124e-05,
  "K2s": 4.5901135012062163e-07,
  "V2r": 2.497750788458623e-09,
  "K2p": 3.093990694621189e-05,
  "V3f": 0.0007970368889700606,
  "K3s": 1.1823479903360761e-06,
  "V3r": 2.3082609788902355e-06,
  "K3p": 1.4967013304009601e-05,
  "V4f": 0.003012274248674053,
  "K4s": 7.709292948128644e-06,
  "V4r": 1.740721411709009e-06,
  "K4p": 0.00014913558755963815,
  "V5f": 0.0008046689556658092,
  "K5s": 2.7254000177085904e-07,
  "V5r": 4.9521356797707405e-08,
  "K5p": 7.775954431866854e-07,
  "k_drain": 2.2154459190138815e-07
}