{
  "k1": 1.091550820495001e-05,
  "Ki": 0.006769866879835336,
  "V2f": 0.002018000474471546,
  "K2s": 0.0023608314216368043,
  "V2r": 0.0001093779678003153,
  "K2p": 0.027589912666009013,
  "V3f": 0.01867562136835777,
  "K3s": 0.003647070051414387,
  "V3r": 0.002415048591783097,
  "K3p": 0.04324489517588665,
  "V4f": 0.12112293528116023,
  "K4s": 0.002811023892135127,
  "V4r": 0.0003819867970501629,
  "K4p": 0.04204966132791306,
  "V5f": 0.0057240471096063,
  "K5s": 0.005062498483428217,
  "V5r": 0.007923496904008275,
  "K5p": 0.12692902774464887,
  "k_drain": 0.039974917214534215
}