{
  "k1": 1.225436941719572e-05,
  "Ki": 4.930486429233839,
  "V2f": 0.5626338456165397,
  "K2s": 0.10381424090756755,
  "V2r": 0.3042104614191455,
  "K2p": 0.10921948942617643,
  "V3f": 0.3242129453120241,
  "K3s": 0.11298387989908454,
  "V3r": 0.1766013166373043,
  "K3p": 0.09881134991616582,
  "V4f": 0.2929454605486147,
  "K4s": 0.10507291119932978,
  "V4r": 0.11499517700630413,
  "K4p": 0.08804116846761827,
  "V5f": 0.20269392079323093,
  "K5s": 0.10868019634832163,
  "V5r": 0.08757802278717368,
  "K5p": 0.09914528411808572,
  "k_drain": 0.10933775220355843
}