{
  "k1": 1.8313013762121548e-08,
  "Ki": 7.089084400124388e-06,
  "V2f": 6.89583575755827e-05,
  "K2s": 2.9785774167696865e-06,
  "V2r": 3.154923472176796e-06,
  "K2p": 8.465835083045735e-05,
  "V3f": 0.016208539701641753,
  "K3s": 0.0001239790360496874,
  "V3r": 5.46997510880012e-05,
  "K3p": 0.00028236045576471004,
  "V4f": 0.0893030941441625,
  "K4s": 8.188733841189875e-05,
  "V4r": 2.12917367218897e-05,
  "K4p": 0.00017132156498583098,
  "V5f": 0.001360787094763671,
  "K5s": 0.004780723356518779,
  "V5r": 6.137972313999676e-06,
  "K5p": 0.01093803208415216,
  "k_drain": 3.587915452707793e-05
}