{
  "k1": 1.2071937703766545e-05,
  "Ki": 4.298940228513014,
  "V2f": 0.46569429041714594,
  "K2s": 0.10934853433996564,
  "V2r": 0.3135471747690231,
  "K2p": 0.10870665242728478,
  "V3f": 0.3051022752547629,
  "K3s": 0.11411617234146094,
  "V3r": 0.22800183433303073,
  "K3p": 0.10896088904255576,
  "V4f": 0.3203954004006277,
  "K4s": 0.09382334388976075,
  "V4r": 0.07620295939838738,
  "K4p": 0.09750682789037896,
  "V5f": 0.24646118910174733,
  "K5s": 0.0963694366698859,
  "V5r": 0.07488690497455563,
  "K5p": 0.06362833482347992,
  "k_drain": 0.09343103644391332
}