{
  "k1": 1.0039951164952582e-06,
  "Ki": 0.0002971862074851931,
  "V2f": 0.00010902269376154025,
  "K2s": 0.00018231248966394889,
  "V2r": 1.2149245567835843e-05,
  "K2p": 0.04022274669026386,
  "V3f": 0.002484092123960487,
  "K3s": 0.0008385243470197658,
  "V3r": 2.4952481640788424e-05,
  "K3p": 0.00201965673396777,
  "V4f": 0.044741990796259457,
  "K4s": 0.0005412514445388471,
  "V4r": 0.00018869745311445678,
  "K4p": 0.01029787863649174,
  "V5f": 0.001762857710871938,
  "K5s": 0.0045011334892981715,
  "V5r": 0.0002540199490662421,
  "K5p": 0.11350627136129515,
  "k_drain": 0.0015230630590118497
}