{
  "k1": 1.2272641936580783e-05,
  "Ki": 4.281845735023768,
  "V2f": 0.466942585533199,
  "K2s": 0.10499270266410551,
  "V2r": 0.31224445031599996,
  "K2p": 0.11040333209116064,
  "V3f": 0.29958135946498604,
  "K3s": 0.12160556472048463,
  "V3r": 0.21875403694414097,
  "K3p": 0.10055802936174786,
  "V4f": 0.28895271081162405,
  "K4s": 0.10163081243528024,
  "V4r": 0.09159810041569395,
  "K4p": 0.0849420307022172,
  "V5f": 0.21647934081824083,
  "K5s": 0.09074335143928595,
  "V5r": 0.07323017959019122,
  "K5p": 0.08184829479767948,
  "k_drain": 0.09964607728057884
}