{
  "k1": 1.4378716620030498e-05,
  "Ki": 6.0227522117729775,
  "V2f": 0.8630060727853247,
  "K2s": 0.16176543291123957,
  "V2r": 0.27710262586173295,
  "K2p": 0.1514897444351006,
  "V3f": 0.33152405728109174,
  "K3s": 0.039604903011406324,
  "V3r": 0.27449279235495033,
  "K3p": 0.10605319761216277,
  "V4f": 0.39767650108086183,
  "K4s": 0.10166432886783046,
  "V4r": 0.06966026498342655,
  "K4p": 0.09609035347128225,
  "V5f": 0.2286963421786402,
  "K5s": 0.07835478056951714,
  "V5r": 0.04664542252707638,
  "K5p": 0.07161361096006616,
  "k_drain": 0.053921478669964745
}