{
  "k1": 1.2916344183010229e-05,
  "Ki": 4.537348545181727,
  "V2f": 0.44693176325290307,
  "K2s": 0.10360567255123534,
  "V2r": 0.31626379368708585,
  "K2p": 0.1126282701231262,
  "V3f": 0.31986316763779055,
  "K3s": 0.11253394192643452,
  "V3r": 0.2187821890110258,
  "K3p": 0.10517017173577071,
  "V4f": 0.3472495253079253,
  "K4s": 0.08597830365755801,
  "V4r": 0.07528154531862438,
  "K4p": 0.08826381206032126,
  "V5f": 0.24010919343421794,
  "K5s": 0.09327309621842393,
  "V5r": 0.07434074698653491,
  "K5p": 0.06491978580783747,
  "k_drain": 0.09338911383794787
}