{
  "k1": 1.5964806140606356e-08,
  "Ki": 7.876619859978208e-06,
  "V2f": 0.0001359165459649856,
  "K2s": 2.5183717083496647e-06,
  "V2r": 5.19376667250728e-06,
  "K2p": 5.456043174143425e-05,
  "V3f": 0.01488952168813558,
  "K3s": 0.00017406567755278357,
  "V3r": 7.35482651133177e-05,
  "K3p": 0.00020097525697735155,
  "V4f": 0.03627531545895566,
  "K4s": 7.805332929390407e-05,
  "V4r": 1.0563840631529147e-05,
  "K4p": 0.00027477612538454217,
  "V5f": 0.0005048630375118544,
  "K5s": 0.0043050791163890545,
  "V5r": 3.7377067102955503e-06,
  "K5p": 0.0039845329434705186,
  "k_drain": 1.714097620146263e-05
}