{
  "k1": 1.1569043389018858e-05,
  "Ki": 4.653603138508645,
  "V2f": 0.7338530883190013,
  "K2s": 0.13158218173460912,
  "V2r": 0.23179420550055413,
  "K2p": 0.11512544254681423,
  "V3f": 0.2885047061299552,
  "K3s": 0.091933769773422,
  "V3r": 0.1820525432572224,
  "K3p": 0.11859131020990202,
  "V4f": 0.38563702570212655,
  "K4s": 0.07265396092692653,
  "V4r": 0.06756703012428496,
  "K4p": 0.10002869983882084,
  "V5f": 0.22754932419319054,
  "K5s": 0.09660056400197047,
  "V5r": 0.06551929162733551,
  "K5p": 0.08741239923822842,
  "k_drain": 0.07290549765380627
}