{
  "k1": 9.530939615000092e-15,
  "Ki": 2.25437583465294e-08,
  "V2f": 2.7613941903790165e-07,
  "K2s": 1.1963376741410956e-07,
  "V2r": 1.6100565359213117e-08,
  "K2p": 3.6509023252750297e-05,
  "V3f": 1.9210036667172686e-05,
  "K3s": 1.4327909252116967e-07,
  "V3r": 2.8283190069276634e-07,
  "K3p": 1.6674468380950064e-07,
  "V4f": 0.00030279335651983567,
  "K4s": 7.425338465966162e-06,
  "V4r": 1.7663355058801577e-05,
  "K4p": 8.599553471258437e-06,
  "V5f": 0.00011622840008575307,
  "K5s": 1.8307313485574756e-08,
  "V5r": 2.2436441202922946e-10,
  "K5p": 7.947415104365082e-09,
  "k_drain": 3.127834671797025e-08
}