{
  "k1": 1.1638415700820955e-05,
  "Ki": 0.0005226460398665597,
  "V2f": 0.00037586893850027935,
  "K2s": 0.0007928155412269166,
  "V2r": 9.857104600929029e-05,
  "K2p": 0.015860818068722422,
  "V3f": 0.011514678842039425,
  "K3s": 0.00616696074286935,
  "V3r": 0.0007197359812007887,
  "K3p": 0.012423683556107033,
  "V4f": 0.2570427414835559,
  "K4s": 0.0016092289665656527,
  "V4r": 0.00038425924171150874,
  "K4p": 0.07569007691677591,
  "V5f": 0.004110548565238239,
  "K5s": 0.004537436988610603,
  "V5r": 0.0017391303540050856,
  "K5p": 0.22944199412074165,
  "k_drain": 0.00911452242713592
}