{
  "k1": 1.224347895122779e-05,
  "Ki": 4.64209090665201,
  "V2f": 0.536668785175776,
  "K2s": 0.10142136987444884,
  "V2r": 0.3299381152505556,
  "K2p": 0.09691880983085333,
  "V3f": 0.2865251339031293,
  "K3s": 0.1152079395036503,
  "V3r": 0.18105546981926918,
  "K3p": 0.09043103840858832,
  "V4f": 0.2956182605924082,
  "K4s": 0.10570070146895197,
  "V4r": 0.11241446659181738,
  "K4p": 0.08380408403133373,
  "V5f": 0.2055150238106227,
  "K5s": 0.09766979857540531,
  "V5r": 0.09298334364924346,
  "K5p": 0.09153931045440544,
  "k_drain": 0.10420763121385689
}