{
  "k1": 1.2935322750319183e-05,
  "Ki": 5.190145945393493,
  "V2f": 0.4653145677826908,
  "K2s": 0.11090435519377795,
  "V2r": 0.27653577146160746,
  "K2p": 0.10996642940021194,
  "V3f": 0.3200249261337274,
  "K3s": 0.1072552377534129,
  "V3r": 0.1991755148277476,
  "K3p": 0.09767117921220245,
  "V4f": 0.3233780625247054,
  "K4s": 0.08142252861889472,
  "V4r": 0.07427375271705339,
  "K4p": 0.07942124664130586,
  "V5f": 0.2136487241136662,
  "K5s": 0.0837799863801326,
  "V5r": 0.07386906974539856,
  "K5p": 0.06176755627822254,
  "k_drain": 0.09849053237479977
}