{
  "k1": 6.257472442064322e-09,
  "Ki": 1.1132945399865268e-06,
  "V2f": 0.00016103745657998183,
  "K2s": 9.487708410380842e-06,
  "V2r": 5.404077148687407e-07,
  "K2p": 7.836365082620958e-06,
  "V3f": 0.0017510052804137787,
  "K3s": 0.00010787693728686366,
  "V3r": 5.402673540511203e-05,
  "K3p": 0.00017615100353751822,
  "V4f": 0.02246739000778527,
  "K4s": 0.00012860192622659358,
  "V4r": 5.751566144766467e-06,
  "K4p": 0.0013978847314242788,
  "V5f": 0.0007235966380188535,
  "K5s": 0.0009809883068282615,
  "V5r": 6.380165439246539e-07,
  "K5p": 0.00039473205870048215,
  "k_drain": 9.027188193418262e-07
}