{
  "k1": 1.5521952952638613e-05,
  "Ki": 5.297195007805541,
  "V2f": 0.9051796996569251,
  "K2s": 0.1628051497714291,
  "V2r": 0.21629072909308286,
  "K2p": 0.14530135756445067,
  "V3f": 0.44121840590017397,
  "K3s": 0.03910084476064362,
  "V3r": 0.31681428003138323,
  "K3p": 0.11256875271754828,
  "V4f": 0.3942548119375993,
  "K4s": 0.10149893846852517,
  "V4r": 0.062309635883331944,
  "K4p": 0.10678208039090611,
  "V5f": 0.1821918065341357,
  "K5s": 0.06833663708272113,
  "V5r": 0.06220467041014417,
  "K5p": 0.05565011284836322,
  "k_drain": 0.050784514978867344
}