{
  "k1": 1.0312596999006248e-08,
  "Ki": 8.238631217856941e-06,
  "V2f": 0.0001300169334330183,
  "K2s": 3.4489644780710055e-06,
  "V2r": 3.992067073350953e-06,
  "K2p": 9.332269537501011e-05,
  "V3f": 0.00990373338994518,
  "K3s": 0.00016718226339654837,
  "V3r": 6.222778909405143e-05,
  "K3p": 0.00020288959734996486,
  "V4f": 0.06996631922174303,
  "K4s": 0.00019746653766408536,
  "V4r": 2.516750055469151e-05,
  "K4p": 8.270990417645014e-05,
  "V5f": 0.0009924118736599709,
  "K5s": 0.004506766019187137,
  "V5r": 6.181939857677461e-06,
  "K5p": 0.0063510394713824515,
  "k_drain": 6.542123924274124e-05
}