{
  "k1": 1.195769963860111e-05,
  "Ki": 4.359473075220732,
  "V2f": 0.4756471707190401,
  "K2s": 0.10933904848324899,
  "V2r": 0.30866010415141204,
  "K2p": 0.10894289146580761,
  "V3f": 0.3109535091352823,
  "K3s": 0.1118373790827568,
  "V3r": 0.2316114656833271,
  "K3p": 0.11676318627635421,
  "V4f": 0.3065166041468379,
  "K4s": 0.09330129545063388,
  "V4r": 0.07546461061750932,
  "K4p": 0.09697589052777365,
  "V5f": 0.2572437475333806,
  "K5s": 0.1013308187740833,
  "V5r": 0.07491714269862369,
  "K5p": 0.06722937378450303,
  "k_drain": 0.09722765389493133
}