{
  "k1": 1.1063400706400878e-05,
  "Ki": 5.498467378456797,
  "V2f": 1.004388695618359,
  "K2s": 0.15320875588832833,
  "V2r": 0.3212866372896252,
  "K2p": 0.1361044283876604,
  "V3f": 0.32450392510051157,
  "K3s": 0.05607829219556546,
  "V3r": 0.23980869094878488,
  "K3p": 0.07922522704243835,
  "V4f": 0.4663523334999022,
  "K4s": 0.08849072451653936,
  "V4r": 0.07531592670429889,
  "K4p": 0.0907513544641701,
  "V5f": 0.229189071067752,
  "K5s": 0.08580344915972626,
  "V5r": 0.048384637461868545,
  "K5p": 0.07050478837564636,
  "k_drain": 0.05146063828948549
}