{
  "k1": 1.5712223663806956e-05,
  "Ki": 5.308613616391657,
  "V2f": 0.8478986743032613,
  "K2s": 0.18783057077781168,
  "V2r": 0.21605160439799811,
  "K2p": 0.14774143433606413,
  "V3f": 0.4467100325463473,
  "K3s": 0.0361566732306604,
  "V3r": 0.3120208124537216,
  "K3p": 0.11018314858197945,
  "V4f": 0.394449555834581,
  "K4s": 0.10997332084888836,
  "V4r": 0.053840855531342165,
  "K4p": 0.12019483170573643,
  "V5f": 0.18032942971979246,
  "K5s": 0.06293933058680369,
  "V5r": 0.06569308607066794,
  "K5p": 0.05622311769623713,
  "k_drain": 0.053647624808685596
}