{
  "k1": 4.4841112463205516e-15,
  "Ki": 3.373687763635266e-08,
  "V2f": 2.6432267343805056e-08,
  "K2s": 2.0646764352856595e-08,
  "V2r": 1.867894808087277e-09,
  "K2p": 7.144276726163423e-06,
  "V3f": 2.2991999788467656e-05,
  "K3s": 2.3262524877627915e-07,
  "V3r": 4.215842604892734e-08,
  "K3p": 1.9609273031862575e-08,
  "V4f": 8.43336440240096e-05,
  "K4s": 1.075520362398807e-05,
  "V4r": 4.703099570979902e-06,
  "K4p": 3.651431187673636e-06,
  "V5f": 2.9460669498860125e-05,
  "K5s": 4.0380755843618226e-09,
  "V5r": 2.4104743010687976e-11,
  "K5p": 2.7150714266753284e-09,
  "k_drain": 2.370764306629482e-09
}