{
  "k1": 1.115496901940125e-05,
  "Ki": 4.305023910392121,
  "V2f": 0.7163155183176085,
  "K2s": 0.13532350747555213,
  "V2r": 0.24706505297451745,
  "K2p": 0.104877500755873,
  "V3f": 0.2973771897302264,
  "K3s": 0.08369201512018463,
  "V3r": 0.20465518862821244,
  "K3p": 0.10072892180749736,
  "V4f": 0.40020728738865824,
  "K4s": 0.08207334035137051,
  "V4r": 0.07546363063072331,
  "K4p": 0.09705878883272104,
  "V5f": 0.25830492823333423,
  "K5s": 0.09704180629228441,
  "V5r": 0.05790273457504549,
  "K5p": 0.07736708914819715,
  "k_drain": 0.06994815697967992
}