{
  "k1": 1.252257150235087e-05,
  "Ki": 5.383122024089815,
  "V2f": 0.4644729784392949,
  "K2s": 0.10800839308613368,
  "V2r": 0.2672291312805427,
  "K2p": 0.12081956912406465,
  "V3f": 0.3047020639722783,
  "K3s": 0.11276835871576028,
  "V3r": 0.19788661778330405,
  "K3p": 0.09466954293054639,
  "V4f": 0.35510777300565344,
  "K4s": 0.0875612138853449,
  "V4r": 0.0774576344009057,
  "K4p": 0.08386857505684113,
  "V5f": 0.24000538608160282,
  "K5s": 0.0864315005804803,
  "V5r": 0.07394802125397208,
  "K5p": 0.06477604192637026,
  "k_drain": 0.09326325510610749
}