{
  "k1": 4.3569852815378085e-09,
  "Ki": 1.2726605158157473e-06,
  "V2f": 7.99210316507762e-05,
  "K2s": 7.334309652821162e-06,
  "V2r": 2.1105183741940396e-07,
  "K2p": 2.9455539746023902e-05,
  "V3f": 0.0022157123307489724,
  "K3s": 9.8103581381663e-05,
  "V3r": 4.049616767865796e-05,
  "K3p": 7.684309072880135e-05,
  "V4f": 0.01776074440202366,
  "K4s": 4.4303943220210317e-05,
  "V4r": 4.774479225954403e-06,
  "K4p": 0.0011324803813610182,
  "V5f": 0.0003732185952642646,
  "K5s": 0.0052337852770867185,
  "V5r": 2.0826823258223726e-06,
  "K5p": 0.0006168707681860628,
  "k_drain": 2.1011526629622615e-06
}