{
  "k1": 1.2993162734274338e-05,
  "Ki": 4.512472884336607,
  "V2f": 0.78979891194693,
  "K2s": 0.14906849469897313,
  "V2r": 0.24578853771991624,
  "K2p": 0.11552346413277297,
  "V3f": 0.28413051364929737,
  "K3s": 0.07334516438829998,
  "V3r": 0.22060438880039487,
  "K3p": 0.10377005088805914,
  "V4f": 0.4334883539327345,
  "K4s": 0.07541616494869827,
  "V4r": 0.07718771814377805,
  "K4p": 0.09987588832493394,
  "V5f": 0.2587717156775501,
  "K5s": 0.0987780232485403,
  "V5r": 0.0579938332337844,
  "K5p": 0.07568438894298452,
  "k_drain": 0.06455005523888613
}