{
  "k1": 1.1897022175712157e-05,
  "Ki": 5.1062870916457435,
  "V2f": 0.5546279749782319,
  "K2s": 0.11907632851401856,
  "V2r": 0.26951180963337446,
  "K2p": 0.1132177856768108,
  "V3f": 0.3399298220715768,
  "K3s": 0.1132249668732637,
  "V3r": 0.2175742505911697,
  "K3p": 0.09186755883041701,
  "V4f": 0.26687128057040865,
  "K4s": 0.07227381036107093,
  "V4r": 0.06690899560832496,
  "K4p": 0.08049020044384665,
  "V5f": 0.23978038840792035,
  "K5s": 0.08443859085910732,
  "V5r": 0.07497266448246208,
  "K5p": 0.0764915901692239,
  "k_drain": 0.10062619638975316
}