{
  "k1": 5.662437872059482e-10,
  "Ki": 1.6596926283881674e-06,
  "V2f": 3.33632741901013e-05,
  "K2s": 1.2083501385811754e-05,
  "V2r": 2.0904122021016436e-07,
  "K2p": 1.918062893248453e-06,
  "V3f": 0.0006826747340803902,
  "K3s": 2.1078351580976614e-06,
  "V3r": 1.8022471006578193e-05,
  "K3p": 1.4470687993879664e-05,
  "V4f": 0.025208038357811116,
  "K4s": 7.050424131314281e-05,
  "V4r": 1.6098563071003056e-05,
  "K4p": 0.000448803509183652,
  "V5f": 0.0009538917575526275,
  "K5s": 1.8108515219677994e-05,
  "V5r": 6.858727349295882e-07,
  "K5p": 7.0124156496308035e-06,
  "k_drain": 3.552333892417324e-07
}