{
  "k1": 1.8355216542747576e-07,
  "Ki": 0.00010497702308214882,
  "V2f": 0.0001537096514121516,
  "K2s": 8.96883403347185e-05,
  "V2r": 2.0683116514812733e-05,
  "K2p": 0.01852526532236559,
  "V3f": 0.0104792495224432,
  "K3s": 0.00026907409625941955,
  "V3r": 3.9041681488238326e-05,
  "K3p": 0.0038632359743529824,
  "V4f": 0.11727152481523735,
  "K4s": 0.00034272578786363354,
  "V4r": 0.00017243811603092225,
  "K4p": 0.006559034674563195,
  "V5f": 0.0020152752019977427,
  "K5s": 0.0020548364559962794,
  "V5r": 0.0004133364440549346,
  "K5p": 0.018818548181050797,
  "k_drain": 0.00033678325433362415
}