{
  "k1": 1.2994125876561852e-05,
  "Ki": 4.31308812934555,
  "V2f": 0.4772815668474527,
  "K2s": 0.10872599207840462,
  "V2r": 0.32359047275977815,
  "K2p": 0.09659376358560602,
  "V3f": 0.28730398462787715,
  "K3s": 0.11228230572276014,
  "V3r": 0.21672606917775364,
  "K3p": 0.10941250789875345,
  "V4f": 0.2846118646777784,
  "K4s": 0.096188591574071,
  "V4r": 0.08659068701115138,
  "K4p": 0.09526658125794356,
  "V5f": 0.2248335073734267,
  "K5s": 0.0905250211142557,
  "V5r": 0.06783108383377973,
  "K5p": 0.07046429230217567,
  "k_drain": 0.09428293149048393
}