{
  "k1": 1.400481072716954e-05,
  "Ki": 5.797130502808558,
  "V2f": 0.8758860017404945,
  "K2s": 0.15880019114487895,
  "V2r": 0.2241625045801008,
  "K2p": 0.14319613626589922,
  "V3f": 0.34165364477792937,
  "K3s": 0.03349131978683362,
  "V3r": 0.3148021197010051,
  "K3p": 0.11476338271355431,
  "V4f": 0.3880876891237112,
  "K4s": 0.10100823255691803,
  "V4r": 0.07224747389378684,
  "K4p": 0.1049893792834407,
  "V5f": 0.19797144485159868,
  "K5s": 0.080247036899893,
  "V5r": 0.050135633797215536,
  "K5p": 0.0600532382768702,
  "k_drain": 0.04506432427507492
}