{
  "k1": 9.161554114709539e-15,
  "Ki": 1.6894335026503588e-08,
  "V2f": 1.8502387760732242e-07,
  "K2s": 8.73946786149067e-08,
  "V2r": 3.867454831210962e-09,
  "K2p": 5.149059440510287e-05,
  "V3f": 3.754334312552074e-05,
  "K3s": 5.772364499151128e-07,
  "V3r": 1.0924233033401988e-07,
  "K3p": 1.570020913252549e-07,
  "V4f": 0.00018983786366062898,
  "K4s": 7.212743992512717e-06,
  "V4r": 7.336387104637285e-06,
  "K4p": 1.8535523735076227e-05,
  "V5f": 8.465794873660203e-05,
  "K5s": 7.281963592325167e-09,
  "V5r": 6.239654615548499e-11,
  "K5p": 1.0205787381033459e-08,
  "k_drain": 1.418790649441057e-08
}