{
  "k1": 1.0762291091264257e-05,
  "Ki": 4.299757835778606,
  "V2f": 0.6753583523998358,
  "K2s": 0.12404465047561486,
  "V2r": 0.22461921396247123,
  "K2p": 0.11043477463587632,
  "V3f": 0.2714236309327794,
  "K3s": 0.09290794947277788,
  "V3r": 0.19142361195254903,
  "K3p": 0.12401245560544669,
  "V4f": 0.37598993530168556,
  "K4s": 0.07889592590517519,
  "V4r": 0.06950266970935257,
  "K4p": 0.10679930951118617,
  "V5f": 0.24267204259901415,
  "K5s": 0.09953172444499037,
  "V5r": 0.06737853542815976,
  "K5p": 0.07732928932048717,
  "k_drain": 0.06958847357459956
}