{
  "k1": 1.388572994614316e-05,
  "Ki": 6.004179582041298,
  "V2f": 0.8701639192098232,
  "K2s": 0.1721108892961614,
  "V2r": 0.24974854003836108,
  "K2p": 0.12728232161713332,
  "V3f": 0.33894286211093844,
  "K3s": 0.038328180225595185,
  "V3r": 0.29588208673735233,
  "K3p": 0.11661301941382365,
  "V4f": 0.40836302535395713,
  "K4s": 0.10241259952152616,
  "V4r": 0.06575927464641251,
  "K4p": 0.09135381307857375,
  "V5f": 0.18158544603867036,
  "K5s": 0.08476964734540293,
  "V5r": 0.05092389979675781,
  "K5p": 0.06182437927294231,
  "k_drain": 0.0494070604594244
}