{
  "k1": 1.0837540748585274e-05,
  "Ki": 4.944851191299904,
  "V2f": 1.0436640246592355,
  "K2s": 0.14365210953843266,
  "V2r": 0.27622471757971756,
  "K2p": 0.13625465720951158,
  "V3f": 0.3039036188106647,
  "K3s": 0.0609005119552005,
  "V3r": 0.2212987969634747,
  "K3p": 0.0854423647825888,
  "V4f": 0.43523547707508703,
  "K4s": 0.08400337479541603,
  "V4r": 0.08217801751811302,
  "K4p": 0.10772368791314939,
  "V5f": 0.21177255431490088,
  "K5s": 0.09436375710342215,
  "V5r": 0.054704270177197825,
  "K5p": 0.0677003148626942,
  "k_drain": 0.05259077133984809
}