{
  "k1": 1.0103130218136166e-05,
  "Ki": 5.128972811575172,
  "V2f": 0.4992822580498043,
  "K2s": 0.09973778250208915,
  "V2r": 0.30366712353190917,
  "K2p": 0.09925068613695691,
  "V3f": 0.3694172245948743,
  "K3s": 0.09795546343336198,
  "V3r": 0.19381043284841123,
  "K3p": 0.09824690134079926,
  "V4f": 0.2982836617779283,
  "K4s": 0.09201148400367001,
  "V4r": 0.10238638479007096,
  "K4p": 0.10069364199438881,
  "V5f": 0.20374626908109691,
  "K5s": 0.09896943380018831,
  "V5r": 0.09057576498205941,
  "K5p": 0.10291775092143739,
  "k_drain": 0.10017464644535469
}