{
  "k1": 2.391808990552365e-05,
  "Ki": 0.7282023092023073,
  "V2f": 0.020952435392287676,
  "K2s": 0.025567854260099332,
  "V2r": 0.005684803378404289,
  "K2p": 0.05005738685210283,
  "V3f": 0.049312970401801666,
  "K3s": 0.7269156610292965,
  "V3r": 0.012805222316236133,
  "K3p": 0.09801144827348597,
  "V4f": 0.5249730930462421,
  "K4s": 0.0015339295091531464,
  "V4r": 0.007321525729063294,
  "K4p": 0.06716925595460901,
  "V5f": 0.783951947131485,
  "K5s": 0.07169323078369048,
  "V5r": 0.044982093161987,
  "K5p": 0.11211781154862825,
  "k_drain": 0.26418828902953795
}