{
  "k1": 1.364329298127442e-05,
  "Ki": 4.354084220573411,
  "V2f": 0.9334192102514469,
  "K2s": 0.13721884313633595,
  "V2r": 0.2562672381580379,
  "K2p": 0.101620109142418,
  "V3f": 0.32474329626645454,
  "K3s": 0.07708253060823847,
  "V3r": 0.23330155214361975,
  "K3p": 0.084111276273393,
  "V4f": 0.45357951444977196,
  "K4s": 0.07454872395413736,
  "V4r": 0.08442411498618063,
  "K4p": 0.1022221033510162,
  "V5f": 0.22931084827503076,
  "K5s": 0.09922550940715011,
  "V5r": 0.05703572973063931,
  "K5p": 0.06266576964600634,
  "k_drain": 0.059159524909875826
}