{
  "k1": 1.382592999791048e-05,
  "Ki": 4.583664763441562,
  "V2f": 0.7452156439554828,
  "K2s": 0.1453249865286687,
  "V2r": 0.25047819417556527,
  "K2p": 0.1140377157116522,
  "V3f": 0.2936465271777347,
  "K3s": 0.0745237465796625,
  "V3r": 0.21464612984311796,
  "K3p": 0.10276896708351217,
  "V4f": 0.4311757951985693,
  "K4s": 0.07554399110902801,
  "V4r": 0.07970791314661015,
  "K4p": 0.10166758197774817,
  "V5f": 0.2534099578845769,
  "K5s": 0.10153434263973483,
  "V5r": 0.059342120779042946,
  "K5p": 0.0759314721087697,
  "k_drain": 0.06555768775450563
}