{
  "k1": 1.3555867063781865e-05,
  "Ki": 4.656718557441466,
  "V2f": 0.7269454753405038,
  "K2s": 0.1347349961066551,
  "V2r": 0.2539846613902518,
  "K2p": 0.10328178228406394,
  "V3f": 0.3082614539468203,
  "K3s": 0.09332223598882335,
  "V3r": 0.19398431274539307,
  "K3p": 0.11040466396470425,
  "V4f": 0.36030733764748574,
  "K4s": 0.06953055089788597,
  "V4r": 0.05608138377107366,
  "K4p": 0.09318526153308956,
  "V5f": 0.2021387094672268,
  "K5s": 0.09238657066548422,
  "V5r": 0.06007068943141272,
  "K5p": 0.08409796480463007,
  "k_drain": 0.07040257818743997
}