{
  "k1": 2.335385861714695e-14,
  "Ki": 1.6782533466166974e-07,
  "V2f": 2.3851148691293105e-06,
  "K2s": 8.496598165652947e-08,
  "V2r": 1.318210792292312e-08,
  "K2p": 3.447322425780488e-05,
  "V3f": 0.0001595433082411961,
  "K3s": 3.468655287139714e-07,
  "V3r": 1.6500181305540042e-06,
  "K3p": 9.460026598347764e-07,
  "V4f": 0.0005825064470142957,
  "K4s": 2.277857601087168e-06,
  "V4r": 3.6084493161925045e-06,
  "K4p": 6.100641565111124e-06,
  "V5f": 0.0007542886303905037,
  "K5s": 1.2801603774595812e-07,
  "V5r": 2.1956064616768066e-10,
  "K5p": 1.0850318357851447e-07,
  "k_drain": 1.989646431664074e-08
}