{
  "k1": 1.3863197778283623e-05,
  "Ki": 5.709185022769478,
  "V2f": 0.8320778542772975,
  "K2s": 0.16498533015848568,
  "V2r": 0.2789569689030153,
  "K2p": 0.14963962693449007,
  "V3f": 0.33059431294622044,
  "K3s": 0.04141586952509466,
  "V3r": 0.25175750483791043,
  "K3p": 0.09141763446870264,
  "V4f": 0.42643726887588296,
  "K4s": 0.09144214403924572,
  "V4r": 0.07490270984673206,
  "K4p": 0.08880824258644134,
  "V5f": 0.2551542272171694,
  "K5s": 0.07868547458129052,
  "V5r": 0.047785985960479636,
  "K5p": 0.07090911782129339,
  "k_drain": 0.049268935066444676
}