{
  "k1": 1.4620634962923734e-05,
  "Ki": 5.658131949788177,
  "V2f": 0.8549605442825069,
  "K2s": 0.164279081912067,
  "V2r": 0.2620056452819208,
  "K2p": 0.1341502407280286,
  "V3f": 0.36196230230696674,
  "K3s": 0.03870000395364277,
  "V3r": 0.2807960051369317,
  "K3p": 0.11497183809827116,
  "V4f": 0.41150806533599804,
  "K4s": 0.11241373430876056,
  "V4r": 0.06316550998753113,
  "K4p": 0.09647107457853023,
  "V5f": 0.20437237741765926,
  "K5s": 0.07968542577515543,
  "V5r": 0.04800591668978432,
  "K5p": 0.06924431821591027,
  "k_drain": 0.04940890191441399
}