{
  "k1": 6.782826610485719e-06,
  "Ki": 0.0006615712712669633,
  "V2f": 0.00036250625761796994,
  "K2s": 0.0002529863672234662,
  "V2r": 1.6415623200525884e-05,
  "K2p": 0.02379607905093025,
  "V3f": 0.007149394474024404,
  "K3s": 0.001991768508661566,
  "V3r": 6.324457323195114e-05,
  "K3p": 0.020786699604252078,
  "V4f": 0.08403215470701891,
  "K4s": 0.0011957198642386945,
  "V4r": 0.0004078057592838218,
  "K4p": 0.09016591493435859,
  "V5f": 0.006936505964979609,
  "K5s": 0.003806400064382585,
  "V5r": 0.0021171103672977766,
  "K5p": 0.35430276508723313,
  "k_drain": 0.002555499612986534
}