{
  "k1": 1.2471246685644664e-05,
  "Ki": 4.632068132537454,
  "V2f": 0.4874118455261325,
  "K2s": 0.11294613553116754,
  "V2r": 0.29398183107639847,
  "K2p": 0.10439854787167707,
  "V3f": 0.3074134137096655,
  "K3s": 0.10655734962553286,
  "V3r": 0.19617766113250898,
  "K3p": 0.10044607007237644,
  "V4f": 0.281133150230839,
  "K4s": 0.1111194000776469,
  "V4r": 0.10518797877721993,
  "K4p": 0.08702233522320714,
  "V5f": 0.21518959902721294,
  "K5s": 0.0891723650518273,
  "V5r": 0.07651892773442069,
  "K5p": 0.08618460609698217,
  "k_drain": 0.09835869420834534
}