{
  "k1": 1.303096211171985e-05,
  "Ki": 4.2660666954284405,
  "V2f": 1.0482062431634747,
  "K2s": 0.13707718138104963,
  "V2r": 0.2607149547699168,
  "K2p": 0.10368226942959531,
  "V3f": 0.33389178432611827,
  "K3s": 0.07195883455404034,
  "V3r": 0.23623769930467134,
  "K3p": 0.07439631903460624,
  "V4f": 0.4739461089037153,
  "K4s": 0.07034682951944318,
  "V4r": 0.08258140937797263,
  "K4p": 0.10923610862853533,
  "V5f": 0.22858310094119247,
  "K5s": 0.09381026594753486,
  "V5r": 0.055381485986879704,
  "K5p": 0.06287695354260636,
  "k_drain": 0.058976422641466
}