{
  "k1": 1.3488162687646842e-05,
  "Ki": 4.637189564356562,
  "V2f": 0.7364194091544485,
  "K2s": 0.13629135908565393,
  "V2r": 0.26124215238850107,
  "K2p": 0.10367790634960869,
  "V3f": 0.30587421937252607,
  "K3s": 0.0931265221152942,
  "V3r": 0.19206014486116785,
  "K3p": 0.11220061281441604,
  "V4f": 0.3608139071271525,
  "K4s": 0.06939588740906785,
  "V4r": 0.054815766160321855,
  "K4p": 0.09336835842707573,
  "V5f": 0.2082159306318158,
  "K5s": 0.09666151491983449,
  "V5r": 0.0606950928210069,
  "K5p": 0.08148408021109131,
  "k_drain": 0.07011686771161967
}