{
  "k1": 1.8148571917264156e-14,
  "Ki": 8.508091438703409e-08,
  "V2f": 1.5489008196768983e-06,
  "K2s": 7.563626407898776e-08,
  "V2r": 1.5089084514305317e-08,
  "K2p": 2.6170532432317207e-05,
  "V3f": 0.00013263335023773885,
  "K3s": 3.3371008179467346e-07,
  "V3r": 1.3022101725728677e-06,
  "K3p": 1.1413349534551701e-06,
  "V4f": 0.0008260740757623537,
  "K4s": 1.4726487874164138e-06,
  "V4r": 3.138904189567782e-06,
  "K4p": 3.344003150600059e-06,
  "V5f": 0.0004945403277905292,
  "K5s": 6.426100531527588e-08,
  "V5r": 2.535333234168933e-10,
  "K5p": 5.714299819423264e-08,
  "k_drain": 2.7293559852938866e-08
}