{
  "k1": 1.2058832234098988e-05,
  "Ki": 4.625148506096982,
  "V2f": 0.7044640997218116,
  "K2s": 0.12272838043176872,
  "V2r": 0.22909711326523305,
  "K2p": 0.10257970557139388,
  "V3f": 0.3339438781876627,
  "K3s": 0.09932862689855744,
  "V3r": 0.20634015343944623,
  "K3p": 0.11232867553607827,
  "V4f": 0.3415586847279821,
  "K4s": 0.06286017386932873,
  "V4r": 0.05592204298661313,
  "K4p": 0.08317761106480284,
  "V5f": 0.1967480072701022,
  "K5s": 0.08594034011815344,
  "V5r": 0.06253702858768656,
  "K5p": 0.07860719123359632,
  "k_drain": 0.07821029025985504
}