{
  "k1": 5.0836996078222904e-14,
  "Ki": 2.2491215418385993e-07,
  "V2f": 1.8355353199334593e-06,
  "K2s": 6.295091180908533e-08,
  "V2r": 3.4994018777343385e-09,
  "K2p": 4.024392788313413e-05,
  "V3f": 0.0001387098654428652,
  "K3s": 3.7125399035964454e-07,
  "V3r": 2.250970521667446e-06,
  "K3p": 2.672104189603004e-06,
  "V4f": 0.00045334101037180726,
  "K4s": 7.466130238479975e-07,
  "V4r": 1.7381312144244515e-06,
  "K4p": 6.683463036590549e-06,
  "V5f": 0.001943877753968952,
  "K5s": 1.4723731474713508e-07,
  "V5r": 4.6361961215623747e-10,
  "K5p": 1.1471796049760892e-07,
  "k_drain": 3.304599963548439e-08
}