{
  "k1": 1.3896708213433972e-05,
  "Ki": 5.66029344002061,
  "V2f": 0.8995687725997875,
  "K2s": 0.15478200550447957,
  "V2r": 0.2245123502590908,
  "K2p": 0.13906197277745475,
  "V3f": 0.3469264841687889,
  "K3s": 0.03397663439795806,
  "V3r": 0.3089283225032182,
  "K3p": 0.11363419929142977,
  "V4f": 0.3895969382833547,
  "K4s": 0.10132341482669673,
  "V4r": 0.07264671751067163,
  "K4p": 0.10787269138624575,
  "V5f": 0.1980546391082977,
  "K5s": 0.07883623614564605,
  "V5r": 0.050467248804561736,
  "K5p": 0.05983677361751711,
  "k_drain": 0.04641723258735033
}