{
  "k1": 4.133585162582905e-09,
  "Ki": 2.9538371154032126e-07,
  "V2f": 2.8240205717292716e-05,
  "K2s": 1.1602077372234252e-05,
  "V2r": 1.5742439145348707e-08,
  "K2p": 1.6842217275610003e-06,
  "V3f": 0.0005835478058267314,
  "K3s": 1.0816954642262745e-06,
  "V3r": 8.74578922666635e-06,
  "K3p": 5.731370281874821e-05,
  "V4f": 0.0015428481904986818,
  "K4s": 1.2186170251828663e-05,
  "V4r": 2.5888515709883885e-06,
  "K4p": 7.968779390904793e-05,
  "V5f": 0.0003241858087052829,
  "K5s": 2.4220428012393927e-06,
  "V5r": 1.3104944872428396e-07,
  "K5p": 1.040014117478491e-05,
  "k_drain": 4.081285511723695e-07
}