{
  "k1": 1.134778514181305e-05,
  "Ki": 5.067526533867243,
  "V2f": 0.698536848376831,
  "K2s": 0.11279856078985329,
  "V2r": 0.24795505801362558,
  "K2p": 0.09777740440924632,
  "V3f": 0.33847648944568204,
  "K3s": 0.09444097969740689,
  "V3r": 0.20985438586240868,
  "K3p": 0.10964741733577812,
  "V4f": 0.31998254119745156,
  "K4s": 0.06543008154150387,
  "V4r": 0.06680699556585439,
  "K4p": 0.08504383135696274,
  "V5f": 0.20815790109025634,
  "K5s": 0.0812720888273355,
  "V5r": 0.07902693481264947,
  "K5p": 0.0749567478370018,
  "k_drain": 0.09888200503612479
}