{
  "k1": 1.0634269487349625e-05,
  "Ki": 5.351732050103921,
  "V2f": 1.0811002383066999,
  "K2s": 0.14968303626326598,
  "V2r": 0.31765313075529683,
  "K2p": 0.1372919605561928,
  "V3f": 0.3263361987758222,
  "K3s": 0.05615932346754489,
  "V3r": 0.24301832568478526,
  "K3p": 0.07603763274058442,
  "V4f": 0.44213630689659517,
  "K4s": 0.08468564400563995,
  "V4r": 0.07273688041835916,
  "K4p": 0.09107948336338506,
  "V5f": 0.2383812784791218,
  "K5s": 0.08892460492199854,
  "V5r": 0.04930013606854796,
  "K5p": 0.06898036234985909,
  "k_drain": 0.05075023687952152
}