{
  "k1": 1.41589019331791e-05,
  "Ki": 5.9373336773099155,
  "V2f": 0.8392828240579063,
  "K2s": 0.16136025083046254,
  "V2r": 0.2817145555630678,
  "K2p": 0.15394519369391388,
  "V3f": 0.3323008239192533,
  "K3s": 0.03990905142742947,
  "V3r": 0.27021961794678917,
  "K3p": 0.10584643071557868,
  "V4f": 0.40770109099346485,
  "K4s": 0.09762870192356582,
  "V4r": 0.07017862411855522,
  "K4p": 0.0971034111623265,
  "V5f": 0.23942230512794643,
  "K5s": 0.07840060688052898,
  "V5r": 0.04608314659499542,
  "K5p": 0.07056463545997758,
  "k_drain": 0.05355842434229921
}