{
  "k1": 1.076277732180358e-10,
  "Ki": 1.48720950620397e-07,
  "V2f": 1.6746222903581025e-05,
  "K2s": 7.682194215954497e-07,
  "V2r": 3.875791031575844e-09,
  "K2p": 1.4764871708765231e-05,
  "V3f": 0.00062557107269751,
  "K3s": 1.6843798615656158e-06,
  "V3r": 1.8392230494906476e-06,
  "K3p": 4.688195386893901e-05,
  "V4f": 0.0024202716248575883,
  "K4s": 1.1993618525790124e-05,
  "V4r": 2.696806270177838e-06,
  "K4p": 0.00022297599680894182,
  "V5f": 0.0008549125285298109,
  "K5s": 1.0062066308955615e-06,
  "V5r": 2.5091333568242286e-08,
  "K5p": 1.3576672655555957e-06,
  "k_drain": 4.5489745450433994e-07
}