{
  "k1": 1.1322398062072024e-05,
  "Ki": 5.5577714015866455,
  "V2f": 0.777894799092581,
  "K2s": 0.1265068886798346,
  "V2r": 0.2419344948243566,
  "K2p": 0.09563744144173668,
  "V3f": 0.3501920795719691,
  "K3s": 0.09809677974493995,
  "V3r": 0.20952848132238958,
  "K3p": 0.10907540181539631,
  "V4f": 0.30383958547467194,
  "K4s": 0.0681456005319441,
  "V4r": 0.06382861251827111,
  "K4p": 0.09241917019161991,
  "V5f": 0.20744905495817198,
  "K5s": 0.07969437930360461,
  "V5r": 0.07206906938153936,
  "K5p": 0.07196610777302195,
  "k_drain": 0.08812697158288674
}