{
  "k1": 1.1121417947832445e-06,
  "Ki": 0.0010448776596854506,
  "V2f": 0.00010444232411483903,
  "K2s": 0.00018986279588883293,
  "V2r": 9.005172667896463e-06,
  "K2p": 0.01553556051035064,
  "V3f": 0.002669419648253372,
  "K3s": 0.003691918086959126,
  "V3r": 1.2154375442502034e-05,
  "K3p": 0.003348896726953308,
  "V4f": 0.029051422989622554,
  "K4s": 0.0018936021778699394,
  "V4r": 0.0002816450374975569,
  "K4p": 0.0647984895206584,
  "V5f": 0.0029022120885600776,
  "K5s": 0.004643333581618388,
  "V5r": 0.0005038657139622871,
  "K5p": 0.22124029341029428,
  "k_drain": 0.0016619158174935977
}