{
  "k1": 1.2979810666821561e-05,
  "Ki": 3.979652559912167,
  "V2f": 0.49505333886774544,
  "K2s": 0.10631968014775191,
  "V2r": 0.3120902804105968,
  "K2p": 0.11003826439259075,
  "V3f": 0.2965179222379854,
  "K3s": 0.11710497376469656,
  "V3r": 0.2152712048899654,
  "K3p": 0.09941918989869601,
  "V4f": 0.29238269129081473,
  "K4s": 0.11264052428924413,
  "V4r": 0.09950611099975369,
  "K4p": 0.0862200828300448,
  "V5f": 0.21328617102136016,
  "K5s": 0.08949501525092703,
  "V5r": 0.07851050945144634,
  "K5p": 0.08506239334457202,
  "k_drain": 0.09982369623817129
}