{
  "k1": 1.3280194022596151e-05,
  "Ki": 4.670810324870701,
  "V2f": 0.7185241947652273,
  "K2s": 0.15146736993720694,
  "V2r": 0.23192406080863054,
  "K2p": 0.10613888141142988,
  "V3f": 0.29370783672911377,
  "K3s": 0.07783682114898176,
  "V3r": 0.2207043890744195,
  "K3p": 0.09839446202378713,
  "V4f": 0.45863745433543257,
  "K4s": 0.08544439271740067,
  "V4r": 0.07907063176836748,
  "K4p": 0.10490085138505083,
  "V5f": 0.24103882637558097,
  "K5s": 0.09822007813440227,
  "V5r": 0.057025860985610174,
  "K5p": 0.07389655951214963,
  "k_drain": 0.06710477309695156
}