{
  "k1": 1.2964713161030642e-05,
  "Ki": 4.0893546379728285,
  "V2f": 0.4566299734588507,
  "K2s": 0.11607133705563522,
  "V2r": 0.3122676742494277,
  "K2p": 0.10631221222637229,
  "V3f": 0.32335404030192105,
  "K3s": 0.11755992575229232,
  "V3r": 0.24358658365948987,
  "K3p": 0.1174560439851653,
  "V4f": 0.2729925666502482,
  "K4s": 0.10399167833054944,
  "V4r": 0.07722699848333801,
  "K4p": 0.09479757665512117,
  "V5f": 0.23125177676430084,
  "K5s": 0.0934766412474953,
  "V5r": 0.07140127214637676,
  "K5p": 0.062231006448869156,
  "k_drain": 0.10053589388858213
}