{
  "k1": 1.0167431074720035e-07,
  "Ki": 3.104445892745103e-05,
  "V2f": 5.367550008347925e-05,
  "K2s": 7.096040818120463e-06,
  "V2r": 5.340939691143598e-06,
  "K2p": 0.0007564208950201982,
  "V3f": 0.006884146861115228,
  "K3s": 0.0003257250473487869,
  "V3r": 3.064580971198804e-05,
  "K3p": 0.0007375120984817492,
  "V4f": 0.022976586601157346,
  "K4s": 0.0003696667673068264,
  "V4r": 1.685039032922259e-05,
  "K4p": 0.001562210272784523,
  "V5f": 0.001699983773634322,
  "K5s": 0.00531630988611367,
  "V5r": 5.123286743661943e-05,
  "K5p": 0.011059109024854527,
  "k_drain": 0.00033071811258460855
}