{
  "k1": 1.3801310646739498e-05,
  "Ki": 5.899376015698477,
  "V2f": 0.8715758963874339,
  "K2s": 0.17856572660887438,
  "V2r": 0.24436109826114744,
  "K2p": 0.12889448095696426,
  "V3f": 0.35218523319245854,
  "K3s": 0.03734336314088112,
  "V3r": 0.29430190185252847,
  "K3p": 0.11130587777555934,
  "V4f": 0.37744474964403757,
  "K4s": 0.1051616120097095,
  "V4r": 0.06810889723046215,
  "K4p": 0.09487019075415096,
  "V5f": 0.1901822386716957,
  "K5s": 0.08226472132348926,
  "V5r": 0.050290109186833465,
  "K5p": 0.059567694097895994,
  "k_drain": 0.0509260445002649
}