{
  "k1": 1.326292598162485e-05,
  "Ki": 4.294801662397536,
  "V2f": 1.0368137294603932,
  "K2s": 0.13770824317050448,
  "V2r": 0.25924901672464506,
  "K2p": 0.1007959420648021,
  "V3f": 0.3272321095084502,
  "K3s": 0.07241800191916514,
  "V3r": 0.24155572297296599,
  "K3p": 0.07507507107894067,
  "V4f": 0.46610404714777676,
  "K4s": 0.07128006008743601,
  "V4r": 0.08242976679636832,
  "K4p": 0.10544176489390679,
  "V5f": 0.2310387761965978,
  "K5s": 0.09779932514444174,
  "V5r": 0.05621686921190811,
  "K5p": 0.06400175476230767,
  "k_drain": 0.059835909163951186
}