{
  "k1": 1.2975073631200612e-05,
  "Ki": 4.849090722659525,
  "V2f": 0.8301833172994854,
  "K2s": 0.14512303426075104,
  "V2r": 0.24376492568008862,
  "K2p": 0.10561013794696031,
  "V3f": 0.27887004464225196,
  "K3s": 0.08203683597281092,
  "V3r": 0.21545256428416462,
  "K3p": 0.0994154921845923,
  "V4f": 0.5074973776961637,
  "K4s": 0.07720849162394494,
  "V4r": 0.08175595861958333,
  "K4p": 0.10188387426582002,
  "V5f": 0.22657864756036405,
  "K5s": 0.09700522426094282,
  "V5r": 0.06019540698011706,
  "K5p": 0.07354979250943859,
  "k_drain": 0.06546978103488198
}