{
  "k1": 1.2817466699481926e-05,
  "Ki": 4.383063040843629,
  "V2f": 1.0870160846397896,
  "K2s": 0.1391138734259564,
  "V2r": 0.26938571633584973,
  "K2p": 0.11195677029151946,
  "V3f": 0.3177952001965166,
  "K3s": 0.06267753502474878,
  "V3r": 0.23648220362386238,
  "K3p": 0.08146340464868862,
  "V4f": 0.4519214152280871,
  "K4s": 0.07661843772874191,
  "V4r": 0.08703550157992032,
  "K4p": 0.10913869502731278,
  "V5f": 0.23188637046373012,
  "K5s": 0.09458835801237525,
  "V5r": 0.04587357696336228,
  "K5p": 0.06389215327405294,
  "k_drain": 0.05237909980475786
}