{
  "k1": 1.5257035709529104e-10,
  "Ki": 2.1337013729282229e-07,
  "V2f": 1.0522503689877325e-05,
  "K2s": 1.91217406728605e-06,
  "V2r": 1.3315662154879961e-08,
  "K2p": 7.791556832705691e-06,
  "V3f": 0.0005967690226641208,
  "K3s": 1.8246397972051892e-06,
  "V3r": 6.539028351761877e-06,
  "K3p": 8.923356573935612e-05,
  "V4f": 0.001084520994233948,
  "K4s": 1.0215375109821464e-05,
  "V4r": 4.5518741582399755e-06,
  "K4p": 0.00011701366355192078,
  "V5f": 0.0006896856419605917,
  "K5s": 1.0835795449000295e-06,
  "V5r": 1.477708567437008e-08,
  "K5p": 1.1954739862281885e-06,
  "k_drain": 8.744315450008239e-07
}