{
  "k1": 1.1575492771027105e-05,
  "Ki": 5.517909109282975,
  "V2f": 0.7405299039303318,
  "K2s": 0.11758403280084882,
  "V2r": 0.21477781594253031,
  "K2p": 0.10026162065233495,
  "V3f": 0.3436029850728228,
  "K3s": 0.10054586558413629,
  "V3r": 0.21516056299371927,
  "K3p": 0.11246874617593071,
  "V4f": 0.29977024667460883,
  "K4s": 0.06766300905627975,
  "V4r": 0.06605306838211249,
  "K4p": 0.08789887343819278,
  "V5f": 0.19831901628806275,
  "K5s": 0.08354048100035784,
  "V5r": 0.07354431480685665,
  "K5p": 0.07091123867318642,
  "k_drain": 0.09004729099535257
}