{
  "k1": 1.4304842247417594e-05,
  "Ki": 5.990635289965407,
  "V2f": 0.8754082048884692,
  "K2s": 0.1603711018151368,
  "V2r": 0.27660918775348686,
  "K2p": 0.1544473566834158,
  "V3f": 0.3348595404437121,
  "K3s": 0.04038819410366483,
  "V3r": 0.2680949981957328,
  "K3p": 0.10526401677747754,
  "V4f": 0.3928253007953923,
  "K4s": 0.09971223692413587,
  "V4r": 0.06878618191238138,
  "K4p": 0.09837620547699673,
  "V5f": 0.23860699891579004,
  "K5s": 0.07941460308165418,
  "V5r": 0.04628316974410224,
  "K5p": 0.07082905649689973,
  "k_drain": 0.052588022882418616
}