{
  "k1": 1.3663245890371281e-05,
  "Ki": 4.59288536191433,
  "V2f": 0.7444917830842641,
  "K2s": 0.1446492939361303,
  "V2r": 0.2393562436676135,
  "K2p": 0.1060823683345906,
  "V3f": 0.29357408450043837,
  "K3s": 0.07598823343549549,
  "V3r": 0.208621838371282,
  "K3p": 0.10205398968386026,
  "V4f": 0.44668096288450865,
  "K4s": 0.08259513222181303,
  "V4r": 0.08027116405961182,
  "K4p": 0.10126585692805239,
  "V5f": 0.23727340172004358,
  "K5s": 0.09979308510976695,
  "V5r": 0.057935612621186974,
  "K5p": 0.07075267166903727,
  "k_drain": 0.06541301164278879
}