{
  "k1": 1.180219286148447e-05,
  "Ki": 4.738165760384911,
  "V2f": 0.5540377242548065,
  "K2s": 0.10083919079466641,
  "V2r": 0.32826692124679374,
  "K2p": 0.09978730082204343,
  "V3f": 0.2898215882095751,
  "K3s": 0.11441048699029517,
  "V3r": 0.1791570167515098,
  "K3p": 0.08469847984618378,
  "V4f": 0.28680359866110766,
  "K4s": 0.1054851643074036,
  "V4r": 0.11254045263420881,
  "K4p": 0.08697160954784416,
  "V5f": 0.20975757115136828,
  "K5s": 0.10213720450303243,
  "V5r": 0.09652804793740842,
  "K5p": 0.08928427790043406,
  "k_drain": 0.1025944236304899
}