{
  "k1": 1.183730490979662e-05,
  "Ki": 0.0008815943658814958,
  "V2f": 0.000314546548951496,
  "K2s": 0.001165833178846228,
  "V2r": 0.00016033732522201109,
  "K2p": 0.00952719538738177,
  "V3f": 0.016965851874719117,
  "K3s": 0.005637217989205721,
  "V3r": 0.0007966211734102531,
  "K3p": 0.017036556503047424,
  "V4f": 0.15104565635535466,
  "K4s": 0.0025067960960600114,
  "V4r": 0.000357833027259658,
  "K4p": 0.05179577905685766,
  "V5f": 0.0029717909896007835,
  "K5s": 0.0023849936735680075,
  "V5r": 0.003728670818265891,
  "K5p": 0.23860461880940792,
  "k_drain": 0.03246168356368691
}