{
  "k1": 1.4608313667065987e-10,
  "Ki": 8.56129906386492e-08,
  "V2f": 1.660630979830541e-05,
  "K2s": 2.044322521296554e-06,
  "V2r": 8.52005484160397e-09,
  "K2p": 1.71418519496453e-05,
  "V3f": 0.0006552596199109597,
  "K3s": 1.4870966771720282e-06,
  "V3r": 6.078737955048371e-06,
  "K3p": 8.632212561746988e-05,
  "V4f": 0.0018869283021606448,
  "K4s": 8.485964411408747e-06,
  "V4r": 2.9437939755819217e-06,
  "K4p": 0.0001688742824892667,
  "V5f": 0.0010697345050967575,
  "K5s": 7.592163691971179e-07,
  "V5r": 1.8425531507385426e-08,
  "K5p": 2.2424546939861695e-06,
  "k_drain": 9.572222497327714e-07
}