{
  "k1": 1.1193168232689784e-05,
  "Ki": 5.529066018672101,
  "V2f": 0.7602909228701121,
  "K2s": 0.12204371169236956,
  "V2r": 0.2194131208217549,
  "K2p": 0.09842989410928508,
  "V3f": 0.35687027965307505,
  "K3s": 0.09671131240838717,
  "V3r": 0.2094819280721246,
  "K3p": 0.1147953051964217,
  "V4f": 0.2948878747462931,
  "K4s": 0.06682381959543121,
  "V4r": 0.06481233819749598,
  "K4p": 0.08897998214883882,
  "V5f": 0.20320170562679993,
  "K5s": 0.08313089676159778,
  "V5r": 0.07503800719741838,
  "K5p": 0.07015164702539492,
  "k_drain": 0.08971545113418747
}