{
  "k1": 1.288929783511907e-05,
  "Ki": 5.027957213386248,
  "V2f": 0.5765660903558064,
  "K2s": 0.1224263219569042,
  "V2r": 0.28632933220998463,
  "K2p": 0.1127388252255144,
  "V3f": 0.30991520564978625,
  "K3s": 0.10169694285283601,
  "V3r": 0.22862595700487692,
  "K3p": 0.09858434585685726,
  "V4f": 0.30337314203874105,
  "K4s": 0.0761721395248612,
  "V4r": 0.07122040467343466,
  "K4p": 0.07394564839687015,
  "V5f": 0.21254363767669518,
  "K5s": 0.0843775703244493,
  "V5r": 0.07592929309855587,
  "K5p": 0.06584041310107122,
  "k_drain": 0.09176461237326317
}