{
  "k1": 3.198801178939687e-09,
  "Ki": 1.3477382397245617e-06,
  "V2f": 4.174923132925462e-05,
  "K2s": 4.215379318381713e-06,
  "V2r": 2.3798001281281976e-07,
  "K2p": 3.1010445245999045e-06,
  "V3f": 0.0008879406319695114,
  "K3s": 1.9389688846279666e-05,
  "V3r": 4.188902597198894e-05,
  "K3p": 5.061403281588152e-05,
  "V4f": 0.03784480616997231,
  "K4s": 8.736354824977491e-05,
  "V4r": 2.0825818475657585e-05,
  "K4p": 0.0007024211831137925,
  "V5f": 0.0008901470603590473,
  "K5s": 0.00018766603875114448,
  "V5r": 1.62962230581519e-07,
  "K5p": 5.408774809567215e-05,
  "k_drain": 6.830255855112801e-07
}