{
  "k1": 1.2494640227019678e-07,
  "Ki": 6.334732682196907e-05,
  "V2f": 8.712899523971608e-05,
  "K2s": 3.1156776797707834e-05,
  "V2r": 8.378353370512392e-06,
  "K2p": 0.0048845437777015905,
  "V3f": 0.013239667888450593,
  "K3s": 0.00025946721665287244,
  "V3r": 3.467615378166001e-05,
  "K3p": 0.0019665476934115494,
  "V4f": 0.06065125691226547,
  "K4s": 0.0003075154377327541,
  "V4r": 4.145753425501636e-05,
  "K4p": 0.004331037378527655,
  "V5f": 0.0021908434865105498,
  "K5s": 0.0019123624944864305,
  "V5r": 0.0005750058469954758,
  "K5p": 0.00677841384110506,
  "k_drain": 0.0002218694996685219
}