{
  "k1": 1.2364150773268413e-05,
  "Ki": 4.160275531224583,
  "V2f": 0.5072042116648154,
  "K2s": 0.1080490625551674,
  "V2r": 0.32202872265593735,
  "K2p": 0.10116940084395341,
  "V3f": 0.3006025507709955,
  "K3s": 0.11991697953648893,
  "V3r": 0.22196746213726154,
  "K3p": 0.1099845189754012,
  "V4f": 0.27049379641453153,
  "K4s": 0.0976921785682093,
  "V4r": 0.07603398258193202,
  "K4p": 0.10032769822737707,
  "V5f": 0.22942254508983848,
  "K5s": 0.09762089206647241,
  "V5r": 0.07056456468058962,
  "K5p": 0.06527421025325642,
  "k_drain": 0.09961484551260387
}